Date,Product_ID,Product_Name,Category,Sales_Units,Stock_On_Hand,Unit_Price,Lead_Time_Days,Promotion_Active
2025-01-01,SKU-ELEC-101,Wireless Noise-Canceling Headphones,Electronics,49,69,149.99,10,0
2025-01-02,SKU-ELEC-101,Wireless Noise-Canceling Headphones,Electronics,44,32,149.99,10,0
2025-01-03,SKU-ELEC-101,Wireless Noise-Canceling Headphones,Electronics,51,0,149.99,10,0
2025-01-04,SKU-ELEC-101,Wireless Noise-Canceling Headphones,Electronics,78,0,149.99,10,0
2025-01-05,SKU-ELEC-101,Wireless Noise-Canceling Headphones,Electronics,65,0,149.99,10,0
2025-01-06,SKU-ELEC-101,Wireless Noise-Canceling Headphones,Electronics,44,0,149.99,10,0
2025-01-07,SKU-ELEC-101,Wireless Noise-Canceling Headphones,Electronics,59,0,149.99,10,0
2025-01-08,SKU-ELEC-101,Wireless Noise-Canceling Headphones,Electronics,53,0,149.99,10,0
2025-01-09,SKU-ELEC-101,Wireless Noise-Canceling Headphones,Electronics,43,0,149.99,10,0
2025-01-10,SKU-ELEC-101,Wireless Noise-Canceling Headphones,Electronics,51,0,149.99,10,0
2025-01-11,SKU-ELEC-101,Wireless Noise-Canceling Headphones,Electronics,64,0,149.99,10,0
2025-01-12,SKU-ELEC-101,Wireless Noise-Canceling Headphones,Electronics,65,0,149.99,10,0
2025-01-13,SKU-ELEC-101,Wireless Noise-Canceling Headphones,Electronics,49,0,149.99,10,0
2025-01-14,SKU-ELEC-101,Wireless Noise-Canceling Headphones,Electronics,32,0,149.99,10,0
2025-01-15,SKU-ELEC-101,Wireless Noise-Canceling Headphones,Electronics,51,555,131.99,10,1
2025-01-16,SKU-ELEC-101,Wireless Noise-Canceling Headphones,Electronics,60,504,131.99,10,1
2025-01-17,SKU-ELEC-101,Wireless Noise-Canceling Headphones,Electronics,57,456,131.99,10,1
2025-01-18,SKU-ELEC-101,Wireless Noise-Canceling Headphones,Electronics,97,374,131.99,10,1
2025-01-19,SKU-ELEC-101,Wireless Noise-Canceling Headphones,Electronics,63,321,149.99,10,0
2025-01-20,SKU-ELEC-101,Wireless Noise-Canceling Headphones,Electronics,37,290,149.99,10,0
2025-01-21,SKU-ELEC-101,Wireless Noise-Canceling Headphones,Electronics,60,239,149.99,10,0
2025-01-22,SKU-ELEC-101,Wireless Noise-Canceling Headphones,Electronics,47,200,149.99,10,0
2025-01-23,SKU-ELEC-101,Wireless Noise-Canceling Headphones,Electronics,50,158,149.99,10,0
2025-01-24,SKU-ELEC-101,Wireless Noise-Canceling Headphones,Electronics,38,126,149.99,10,0
2025-01-25,SKU-ELEC-101,Wireless Noise-Canceling Headphones,Electronics,67,70,149.99,10,0
2025-01-26,SKU-ELEC-101,Wireless Noise-Canceling Headphones,Electronics,73,8,149.99,10,0
2025-01-27,SKU-ELEC-101,Wireless Noise-Canceling Headphones,Electronics,41,0,149.99,10,0
2025-01-28,SKU-ELEC-101,Wireless Noise-Canceling Headphones,Electronics,53,0,149.99,10,0
2025-01-29,SKU-ELEC-101,Wireless Noise-Canceling Headphones,Electronics,45,560,149.99,10,0
2025-01-30,SKU-ELEC-101,Wireless Noise-Canceling Headphones,Electronics,48,520,149.99,10,0
2025-01-31,SKU-ELEC-101,Wireless Noise-Canceling Headphones,Electronics,46,481,149.99,10,0
2025-02-01,SKU-ELEC-101,Wireless Noise-Canceling Headphones,Electronics,88,407,149.99,10,0
2025-02-02,SKU-ELEC-101,Wireless Noise-Canceling Headphones,Electronics,73,345,149.99,10,0
2025-02-03,SKU-ELEC-101,Wireless Noise-Canceling Headphones,Electronics,42,310,149.99,10,0
2025-02-04,SKU-ELEC-101,Wireless Noise-Canceling Headphones,Electronics,58,261,149.99,10,0
2025-02-05,SKU-ELEC-101,Wireless Noise-Canceling Headphones,Electronics,41,227,149.99,10,0
2025-02-06,SKU-ELEC-101,Wireless Noise-Canceling Headphones,Electronics,53,182,149.99,10,0
2025-02-07,SKU-ELEC-101,Wireless Noise-Canceling Headphones,Electronics,36,152,149.99,10,0
2025-02-08,SKU-ELEC-101,Wireless Noise-Canceling Headphones,Electronics,64,98,149.99,10,0
2025-02-09,SKU-ELEC-101,Wireless Noise-Canceling Headphones,Electronics,77,33,149.99,10,0
2025-02-10,SKU-ELEC-101,Wireless Noise-Canceling Headphones,Electronics,58,0,149.99,10,0
2025-02-11,SKU-ELEC-101,Wireless Noise-Canceling Headphones,Electronics,54,0,149.99,10,0
2025-02-12,SKU-ELEC-101,Wireless Noise-Canceling Headphones,Electronics,51,555,149.99,10,0
2025-02-13,SKU-ELEC-101,Wireless Noise-Canceling Headphones,Electronics,50,513,149.99,10,0
2025-02-14,SKU-ELEC-101,Wireless Noise-Canceling Headphones,Electronics,41,479,149.99,10,0
2025-02-15,SKU-ELEC-101,Wireless Noise-Canceling Headphones,Electronics,71,419,149.99,10,0
2025-02-16,SKU-ELEC-101,Wireless Noise-Canceling Headphones,Electronics,73,357,149.99,10,0
2025-02-17,SKU-ELEC-101,Wireless Noise-Canceling Headphones,Electronics,62,305,149.99,10,0
2025-02-18,SKU-ELEC-101,Wireless Noise-Canceling Headphones,Electronics,56,258,149.99,10,0
2025-02-19,SKU-ELEC-101,Wireless Noise-Canceling Headphones,Electronics,39,225,149.99,10,0
2025-02-20,SKU-ELEC-101,Wireless Noise-Canceling Headphones,Electronics,56,178,149.99,10,0
2025-02-21,SKU-ELEC-101,Wireless Noise-Canceling Headphones,Electronics,51,135,149.99,10,0
2025-02-22,SKU-ELEC-101,Wireless Noise-Canceling Headphones,Electronics,73,73,149.99,10,0
2025-02-23,SKU-ELEC-101,Wireless Noise-Canceling Headphones,Electronics,83,3,149.99,10,0
2025-02-24,SKU-ELEC-101,Wireless Noise-Canceling Headphones,Electronics,62,0,149.99,10,0
2025-02-25,SKU-ELEC-101,Wireless Noise-Canceling Headphones,Electronics,62,0,149.99,10,0
2025-02-26,SKU-ELEC-101,Wireless Noise-Canceling Headphones,Electronics,48,558,149.99,10,0
2025-02-27,SKU-ELEC-101,Wireless Noise-Canceling Headphones,Electronics,52,514,149.99,10,0
2025-02-28,SKU-ELEC-101,Wireless Noise-Canceling Headphones,Electronics,57,466,149.99,10,0
2025-03-01,SKU-ELEC-101,Wireless Noise-Canceling Headphones,Electronics,87,393,149.99,10,0
2025-03-02,SKU-ELEC-101,Wireless Noise-Canceling Headphones,Electronics,76,329,149.99,10,0
2025-03-03,SKU-ELEC-101,Wireless Noise-Canceling Headphones,Electronics,53,284,149.99,10,0
2025-03-04,SKU-ELEC-101,Wireless Noise-Canceling Headphones,Electronics,65,229,131.99,10,1
2025-03-05,SKU-ELEC-101,Wireless Noise-Canceling Headphones,Electronics,65,174,131.99,10,1
2025-03-06,SKU-ELEC-101,Wireless Noise-Canceling Headphones,Electronics,81,106,131.99,10,1
2025-03-07,SKU-ELEC-101,Wireless Noise-Canceling Headphones,Electronics,86,33,131.99,10,1
2025-03-08,SKU-ELEC-101,Wireless Noise-Canceling Headphones,Electronics,80,0,149.99,10,0
2025-03-09,SKU-ELEC-101,Wireless Noise-Canceling Headphones,Electronics,89,0,149.99,10,0
2025-03-10,SKU-ELEC-101,Wireless Noise-Canceling Headphones,Electronics,59,0,149.99,10,0
2025-03-11,SKU-ELEC-101,Wireless Noise-Canceling Headphones,Electronics,51,0,149.99,10,0
2025-03-12,SKU-ELEC-101,Wireless Noise-Canceling Headphones,Electronics,59,548,149.99,10,0
2025-03-13,SKU-ELEC-101,Wireless Noise-Canceling Headphones,Electronics,68,491,149.99,10,0
2025-03-14,SKU-ELEC-101,Wireless Noise-Canceling Headphones,Electronics,56,444,149.99,10,0
2025-03-15,SKU-ELEC-101,Wireless Noise-Canceling Headphones,Electronics,94,365,149.99,10,0
2025-03-16,SKU-ELEC-101,Wireless Noise-Canceling Headphones,Electronics,61,314,149.99,10,0
2025-03-17,SKU-ELEC-101,Wireless Noise-Canceling Headphones,Electronics,63,261,149.99,10,0
2025-03-18,SKU-ELEC-101,Wireless Noise-Canceling Headphones,Electronics,57,213,149.99,10,0
2025-03-19,SKU-ELEC-101,Wireless Noise-Canceling Headphones,Electronics,54,168,149.99,10,0
2025-03-20,SKU-ELEC-101,Wireless Noise-Canceling Headphones,Electronics,57,120,149.99,10,0
2025-03-21,SKU-ELEC-101,Wireless Noise-Canceling Headphones,Electronics,41,86,149.99,10,0
2025-03-22,SKU-ELEC-101,Wireless Noise-Canceling Headphones,Electronics,81,18,149.99,10,0
2025-03-23,SKU-ELEC-101,Wireless Noise-Canceling Headphones,Electronics,85,0,149.99,10,0
2025-03-24,SKU-ELEC-101,Wireless Noise-Canceling Headphones,Electronics,69,0,149.99,10,0
2025-03-25,SKU-ELEC-101,Wireless Noise-Canceling Headphones,Electronics,53,0,149.99,10,0
2025-03-26,SKU-ELEC-101,Wireless Noise-Canceling Headphones,Electronics,51,555,149.99,10,0
2025-03-27,SKU-ELEC-101,Wireless Noise-Canceling Headphones,Electronics,53,510,149.99,10,0
2025-03-28,SKU-ELEC-101,Wireless Noise-Canceling Headphones,Electronics,64,456,149.99,10,0
2025-03-29,SKU-ELEC-101,Wireless Noise-Canceling Headphones,Electronics,86,383,149.99,10,0
2025-03-30,SKU-ELEC-101,Wireless Noise-Canceling Headphones,Electronics,79,316,149.99,10,0
2025-03-31,SKU-ELEC-101,Wireless Noise-Canceling Headphones,Electronics,61,265,149.99,10,0
2025-04-01,SKU-ELEC-101,Wireless Noise-Canceling Headphones,Electronics,58,216,149.99,10,0
2025-04-02,SKU-ELEC-101,Wireless Noise-Canceling Headphones,Electronics,65,161,149.99,10,0
2025-04-03,SKU-ELEC-101,Wireless Noise-Canceling Headphones,Electronics,52,117,149.99,10,0
2025-04-04,SKU-ELEC-101,Wireless Noise-Canceling Headphones,Electronics,55,71,149.99,10,0
2025-04-05,SKU-ELEC-101,Wireless Noise-Canceling Headphones,Electronics,80,3,149.99,10,0
2025-04-06,SKU-ELEC-101,Wireless Noise-Canceling Headphones,Electronics,72,0,149.99,10,0
2025-04-07,SKU-ELEC-101,Wireless Noise-Canceling Headphones,Electronics,60,0,149.99,10,0
2025-04-08,SKU-ELEC-101,Wireless Noise-Canceling Headphones,Electronics,60,0,149.99,10,0
2025-04-09,SKU-ELEC-101,Wireless Noise-Canceling Headphones,Electronics,58,549,149.99,10,0
2025-04-10,SKU-ELEC-101,Wireless Noise-Canceling Headphones,Electronics,56,502,149.99,10,0
2025-04-11,SKU-ELEC-101,Wireless Noise-Canceling Headphones,Electronics,46,463,149.99,10,0
2025-04-12,SKU-ELEC-101,Wireless Noise-Canceling Headphones,Electronics,80,395,149.99,10,0
2025-04-13,SKU-ELEC-101,Wireless Noise-Canceling Headphones,Electronics,81,327,149.99,10,0
2025-04-14,SKU-ELEC-101,Wireless Noise-Canceling Headphones,Electronics,51,284,149.99,10,0
2025-04-15,SKU-ELEC-101,Wireless Noise-Canceling Headphones,Electronics,56,237,149.99,10,0
2025-04-16,SKU-ELEC-101,Wireless Noise-Canceling Headphones,Electronics,61,186,149.99,10,0
2025-04-17,SKU-ELEC-101,Wireless Noise-Canceling Headphones,Electronics,73,124,149.99,10,0
2025-04-18,SKU-ELEC-101,Wireless Noise-Canceling Headphones,Electronics,59,74,149.99,10,0
2025-04-19,SKU-ELEC-101,Wireless Noise-Canceling Headphones,Electronics,86,1,149.99,10,0
2025-04-20,SKU-ELEC-101,Wireless Noise-Canceling Headphones,Electronics,83,0,149.99,10,0
2025-04-21,SKU-ELEC-101,Wireless Noise-Canceling Headphones,Electronics,63,0,131.99,10,1
2025-04-22,SKU-ELEC-101,Wireless Noise-Canceling Headphones,Electronics,78,0,131.99,10,1
2025-04-23,SKU-ELEC-101,Wireless Noise-Canceling Headphones,Electronics,78,532,131.99,10,1
2025-04-24,SKU-ELEC-101,Wireless Noise-Canceling Headphones,Electronics,98,449,131.99,10,1
2025-04-25,SKU-ELEC-101,Wireless Noise-Canceling Headphones,Electronics,56,402,149.99,10,0
2025-04-26,SKU-ELEC-101,Wireless Noise-Canceling Headphones,Electronics,86,329,149.99,10,0
2025-04-27,SKU-ELEC-101,Wireless Noise-Canceling Headphones,Electronics,83,259,149.99,10,0
2025-04-28,SKU-ELEC-101,Wireless Noise-Canceling Headphones,Electronics,48,219,149.99,10,0
2025-04-29,SKU-ELEC-101,Wireless Noise-Canceling Headphones,Electronics,67,163,149.99,10,0
2025-04-30,SKU-ELEC-101,Wireless Noise-Canceling Headphones,Electronics,64,109,149.99,10,0
2025-05-01,SKU-ELEC-101,Wireless Noise-Canceling Headphones,Electronics,64,55,149.99,10,0
2025-05-02,SKU-ELEC-101,Wireless Noise-Canceling Headphones,Electronics,50,13,149.99,10,0
2025-05-03,SKU-ELEC-101,Wireless Noise-Canceling Headphones,Electronics,95,0,149.99,10,0
2025-05-04,SKU-ELEC-101,Wireless Noise-Canceling Headphones,Electronics,72,0,149.99,10,0
2025-05-05,SKU-ELEC-101,Wireless Noise-Canceling Headphones,Electronics,62,0,149.99,10,0
2025-05-06,SKU-ELEC-101,Wireless Noise-Canceling Headphones,Electronics,75,0,149.99,10,0
2025-05-07,SKU-ELEC-101,Wireless Noise-Canceling Headphones,Electronics,49,557,149.99,10,0
2025-05-08,SKU-ELEC-101,Wireless Noise-Canceling Headphones,Electronics,53,512,149.99,10,0
2025-05-09,SKU-ELEC-101,Wireless Noise-Canceling Headphones,Electronics,58,463,149.99,10,0
2025-05-10,SKU-ELEC-101,Wireless Noise-Canceling Headphones,Electronics,79,396,149.99,10,0
2025-05-11,SKU-ELEC-101,Wireless Noise-Canceling Headphones,Electronics,71,336,149.99,10,0
2025-05-12,SKU-ELEC-101,Wireless Noise-Canceling Headphones,Electronics,58,287,149.99,10,0
2025-05-13,SKU-ELEC-101,Wireless Noise-Canceling Headphones,Electronics,49,246,149.99,10,0
2025-05-14,SKU-ELEC-101,Wireless Noise-Canceling Headphones,Electronics,61,195,149.99,10,0
2025-05-15,SKU-ELEC-101,Wireless Noise-Canceling Headphones,Electronics,50,153,149.99,10,0
2025-05-16,SKU-ELEC-101,Wireless Noise-Canceling Headphones,Electronics,69,95,149.99,10,0
2025-05-17,SKU-ELEC-101,Wireless Noise-Canceling Headphones,Electronics,76,31,149.99,10,0
2025-05-18,SKU-ELEC-101,Wireless Noise-Canceling Headphones,Electronics,80,0,149.99,10,0
2025-05-19,SKU-ELEC-101,Wireless Noise-Canceling Headphones,Electronics,63,0,149.99,10,0
2025-05-20,SKU-ELEC-101,Wireless Noise-Canceling Headphones,Electronics,47,0,149.99,10,0
2025-05-21,SKU-ELEC-101,Wireless Noise-Canceling Headphones,Electronics,58,549,149.99,10,0
2025-05-22,SKU-ELEC-101,Wireless Noise-Canceling Headphones,Electronics,67,493,149.99,10,0
2025-05-23,SKU-ELEC-101,Wireless Noise-Canceling Headphones,Electronics,44,456,149.99,10,0
2025-05-24,SKU-ELEC-101,Wireless Noise-Canceling Headphones,Electronics,83,386,149.99,10,0
2025-05-25,SKU-ELEC-101,Wireless Noise-Canceling Headphones,Electronics,84,315,149.99,10,0
2025-05-26,SKU-ELEC-101,Wireless Noise-Canceling Headphones,Electronics,62,263,149.99,10,0
2025-05-27,SKU-ELEC-101,Wireless Noise-Canceling Headphones,Electronics,46,224,149.99,10,0
2025-05-28,SKU-ELEC-101,Wireless Noise-Canceling Headphones,Electronics,45,186,149.99,10,0
2025-05-29,SKU-ELEC-101,Wireless Noise-Canceling Headphones,Electronics,60,135,149.99,10,0
2025-05-30,SKU-ELEC-101,Wireless Noise-Canceling Headphones,Electronics,58,86,149.99,10,0
2025-05-31,SKU-ELEC-101,Wireless Noise-Canceling Headphones,Electronics,83,16,149.99,10,0
2025-06-01,SKU-ELEC-101,Wireless Noise-Canceling Headphones,Electronics,83,0,149.99,10,0
2025-06-02,SKU-ELEC-101,Wireless Noise-Canceling Headphones,Electronics,50,0,149.99,10,0
2025-06-03,SKU-ELEC-101,Wireless Noise-Canceling Headphones,Electronics,57,0,149.99,10,0
2025-06-04,SKU-ELEC-101,Wireless Noise-Canceling Headphones,Electronics,58,549,149.99,10,0
2025-06-05,SKU-ELEC-101,Wireless Noise-Canceling Headphones,Electronics,50,507,149.99,10,0
2025-06-06,SKU-ELEC-101,Wireless Noise-Canceling Headphones,Electronics,70,448,149.99,10,0
2025-06-07,SKU-ELEC-101,Wireless Noise-Canceling Headphones,Electronics,84,377,149.99,10,0
2025-06-08,SKU-ELEC-101,Wireless Noise-Canceling Headphones,Electronics,98,294,131.99,10,1
2025-06-09,SKU-ELEC-101,Wireless Noise-Canceling Headphones,Electronics,79,227,131.99,10,1
2025-06-10,SKU-ELEC-101,Wireless Noise-Canceling Headphones,Electronics,66,171,131.99,10,1
2025-06-11,SKU-ELEC-101,Wireless Noise-Canceling Headphones,Electronics,80,103,131.99,10,1
2025-06-12,SKU-ELEC-101,Wireless Noise-Canceling Headphones,Electronics,64,49,149.99,10,0
2025-06-13,SKU-ELEC-101,Wireless Noise-Canceling Headphones,Electronics,48,9,149.99,10,0
2025-06-14,SKU-ELEC-101,Wireless Noise-Canceling Headphones,Electronics,86,0,149.99,10,0
2025-06-15,SKU-ELEC-101,Wireless Noise-Canceling Headphones,Electronics,82,0,149.99,10,0
2025-06-16,SKU-ELEC-101,Wireless Noise-Canceling Headphones,Electronics,61,0,149.99,10,0
2025-06-17,SKU-ELEC-101,Wireless Noise-Canceling Headphones,Electronics,69,0,149.99,10,0
2025-06-18,SKU-ELEC-101,Wireless Noise-Canceling Headphones,Electronics,52,554,149.99,10,0
2025-06-19,SKU-ELEC-101,Wireless Noise-Canceling Headphones,Electronics,48,514,149.99,10,0
2025-06-20,SKU-ELEC-101,Wireless Noise-Canceling Headphones,Electronics,47,475,149.99,10,0
2025-06-21,SKU-ELEC-101,Wireless Noise-Canceling Headphones,Electronics,71,415,149.99,10,0
2025-06-22,SKU-ELEC-101,Wireless Noise-Canceling Headphones,Electronics,77,350,149.99,10,0
2025-06-23,SKU-ELEC-101,Wireless Noise-Canceling Headphones,Electronics,56,303,149.99,10,0
2025-06-24,SKU-ELEC-101,Wireless Noise-Canceling Headphones,Electronics,55,257,149.99,10,0
2025-06-25,SKU-ELEC-101,Wireless Noise-Canceling Headphones,Electronics,60,206,149.99,10,0
2025-06-26,SKU-ELEC-101,Wireless Noise-Canceling Headphones,Electronics,53,161,149.99,10,0
2025-06-27,SKU-ELEC-101,Wireless Noise-Canceling Headphones,Electronics,64,107,149.99,10,0
2025-06-28,SKU-ELEC-101,Wireless Noise-Canceling Headphones,Electronics,74,45,149.99,10,0
2025-06-29,SKU-ELEC-101,Wireless Noise-Canceling Headphones,Electronics,98,0,149.99,10,0
2025-06-30,SKU-ELEC-101,Wireless Noise-Canceling Headphones,Electronics,57,0,149.99,10,0
2025-07-01,SKU-ELEC-101,Wireless Noise-Canceling Headphones,Electronics,45,0,149.99,10,0
2025-07-02,SKU-ELEC-101,Wireless Noise-Canceling Headphones,Electronics,44,561,149.99,10,0
2025-07-03,SKU-ELEC-101,Wireless Noise-Canceling Headphones,Electronics,56,514,149.99,10,0
2025-07-04,SKU-ELEC-101,Wireless Noise-Canceling Headphones,Electronics,50,472,149.99,10,0
2025-07-05,SKU-ELEC-101,Wireless Noise-Canceling Headphones,Electronics,81,404,149.99,10,0
2025-07-06,SKU-ELEC-101,Wireless Noise-Canceling Headphones,Electronics,79,337,149.99,10,0
2025-07-07,SKU-ELEC-101,Wireless Noise-Canceling Headphones,Electronics,51,294,149.99,10,0
2025-07-08,SKU-ELEC-101,Wireless Noise-Canceling Headphones,Electronics,45,256,149.99,10,0
2025-07-09,SKU-ELEC-101,Wireless Noise-Canceling Headphones,Electronics,39,223,149.99,10,0
2025-07-10,SKU-ELEC-101,Wireless Noise-Canceling Headphones,Electronics,48,183,149.99,10,0
2025-07-11,SKU-ELEC-101,Wireless Noise-Canceling Headphones,Electronics,58,134,149.99,10,0
2025-07-12,SKU-ELEC-101,Wireless Noise-Canceling Headphones,Electronics,76,70,149.99,10,0
2025-07-13,SKU-ELEC-101,Wireless Noise-Canceling Headphones,Electronics,64,16,149.99,10,0
2025-07-14,SKU-ELEC-101,Wireless Noise-Canceling Headphones,Electronics,52,0,149.99,10,0
2025-07-15,SKU-ELEC-101,Wireless Noise-Canceling Headphones,Electronics,54,0,149.99,10,0
2025-07-16,SKU-ELEC-101,Wireless Noise-Canceling Headphones,Electronics,43,562,149.99,10,0
2025-07-17,SKU-ELEC-101,Wireless Noise-Canceling Headphones,Electronics,52,518,149.99,10,0
2025-07-18,SKU-ELEC-101,Wireless Noise-Canceling Headphones,Electronics,51,475,149.99,10,0
2025-07-19,SKU-ELEC-101,Wireless Noise-Canceling Headphones,Electronics,64,421,149.99,10,0
2025-07-20,SKU-ELEC-101,Wireless Noise-Canceling Headphones,Electronics,75,358,149.99,10,0
2025-07-21,SKU-ELEC-101,Wireless Noise-Canceling Headphones,Electronics,54,313,149.99,10,0
2025-07-22,SKU-ELEC-101,Wireless Noise-Canceling Headphones,Electronics,58,264,149.99,10,0
2025-07-23,SKU-ELEC-101,Wireless Noise-Canceling Headphones,Electronics,58,215,149.99,10,0
2025-07-24,SKU-ELEC-101,Wireless Noise-Canceling Headphones,Electronics,39,182,149.99,10,0
2025-07-25,SKU-ELEC-101,Wireless Noise-Canceling Headphones,Electronics,42,147,149.99,10,0
2025-07-26,SKU-ELEC-101,Wireless Noise-Canceling Headphones,Electronics,101,62,131.99,10,1
2025-07-27,SKU-ELEC-101,Wireless Noise-Canceling Headphones,Electronics,100,0,131.99,10,1
2025-07-28,SKU-ELEC-101,Wireless Noise-Canceling Headphones,Electronics,70,0,131.99,10,1
2025-07-29,SKU-ELEC-101,Wireless Noise-Canceling Headphones,Electronics,97,0,131.99,10,1
2025-07-30,SKU-ELEC-101,Wireless Noise-Canceling Headphones,Electronics,53,553,149.99,10,0
2025-07-31,SKU-ELEC-101,Wireless Noise-Canceling Headphones,Electronics,58,504,149.99,10,0
2025-08-01,SKU-ELEC-101,Wireless Noise-Canceling Headphones,Electronics,56,457,149.99,10,0
2025-08-02,SKU-ELEC-101,Wireless Noise-Canceling Headphones,Electronics,76,393,149.99,10,0
2025-08-03,SKU-ELEC-101,Wireless Noise-Canceling Headphones,Electronics,68,336,149.99,10,0
2025-08-04,SKU-ELEC-101,Wireless Noise-Canceling Headphones,Electronics,54,291,149.99,10,0
2025-08-05,SKU-ELEC-101,Wireless Noise-Canceling Headphones,Electronics,42,256,149.99,10,0
2025-08-06,SKU-ELEC-101,Wireless Noise-Canceling Headphones,Electronics,46,217,149.99,10,0
2025-08-07,SKU-ELEC-101,Wireless Noise-Canceling Headphones,Electronics,44,180,149.99,10,0
2025-08-08,SKU-ELEC-101,Wireless Noise-Canceling Headphones,Electronics,49,139,149.99,10,0
2025-08-09,SKU-ELEC-101,Wireless Noise-Canceling Headphones,Electronics,88,65,149.99,10,0
2025-08-10,SKU-ELEC-101,Wireless Noise-Canceling Headphones,Electronics,54,20,149.99,10,0
2025-08-11,SKU-ELEC-101,Wireless Noise-Canceling Headphones,Electronics,53,0,149.99,10,0
2025-08-12,SKU-ELEC-101,Wireless Noise-Canceling Headphones,Electronics,35,0,149.99,10,0
2025-08-13,SKU-ELEC-101,Wireless Noise-Canceling Headphones,Electronics,44,561,149.99,10,0
2025-08-14,SKU-ELEC-101,Wireless Noise-Canceling Headphones,Electronics,56,514,149.99,10,0
2025-08-15,SKU-ELEC-101,Wireless Noise-Canceling Headphones,Electronics,48,474,149.99,10,0
2025-08-16,SKU-ELEC-101,Wireless Noise-Canceling Headphones,Electronics,60,423,149.99,10,0
2025-08-17,SKU-ELEC-101,Wireless Noise-Canceling Headphones,Electronics,63,370,149.99,10,0
2025-08-18,SKU-ELEC-101,Wireless Noise-Canceling Headphones,Electronics,53,325,149.99,10,0
2025-08-19,SKU-ELEC-101,Wireless Noise-Canceling Headphones,Electronics,41,291,149.99,10,0
2025-08-20,SKU-ELEC-101,Wireless Noise-Canceling Headphones,Electronics,49,250,149.99,10,0
2025-08-21,SKU-ELEC-101,Wireless Noise-Canceling Headphones,Electronics,47,211,149.99,10,0
2025-08-22,SKU-ELEC-101,Wireless Noise-Canceling Headphones,Electronics,42,176,149.99,10,0
2025-08-23,SKU-ELEC-101,Wireless Noise-Canceling Headphones,Electronics,85,104,149.99,10,0
2025-08-24,SKU-ELEC-101,Wireless Noise-Canceling Headphones,Electronics,73,42,149.99,10,0
2025-08-25,SKU-ELEC-101,Wireless Noise-Canceling Headphones,Electronics,30,17,149.99,10,0
2025-08-26,SKU-ELEC-101,Wireless Noise-Canceling Headphones,Electronics,48,0,149.99,10,0
2025-08-27,SKU-ELEC-101,Wireless Noise-Canceling Headphones,Electronics,41,564,149.99,10,0
2025-08-28,SKU-ELEC-101,Wireless Noise-Canceling Headphones,Electronics,53,519,149.99,10,0
2025-08-29,SKU-ELEC-101,Wireless Noise-Canceling Headphones,Electronics,40,485,149.99,10,0
2025-08-30,SKU-ELEC-101,Wireless Noise-Canceling Headphones,Electronics,66,429,149.99,10,0
2025-08-31,SKU-ELEC-101,Wireless Noise-Canceling Headphones,Electronics,71,369,149.99,10,0
2025-09-01,SKU-ELEC-101,Wireless Noise-Canceling Headphones,Electronics,53,324,149.99,10,0
2025-09-02,SKU-ELEC-101,Wireless Noise-Canceling Headphones,Electronics,36,294,149.99,10,0
2025-09-03,SKU-ELEC-101,Wireless Noise-Canceling Headphones,Electronics,43,258,149.99,10,0
2025-09-04,SKU-ELEC-101,Wireless Noise-Canceling Headphones,Electronics,42,223,149.99,10,0
2025-09-05,SKU-ELEC-101,Wireless Noise-Canceling Headphones,Electronics,41,189,149.99,10,0
2025-09-06,SKU-ELEC-101,Wireless Noise-Canceling Headphones,Electronics,81,121,149.99,10,0
2025-09-07,SKU-ELEC-101,Wireless Noise-Canceling Headphones,Electronics,70,62,149.99,10,0
2025-09-08,SKU-ELEC-101,Wireless Noise-Canceling Headphones,Electronics,36,32,149.99,10,0
2025-09-09,SKU-ELEC-101,Wireless Noise-Canceling Headphones,Electronics,53,0,149.99,10,0
2025-09-10,SKU-ELEC-101,Wireless Noise-Canceling Headphones,Electronics,63,545,149.99,10,0
2025-09-11,SKU-ELEC-101,Wireless Noise-Canceling Headphones,Electronics,54,500,149.99,10,0
2025-09-12,SKU-ELEC-101,Wireless Noise-Canceling Headphones,Electronics,50,458,131.99,10,1
2025-09-13,SKU-ELEC-101,Wireless Noise-Canceling Headphones,Electronics,86,385,131.99,10,1
2025-09-14,SKU-ELEC-101,Wireless Noise-Canceling Headphones,Electronics,100,300,131.99,10,1
2025-09-15,SKU-ELEC-101,Wireless Noise-Canceling Headphones,Electronics,56,253,131.99,10,1
2025-09-16,SKU-ELEC-101,Wireless Noise-Canceling Headphones,Electronics,49,212,149.99,10,0
2025-09-17,SKU-ELEC-101,Wireless Noise-Canceling Headphones,Electronics,52,168,149.99,10,0
2025-09-18,SKU-ELEC-101,Wireless Noise-Canceling Headphones,Electronics,38,136,149.99,10,0
2025-09-19,SKU-ELEC-101,Wireless Noise-Canceling Headphones,Electronics,45,98,149.99,10,0
2025-09-20,SKU-ELEC-101,Wireless Noise-Canceling Headphones,Electronics,40,64,149.99,10,0
2025-09-21,SKU-ELEC-101,Wireless Noise-Canceling Headphones,Electronics,58,15,149.99,10,0
2025-09-22,SKU-ELEC-101,Wireless Noise-Canceling Headphones,Electronics,44,0,149.99,10,0
2025-09-23,SKU-ELEC-101,Wireless Noise-Canceling Headphones,Electronics,36,0,149.99,10,0
2025-09-24,SKU-ELEC-101,Wireless Noise-Canceling Headphones,Electronics,59,548,149.99,10,0
2025-09-25,SKU-ELEC-101,Wireless Noise-Canceling Headphones,Electronics,34,520,149.99,10,0
2025-09-26,SKU-ELEC-101,Wireless Noise-Canceling Headphones,Electronics,42,485,149.99,10,0
2025-09-27,SKU-ELEC-101,Wireless Noise-Canceling Headphones,Electronics,67,429,149.99,10,0
2025-09-28,SKU-ELEC-101,Wireless Noise-Canceling Headphones,Electronics,78,363,149.99,10,0
2025-09-29,SKU-ELEC-101,Wireless Noise-Canceling Headphones,Electronics,34,335,149.99,10,0
2025-09-30,SKU-ELEC-101,Wireless Noise-Canceling Headphones,Electronics,55,289,149.99,10,0
2025-10-01,SKU-ELEC-101,Wireless Noise-Canceling Headphones,Electronics,46,250,149.99,10,0
2025-10-02,SKU-ELEC-101,Wireless Noise-Canceling Headphones,Electronics,38,218,149.99,10,0
2025-10-03,SKU-ELEC-101,Wireless Noise-Canceling Headphones,Electronics,50,176,149.99,10,0
2025-10-04,SKU-ELEC-101,Wireless Noise-Canceling Headphones,Electronics,68,119,149.99,10,0
2025-10-05,SKU-ELEC-101,Wireless Noise-Canceling Headphones,Electronics,62,67,149.99,10,0
2025-10-06,SKU-ELEC-101,Wireless Noise-Canceling Headphones,Electronics,47,28,149.99,10,0
2025-10-07,SKU-ELEC-101,Wireless Noise-Canceling Headphones,Electronics,43,0,149.99,10,0
2025-10-08,SKU-ELEC-101,Wireless Noise-Canceling Headphones,Electronics,47,559,149.99,10,0
2025-10-09,SKU-ELEC-101,Wireless Noise-Canceling Headphones,Electronics,52,515,149.99,10,0
2025-10-10,SKU-ELEC-101,Wireless Noise-Canceling Headphones,Electronics,59,465,149.99,10,0
2025-10-11,SKU-ELEC-101,Wireless Noise-Canceling Headphones,Electronics,57,417,149.99,10,0
2025-10-12,SKU-ELEC-101,Wireless Noise-Canceling Headphones,Electronics,84,346,149.99,10,0
2025-10-13,SKU-ELEC-101,Wireless Noise-Canceling Headphones,Electronics,31,320,149.99,10,0
2025-10-14,SKU-ELEC-101,Wireless Noise-Canceling Headphones,Electronics,45,282,149.99,10,0
2025-10-15,SKU-ELEC-101,Wireless Noise-Canceling Headphones,Electronics,51,239,149.99,10,0
2025-10-16,SKU-ELEC-101,Wireless Noise-Canceling Headphones,Electronics,49,198,149.99,10,0
2025-10-17,SKU-ELEC-101,Wireless Noise-Canceling Headphones,Electronics,42,163,149.99,10,0
2025-10-18,SKU-ELEC-101,Wireless Noise-Canceling Headphones,Electronics,66,107,149.99,10,0
2025-10-19,SKU-ELEC-101,Wireless Noise-Canceling Headphones,Electronics,64,53,149.99,10,0
2025-10-20,SKU-ELEC-101,Wireless Noise-Canceling Headphones,Electronics,42,18,149.99,10,0
2025-10-21,SKU-ELEC-101,Wireless Noise-Canceling Headphones,Electronics,54,0,149.99,10,0
2025-10-22,SKU-ELEC-101,Wireless Noise-Canceling Headphones,Electronics,50,556,149.99,10,0
2025-10-23,SKU-ELEC-101,Wireless Noise-Canceling Headphones,Electronics,42,521,149.99,10,0
2025-10-24,SKU-ELEC-101,Wireless Noise-Canceling Headphones,Electronics,55,475,149.99,10,0
2025-10-25,SKU-ELEC-101,Wireless Noise-Canceling Headphones,Electronics,71,415,149.99,10,0
2025-10-26,SKU-ELEC-101,Wireless Noise-Canceling Headphones,Electronics,76,351,149.99,10,0
2025-10-27,SKU-ELEC-101,Wireless Noise-Canceling Headphones,Electronics,53,306,149.99,10,0
2025-10-28,SKU-ELEC-101,Wireless Noise-Canceling Headphones,Electronics,41,272,149.99,10,0
2025-10-29,SKU-ELEC-101,Wireless Noise-Canceling Headphones,Electronics,43,236,149.99,10,0
2025-10-30,SKU-ELEC-101,Wireless Noise-Canceling Headphones,Electronics,71,176,131.99,10,1
2025-10-31,SKU-ELEC-101,Wireless Noise-Canceling Headphones,Electronics,70,117,131.99,10,1
2025-11-01,SKU-ELEC-101,Wireless Noise-Canceling Headphones,Electronics,94,38,131.99,10,1
2025-11-02,SKU-ELEC-101,Wireless Noise-Canceling Headphones,Electronics,96,0,131.99,10,1
2025-11-03,SKU-ELEC-101,Wireless Noise-Canceling Headphones,Electronics,59,0,149.99,10,0
2025-11-04,SKU-ELEC-101,Wireless Noise-Canceling Headphones,Electronics,44,0,149.99,10,0
2025-11-05,SKU-ELEC-101,Wireless Noise-Canceling Headphones,Electronics,53,553,149.99,10,0
2025-11-06,SKU-ELEC-101,Wireless Noise-Canceling Headphones,Electronics,47,514,149.99,10,0
2025-11-07,SKU-ELEC-101,Wireless Noise-Canceling Headphones,Electronics,47,475,149.99,10,0
2025-11-08,SKU-ELEC-101,Wireless Noise-Canceling Headphones,Electronics,80,407,149.99,10,0
2025-11-09,SKU-ELEC-101,Wireless Noise-Canceling Headphones,Electronics,78,341,149.99,10,0
2025-11-10,SKU-ELEC-101,Wireless Noise-Canceling Headphones,Electronics,56,294,149.99,10,0
2025-11-11,SKU-ELEC-101,Wireless Noise-Canceling Headphones,Electronics,60,243,149.99,10,0
2025-11-12,SKU-ELEC-101,Wireless Noise-Canceling Headphones,Electronics,50,201,149.99,10,0
2025-11-13,SKU-ELEC-101,Wireless Noise-Canceling Headphones,Electronics,55,155,149.99,10,0
2025-11-14,SKU-ELEC-101,Wireless Noise-Canceling Headphones,Electronics,48,115,149.99,10,0
2025-11-15,SKU-ELEC-101,Wireless Noise-Canceling Headphones,Electronics,76,51,149.99,10,0
2025-11-16,SKU-ELEC-101,Wireless Noise-Canceling Headphones,Electronics,72,0,149.99,10,0
2025-11-17,SKU-ELEC-101,Wireless Noise-Canceling Headphones,Electronics,51,0,149.99,10,0
2025-11-18,SKU-ELEC-101,Wireless Noise-Canceling Headphones,Electronics,56,0,149.99,10,0
2025-11-19,SKU-ELEC-101,Wireless Noise-Canceling Headphones,Electronics,44,561,149.99,10,0
2025-11-20,SKU-ELEC-101,Wireless Noise-Canceling Headphones,Electronics,68,504,149.99,10,0
2025-11-21,SKU-ELEC-101,Wireless Noise-Canceling Headphones,Electronics,43,468,149.99,10,0
2025-11-22,SKU-ELEC-101,Wireless Noise-Canceling Headphones,Electronics,65,413,149.99,10,0
2025-11-23,SKU-ELEC-101,Wireless Noise-Canceling Headphones,Electronics,84,342,149.99,10,0
2025-11-24,SKU-ELEC-101,Wireless Noise-Canceling Headphones,Electronics,58,293,149.99,10,0
2025-11-25,SKU-ELEC-101,Wireless Noise-Canceling Headphones,Electronics,57,245,149.99,10,0
2025-11-26,SKU-ELEC-101,Wireless Noise-Canceling Headphones,Electronics,57,197,149.99,10,0
2025-11-27,SKU-ELEC-101,Wireless Noise-Canceling Headphones,Electronics,52,153,149.99,10,0
2025-11-28,SKU-ELEC-101,Wireless Noise-Canceling Headphones,Electronics,45,115,149.99,10,0
2025-11-29,SKU-ELEC-101,Wireless Noise-Canceling Headphones,Electronics,77,50,149.99,10,0
2025-11-30,SKU-ELEC-101,Wireless Noise-Canceling Headphones,Electronics,71,0,149.99,10,0
2025-12-01,SKU-ELEC-101,Wireless Noise-Canceling Headphones,Electronics,61,0,149.99,10,0
2025-12-02,SKU-ELEC-101,Wireless Noise-Canceling Headphones,Electronics,52,0,149.99,10,0
2025-12-03,SKU-ELEC-101,Wireless Noise-Canceling Headphones,Electronics,47,559,149.99,10,0
2025-12-04,SKU-ELEC-101,Wireless Noise-Canceling Headphones,Electronics,51,516,149.99,10,0
2025-12-05,SKU-ELEC-101,Wireless Noise-Canceling Headphones,Electronics,57,468,149.99,10,0
2025-12-06,SKU-ELEC-101,Wireless Noise-Canceling Headphones,Electronics,74,406,149.99,10,0
2025-12-07,SKU-ELEC-101,Wireless Noise-Canceling Headphones,Electronics,72,345,149.99,10,0
2025-12-08,SKU-ELEC-101,Wireless Noise-Canceling Headphones,Electronics,56,298,149.99,10,0
2025-12-09,SKU-ELEC-101,Wireless Noise-Canceling Headphones,Electronics,57,250,149.99,10,0
2025-12-10,SKU-ELEC-101,Wireless Noise-Canceling Headphones,Electronics,51,207,149.99,10,0
2025-12-11,SKU-ELEC-101,Wireless Noise-Canceling Headphones,Electronics,51,164,149.99,10,0
2025-12-12,SKU-ELEC-101,Wireless Noise-Canceling Headphones,Electronics,57,116,149.99,10,0
2025-12-13,SKU-ELEC-101,Wireless Noise-Canceling Headphones,Electronics,69,58,149.99,10,0
2025-12-14,SKU-ELEC-101,Wireless Noise-Canceling Headphones,Electronics,70,0,149.99,10,0
2025-12-15,SKU-ELEC-101,Wireless Noise-Canceling Headphones,Electronics,50,0,149.99,10,0
2025-12-16,SKU-ELEC-101,Wireless Noise-Canceling Headphones,Electronics,55,0,149.99,10,0
2025-12-17,SKU-ELEC-101,Wireless Noise-Canceling Headphones,Electronics,79,531,131.99,10,1
2025-12-18,SKU-ELEC-101,Wireless Noise-Canceling Headphones,Electronics,88,457,131.99,10,1
2025-12-19,SKU-ELEC-101,Wireless Noise-Canceling Headphones,Electronics,84,386,131.99,10,1
2025-12-20,SKU-ELEC-101,Wireless Noise-Canceling Headphones,Electronics,110,293,131.99,10,1
2025-12-21,SKU-ELEC-101,Wireless Noise-Canceling Headphones,Electronics,83,223,149.99,10,0
2025-12-22,SKU-ELEC-101,Wireless Noise-Canceling Headphones,Electronics,49,182,149.99,10,0
2025-12-23,SKU-ELEC-101,Wireless Noise-Canceling Headphones,Electronics,58,133,149.99,10,0
2025-12-24,SKU-ELEC-101,Wireless Noise-Canceling Headphones,Electronics,56,86,149.99,10,0
2025-12-25,SKU-ELEC-101,Wireless Noise-Canceling Headphones,Electronics,61,35,149.99,10,0
2025-12-26,SKU-ELEC-101,Wireless Noise-Canceling Headphones,Electronics,52,0,149.99,10,0
2025-12-27,SKU-ELEC-101,Wireless Noise-Canceling Headphones,Electronics,89,0,149.99,10,0
2025-12-28,SKU-ELEC-101,Wireless Noise-Canceling Headphones,Electronics,98,0,149.99,10,0
2025-12-29,SKU-ELEC-101,Wireless Noise-Canceling Headphones,Electronics,58,0,149.99,10,0
2025-12-30,SKU-ELEC-101,Wireless Noise-Canceling Headphones,Electronics,63,0,149.99,10,0
2025-12-31,SKU-ELEC-101,Wireless Noise-Canceling Headphones,Electronics,65,543,149.99,10,0
2026-01-01,SKU-ELEC-101,Wireless Noise-Canceling Headphones,Electronics,57,495,149.99,10,0
2026-01-02,SKU-ELEC-101,Wireless Noise-Canceling Headphones,Electronics,62,443,149.99,10,0
2026-01-03,SKU-ELEC-101,Wireless Noise-Canceling Headphones,Electronics,87,370,149.99,10,0
2026-01-04,SKU-ELEC-101,Wireless Noise-Canceling Headphones,Electronics,88,296,149.99,10,0
2026-01-05,SKU-ELEC-101,Wireless Noise-Canceling Headphones,Electronics,54,251,149.99,10,0
2026-01-06,SKU-ELEC-101,Wireless Noise-Canceling Headphones,Electronics,61,200,149.99,10,0
2026-01-07,SKU-ELEC-101,Wireless Noise-Canceling Headphones,Electronics,65,145,149.99,10,0
2026-01-08,SKU-ELEC-101,Wireless Noise-Canceling Headphones,Electronics,73,83,149.99,10,0
2026-01-09,SKU-ELEC-101,Wireless Noise-Canceling Headphones,Electronics,69,25,149.99,10,0
2026-01-10,SKU-ELEC-101,Wireless Noise-Canceling Headphones,Electronics,107,0,149.99,10,0
2026-01-11,SKU-ELEC-101,Wireless Noise-Canceling Headphones,Electronics,84,0,149.99,10,0
2026-01-12,SKU-ELEC-101,Wireless Noise-Canceling Headphones,Electronics,69,0,149.99,10,0
2026-01-13,SKU-ELEC-101,Wireless Noise-Canceling Headphones,Electronics,64,0,149.99,10,0
2026-01-14,SKU-ELEC-101,Wireless Noise-Canceling Headphones,Electronics,80,530,149.99,10,0
2026-01-15,SKU-ELEC-101,Wireless Noise-Canceling Headphones,Electronics,56,483,149.99,10,0
2026-01-16,SKU-ELEC-101,Wireless Noise-Canceling Headphones,Electronics,56,436,149.99,10,0
2026-01-17,SKU-ELEC-101,Wireless Noise-Canceling Headphones,Electronics,87,363,149.99,10,0
2026-01-18,SKU-ELEC-101,Wireless Noise-Canceling Headphones,Electronics,75,300,149.99,10,0
2026-01-19,SKU-ELEC-101,Wireless Noise-Canceling Headphones,Electronics,60,249,149.99,10,0
2026-01-20,SKU-ELEC-101,Wireless Noise-Canceling Headphones,Electronics,58,200,149.99,10,0
2026-01-21,SKU-ELEC-101,Wireless Noise-Canceling Headphones,Electronics,65,145,149.99,10,0
2026-01-22,SKU-ELEC-101,Wireless Noise-Canceling Headphones,Electronics,67,89,149.99,10,0
2026-01-23,SKU-ELEC-101,Wireless Noise-Canceling Headphones,Electronics,80,21,149.99,10,0
2026-01-24,SKU-ELEC-101,Wireless Noise-Canceling Headphones,Electronics,102,0,149.99,10,0
2026-01-25,SKU-ELEC-101,Wireless Noise-Canceling Headphones,Electronics,90,0,149.99,10,0
2026-01-26,SKU-ELEC-101,Wireless Noise-Canceling Headphones,Electronics,58,0,149.99,10,0
2026-01-27,SKU-ELEC-101,Wireless Noise-Canceling Headphones,Electronics,69,0,149.99,10,0
2026-01-28,SKU-ELEC-101,Wireless Noise-Canceling Headphones,Electronics,55,552,149.99,10,0
2026-01-29,SKU-ELEC-101,Wireless Noise-Canceling Headphones,Electronics,81,484,149.99,10,0
2026-01-30,SKU-ELEC-101,Wireless Noise-Canceling Headphones,Electronics,76,420,149.99,10,0
2026-01-31,SKU-ELEC-101,Wireless Noise-Canceling Headphones,Electronics,92,342,149.99,10,0
2026-02-01,SKU-ELEC-101,Wireless Noise-Canceling Headphones,Electronics,83,272,149.99,10,0
2026-02-02,SKU-ELEC-101,Wireless Noise-Canceling Headphones,Electronics,78,206,149.99,10,0
2026-02-03,SKU-ELEC-101,Wireless Noise-Canceling Headphones,Electronics,89,131,131.99,10,1
2026-02-04,SKU-ELEC-101,Wireless Noise-Canceling Headphones,Electronics,101,46,131.99,10,1
2026-02-05,SKU-ELEC-101,Wireless Noise-Canceling Headphones,Electronics,78,0,131.99,10,1
2026-02-06,SKU-ELEC-101,Wireless Noise-Canceling Headphones,Electronics,86,0,131.99,10,1
2026-02-07,SKU-ELEC-101,Wireless Noise-Canceling Headphones,Electronics,98,0,149.99,10,0
2026-02-08,SKU-ELEC-101,Wireless Noise-Canceling Headphones,Electronics,99,0,149.99,10,0
2026-02-09,SKU-ELEC-101,Wireless Noise-Canceling Headphones,Electronics,65,0,149.99,10,0
2026-02-10,SKU-ELEC-101,Wireless Noise-Canceling Headphones,Electronics,73,0,149.99,10,0
2026-02-11,SKU-ELEC-101,Wireless Noise-Canceling Headphones,Electronics,60,547,149.99,10,0
2026-02-12,SKU-ELEC-101,Wireless Noise-Canceling Headphones,Electronics,68,490,149.99,10,0
2026-02-13,SKU-ELEC-101,Wireless Noise-Canceling Headphones,Electronics,70,431,149.99,10,0
2026-02-14,SKU-ELEC-101,Wireless Noise-Canceling Headphones,Electronics,104,343,149.99,10,0
2026-02-15,SKU-ELEC-101,Wireless Noise-Canceling Headphones,Electronics,106,253,149.99,10,0
2026-02-16,SKU-ELEC-101,Wireless Noise-Canceling Headphones,Electronics,60,202,149.99,10,0
2026-02-17,SKU-ELEC-101,Wireless Noise-Canceling Headphones,Electronics,57,154,149.99,10,0
2026-02-18,SKU-ELEC-101,Wireless Noise-Canceling Headphones,Electronics,80,86,149.99,10,0
2026-02-19,SKU-ELEC-101,Wireless Noise-Canceling Headphones,Electronics,73,24,149.99,10,0
2026-02-20,SKU-ELEC-101,Wireless Noise-Canceling Headphones,Electronics,64,0,149.99,10,0
2026-02-21,SKU-ELEC-101,Wireless Noise-Canceling Headphones,Electronics,114,0,149.99,10,0
2026-02-22,SKU-ELEC-101,Wireless Noise-Canceling Headphones,Electronics,103,0,149.99,10,0
2026-02-23,SKU-ELEC-101,Wireless Noise-Canceling Headphones,Electronics,80,0,149.99,10,0
2026-02-24,SKU-ELEC-101,Wireless Noise-Canceling Headphones,Electronics,71,0,149.99,10,0
2026-02-25,SKU-ELEC-101,Wireless Noise-Canceling Headphones,Electronics,87,525,149.99,10,0
2026-02-26,SKU-ELEC-101,Wireless Noise-Canceling Headphones,Electronics,85,453,149.99,10,0
2026-02-27,SKU-ELEC-101,Wireless Noise-Canceling Headphones,Electronics,69,395,149.99,10,0
2026-02-28,SKU-ELEC-101,Wireless Noise-Canceling Headphones,Electronics,111,301,149.99,10,0
2026-03-01,SKU-ELEC-101,Wireless Noise-Canceling Headphones,Electronics,109,209,149.99,10,0
2026-03-02,SKU-ELEC-101,Wireless Noise-Canceling Headphones,Electronics,83,139,149.99,10,0
2026-03-03,SKU-ELEC-101,Wireless Noise-Canceling Headphones,Electronics,64,85,149.99,10,0
2026-03-04,SKU-ELEC-101,Wireless Noise-Canceling Headphones,Electronics,77,20,149.99,10,0
2026-03-05,SKU-ELEC-101,Wireless Noise-Canceling Headphones,Electronics,81,0,149.99,10,0
2026-03-06,SKU-ELEC-101,Wireless Noise-Canceling Headphones,Electronics,58,0,149.99,10,0
2026-03-07,SKU-ELEC-101,Wireless Noise-Canceling Headphones,Electronics,95,0,149.99,10,0
2026-03-08,SKU-ELEC-101,Wireless Noise-Canceling Headphones,Electronics,89,0,149.99,10,0
2026-03-09,SKU-ELEC-101,Wireless Noise-Canceling Headphones,Electronics,70,0,149.99,10,0
2026-03-10,SKU-ELEC-101,Wireless Noise-Canceling Headphones,Electronics,78,0,149.99,10,0
2026-03-11,SKU-ELEC-101,Wireless Noise-Canceling Headphones,Electronics,85,526,149.99,10,0
2026-03-12,SKU-ELEC-101,Wireless Noise-Canceling Headphones,Electronics,74,464,149.99,10,0
2026-03-13,SKU-ELEC-101,Wireless Noise-Canceling Headphones,Electronics,86,391,149.99,10,0
2026-03-14,SKU-ELEC-101,Wireless Noise-Canceling Headphones,Electronics,95,311,149.99,10,0
2026-03-15,SKU-ELEC-101,Wireless Noise-Canceling Headphones,Electronics,93,232,149.99,10,0
2026-03-16,SKU-ELEC-101,Wireless Noise-Canceling Headphones,Electronics,73,170,149.99,10,0
2026-03-17,SKU-ELEC-101,Wireless Noise-Canceling Headphones,Electronics,77,105,149.99,10,0
2026-03-18,SKU-ELEC-101,Wireless Noise-Canceling Headphones,Electronics,73,43,149.99,10,0
2026-03-19,SKU-ELEC-101,Wireless Noise-Canceling Headphones,Electronics,57,0,149.99,10,0
2026-03-20,SKU-ELEC-101,Wireless Noise-Canceling Headphones,Electronics,73,0,149.99,10,0
2026-03-21,SKU-ELEC-101,Wireless Noise-Canceling Headphones,Electronics,97,0,149.99,10,0
2026-03-22,SKU-ELEC-101,Wireless Noise-Canceling Headphones,Electronics,113,0,149.99,10,0
2026-03-23,SKU-ELEC-101,Wireless Noise-Canceling Headphones,Electronics,103,0,131.99,10,1
2026-03-24,SKU-ELEC-101,Wireless Noise-Canceling Headphones,Electronics,92,0,131.99,10,1
2026-03-25,SKU-ELEC-101,Wireless Noise-Canceling Headphones,Electronics,96,517,131.99,10,1
2026-03-26,SKU-ELEC-101,Wireless Noise-Canceling Headphones,Electronics,92,439,131.99,10,1
2026-03-27,SKU-ELEC-101,Wireless Noise-Canceling Headphones,Electronics,74,377,149.99,10,0
2026-03-28,SKU-ELEC-101,Wireless Noise-Canceling Headphones,Electronics,115,280,149.99,10,0
2026-03-29,SKU-ELEC-101,Wireless Noise-Canceling Headphones,Electronics,100,195,149.99,10,0
2026-03-30,SKU-ELEC-101,Wireless Noise-Canceling Headphones,Electronics,79,128,149.99,10,0
2026-03-31,SKU-ELEC-101,Wireless Noise-Canceling Headphones,Electronics,70,69,149.99,10,0
2026-04-01,SKU-ELEC-101,Wireless Noise-Canceling Headphones,Electronics,68,12,149.99,10,0
2026-04-02,SKU-ELEC-101,Wireless Noise-Canceling Headphones,Electronics,74,0,149.99,10,0
2026-04-03,SKU-ELEC-101,Wireless Noise-Canceling Headphones,Electronics,66,0,149.99,10,0
2026-04-04,SKU-ELEC-101,Wireless Noise-Canceling Headphones,Electronics,104,0,149.99,10,0
2026-04-05,SKU-ELEC-101,Wireless Noise-Canceling Headphones,Electronics,99,0,149.99,10,0
2026-04-06,SKU-ELEC-101,Wireless Noise-Canceling Headphones,Electronics,90,0,149.99,10,0
2026-04-07,SKU-ELEC-101,Wireless Noise-Canceling Headphones,Electronics,75,0,149.99,10,0
2026-04-08,SKU-ELEC-101,Wireless Noise-Canceling Headphones,Electronics,69,540,149.99,10,0
2026-04-09,SKU-ELEC-101,Wireless Noise-Canceling Headphones,Electronics,77,475,149.99,10,0
2026-04-10,SKU-ELEC-101,Wireless Noise-Canceling Headphones,Electronics,74,413,149.99,10,0
2026-04-11,SKU-ELEC-101,Wireless Noise-Canceling Headphones,Electronics,107,323,149.99,10,0
2026-04-12,SKU-ELEC-101,Wireless Noise-Canceling Headphones,Electronics,114,227,149.99,10,0
2026-04-13,SKU-ELEC-101,Wireless Noise-Canceling Headphones,Electronics,81,159,149.99,10,0
2026-04-14,SKU-ELEC-101,Wireless Noise-Canceling Headphones,Electronics,71,99,149.99,10,0
2026-04-15,SKU-ELEC-101,Wireless Noise-Canceling Headphones,Electronics,70,40,149.99,10,0
2026-04-16,SKU-ELEC-101,Wireless Noise-Canceling Headphones,Electronics,73,0,149.99,10,0
2026-04-17,SKU-ELEC-101,Wireless Noise-Canceling Headphones,Electronics,56,0,149.99,10,0
2026-04-18,SKU-ELEC-101,Wireless Noise-Canceling Headphones,Electronics,96,0,149.99,10,0
2026-04-19,SKU-ELEC-101,Wireless Noise-Canceling Headphones,Electronics,120,0,149.99,10,0
2026-04-20,SKU-ELEC-101,Wireless Noise-Canceling Headphones,Electronics,88,0,149.99,10,0
2026-04-21,SKU-ELEC-101,Wireless Noise-Canceling Headphones,Electronics,73,0,149.99,10,0
2026-04-22,SKU-ELEC-101,Wireless Noise-Canceling Headphones,Electronics,79,531,149.99,10,0
2026-04-23,SKU-ELEC-101,Wireless Noise-Canceling Headphones,Electronics,77,466,149.99,10,0
2026-04-24,SKU-ELEC-101,Wireless Noise-Canceling Headphones,Electronics,99,382,149.99,10,0
2026-04-25,SKU-ELEC-101,Wireless Noise-Canceling Headphones,Electronics,117,283,149.99,10,0
2026-04-26,SKU-ELEC-101,Wireless Noise-Canceling Headphones,Electronics,107,193,149.99,10,0
2026-04-27,SKU-ELEC-101,Wireless Noise-Canceling Headphones,Electronics,67,137,149.99,10,0
2026-04-28,SKU-ELEC-101,Wireless Noise-Canceling Headphones,Electronics,62,85,149.99,10,0
2026-04-29,SKU-ELEC-101,Wireless Noise-Canceling Headphones,Electronics,76,21,149.99,10,0
2026-04-30,SKU-ELEC-101,Wireless Noise-Canceling Headphones,Electronics,69,0,149.99,10,0
2026-05-01,SKU-ELEC-101,Wireless Noise-Canceling Headphones,Electronics,63,0,149.99,10,0
2026-05-02,SKU-ELEC-101,Wireless Noise-Canceling Headphones,Electronics,103,0,149.99,10,0
2026-05-03,SKU-ELEC-101,Wireless Noise-Canceling Headphones,Electronics,99,0,149.99,10,0
2026-05-04,SKU-ELEC-101,Wireless Noise-Canceling Headphones,Electronics,88,0,149.99,10,0
2026-05-05,SKU-ELEC-101,Wireless Noise-Canceling Headphones,Electronics,81,0,149.99,10,0
2026-05-06,SKU-ELEC-101,Wireless Noise-Canceling Headphones,Electronics,74,536,149.99,10,0
2026-05-07,SKU-ELEC-101,Wireless Noise-Canceling Headphones,Electronics,86,463,149.99,10,0
2026-05-08,SKU-ELEC-101,Wireless Noise-Canceling Headphones,Electronics,75,400,149.99,10,0
2026-05-09,SKU-ELEC-101,Wireless Noise-Canceling Headphones,Electronics,100,315,149.99,10,0
2026-05-10,SKU-ELEC-101,Wireless Noise-Canceling Headphones,Electronics,157,182,131.99,10,1
2026-05-11,SKU-ELEC-101,Wireless Noise-Canceling Headphones,Electronics,104,94,131.99,10,1
2026-05-12,SKU-ELEC-101,Wireless Noise-Canceling Headphones,Electronics,91,17,131.99,10,1
2026-05-13,SKU-ELEC-101,Wireless Noise-Canceling Headphones,Electronics,98,0,131.99,10,1
2026-05-14,SKU-ELEC-101,Wireless Noise-Canceling Headphones,Electronics,67,0,149.99,10,0
2026-05-15,SKU-ELEC-101,Wireless Noise-Canceling Headphones,Electronics,62,0,149.99,10,0
2026-05-16,SKU-ELEC-101,Wireless Noise-Canceling Headphones,Electronics,114,0,149.99,10,0
2026-05-17,SKU-ELEC-101,Wireless Noise-Canceling Headphones,Electronics,122,0,149.99,10,0
2026-05-18,SKU-ELEC-101,Wireless Noise-Canceling Headphones,Electronics,62,0,149.99,10,0
2026-05-19,SKU-ELEC-101,Wireless Noise-Canceling Headphones,Electronics,78,0,149.99,10,0
2026-05-20,SKU-ELEC-101,Wireless Noise-Canceling Headphones,Electronics,68,541,149.99,10,0
2026-05-21,SKU-ELEC-101,Wireless Noise-Canceling Headphones,Electronics,69,483,149.99,10,0
2026-05-22,SKU-ELEC-101,Wireless Noise-Canceling Headphones,Electronics,68,426,149.99,10,0
2026-05-23,SKU-ELEC-101,Wireless Noise-Canceling Headphones,Electronics,98,343,149.99,10,0
2026-05-24,SKU-ELEC-101,Wireless Noise-Canceling Headphones,Electronics,106,253,149.99,10,0
2026-05-25,SKU-ELEC-101,Wireless Noise-Canceling Headphones,Electronics,66,197,149.99,10,0
2026-05-26,SKU-ELEC-101,Wireless Noise-Canceling Headphones,Electronics,74,135,149.99,10,0
2026-05-27,SKU-ELEC-101,Wireless Noise-Canceling Headphones,Electronics,72,74,149.99,10,0
2026-05-28,SKU-ELEC-101,Wireless Noise-Canceling Headphones,Electronics,70,15,149.99,10,0
2026-05-29,SKU-ELEC-101,Wireless Noise-Canceling Headphones,Electronics,65,0,149.99,10,0
2026-05-30,SKU-ELEC-101,Wireless Noise-Canceling Headphones,Electronics,100,0,149.99,10,0
2026-05-31,SKU-ELEC-101,Wireless Noise-Canceling Headphones,Electronics,110,0,149.99,10,0
2026-06-01,SKU-ELEC-101,Wireless Noise-Canceling Headphones,Electronics,76,0,149.99,10,0
2026-06-02,SKU-ELEC-101,Wireless Noise-Canceling Headphones,Electronics,64,0,149.99,10,0
2026-06-03,SKU-ELEC-101,Wireless Noise-Canceling Headphones,Electronics,72,537,149.99,10,0
2026-06-04,SKU-ELEC-101,Wireless Noise-Canceling Headphones,Electronics,77,472,149.99,10,0
2026-06-05,SKU-ELEC-101,Wireless Noise-Canceling Headphones,Electronics,58,423,149.99,10,0
2026-06-06,SKU-ELEC-101,Wireless Noise-Canceling Headphones,Electronics,107,333,149.99,10,0
2026-06-07,SKU-ELEC-101,Wireless Noise-Canceling Headphones,Electronics,97,251,149.99,10,0
2026-06-08,SKU-ELEC-101,Wireless Noise-Canceling Headphones,Electronics,75,188,149.99,10,0
2026-06-09,SKU-ELEC-101,Wireless Noise-Canceling Headphones,Electronics,64,134,149.99,10,0
2026-06-10,SKU-ELEC-101,Wireless Noise-Canceling Headphones,Electronics,56,87,149.99,10,0
2026-06-11,SKU-ELEC-101,Wireless Noise-Canceling Headphones,Electronics,57,39,149.99,10,0
2026-06-12,SKU-ELEC-101,Wireless Noise-Canceling Headphones,Electronics,70,0,149.99,10,0
2026-06-13,SKU-ELEC-101,Wireless Noise-Canceling Headphones,Electronics,103,0,149.99,10,0
2026-06-14,SKU-ELEC-101,Wireless Noise-Canceling Headphones,Electronics,94,0,149.99,10,0
2026-06-15,SKU-ELEC-101,Wireless Noise-Canceling Headphones,Electronics,75,0,149.99,10,0
2026-06-16,SKU-ELEC-101,Wireless Noise-Canceling Headphones,Electronics,56,0,149.99,10,0
2026-06-17,SKU-ELEC-101,Wireless Noise-Canceling Headphones,Electronics,69,540,149.99,10,0
2026-06-18,SKU-ELEC-101,Wireless Noise-Canceling Headphones,Electronics,59,490,149.99,10,0
2026-06-19,SKU-ELEC-101,Wireless Noise-Canceling Headphones,Electronics,64,436,149.99,10,0
2026-06-20,SKU-ELEC-101,Wireless Noise-Canceling Headphones,Electronics,100,351,149.99,10,0
2026-06-21,SKU-ELEC-101,Wireless Noise-Canceling Headphones,Electronics,93,272,149.99,10,0
2026-06-22,SKU-ELEC-101,Wireless Noise-Canceling Headphones,Electronics,65,217,149.99,10,0
2026-06-23,SKU-ELEC-101,Wireless Noise-Canceling Headphones,Electronics,76,153,149.99,10,0
2026-06-24,SKU-ELEC-101,Wireless Noise-Canceling Headphones,Electronics,64,99,149.99,10,0
2025-01-01,SKU-ELEC-102,4K Ultra-HD Smart Monitor 27-inch,Electronics,33,14,299.99,14,0
2025-01-02,SKU-ELEC-102,4K Ultra-HD Smart Monitor 27-inch,Electronics,21,0,299.99,14,0
2025-01-03,SKU-ELEC-102,4K Ultra-HD Smart Monitor 27-inch,Electronics,31,0,299.99,14,0
2025-01-04,SKU-ELEC-102,4K Ultra-HD Smart Monitor 27-inch,Electronics,44,0,299.99,14,0
2025-01-05,SKU-ELEC-102,4K Ultra-HD Smart Monitor 27-inch,Electronics,21,0,299.99,14,0
2025-01-06,SKU-ELEC-102,4K Ultra-HD Smart Monitor 27-inch,Electronics,24,0,299.99,14,0
2025-01-07,SKU-ELEC-102,4K Ultra-HD Smart Monitor 27-inch,Electronics,32,0,299.99,14,0
2025-01-08,SKU-ELEC-102,4K Ultra-HD Smart Monitor 27-inch,Electronics,28,0,299.99,14,0
2025-01-09,SKU-ELEC-102,4K Ultra-HD Smart Monitor 27-inch,Electronics,31,0,299.99,14,0
2025-01-10,SKU-ELEC-102,4K Ultra-HD Smart Monitor 27-inch,Electronics,25,0,299.99,14,0
2025-01-11,SKU-ELEC-102,4K Ultra-HD Smart Monitor 27-inch,Electronics,37,0,299.99,14,0
2025-01-12,SKU-ELEC-102,4K Ultra-HD Smart Monitor 27-inch,Electronics,36,0,299.99,14,0
2025-01-13,SKU-ELEC-102,4K Ultra-HD Smart Monitor 27-inch,Electronics,36,0,299.99,14,0
2025-01-14,SKU-ELEC-102,4K Ultra-HD Smart Monitor 27-inch,Electronics,31,0,299.99,14,0
2025-01-15,SKU-ELEC-102,4K Ultra-HD Smart Monitor 27-inch,Electronics,42,0,263.99,14,1
2025-01-16,SKU-ELEC-102,4K Ultra-HD Smart Monitor 27-inch,Electronics,38,0,263.99,14,1
2025-01-17,SKU-ELEC-102,4K Ultra-HD Smart Monitor 27-inch,Electronics,37,0,263.99,14,1
2025-01-18,SKU-ELEC-102,4K Ultra-HD Smart Monitor 27-inch,Electronics,48,0,263.99,14,1
2025-01-19,SKU-ELEC-102,4K Ultra-HD Smart Monitor 27-inch,Electronics,40,444,299.99,14,0
2025-01-20,SKU-ELEC-102,4K Ultra-HD Smart Monitor 27-inch,Electronics,28,421,299.99,14,0
2025-01-21,SKU-ELEC-102,4K Ultra-HD Smart Monitor 27-inch,Electronics,32,394,299.99,14,0
2025-01-22,SKU-ELEC-102,4K Ultra-HD Smart Monitor 27-inch,Electronics,43,358,299.99,14,0
2025-01-23,SKU-ELEC-102,4K Ultra-HD Smart Monitor 27-inch,Electronics,36,328,299.99,14,0
2025-01-24,SKU-ELEC-102,4K Ultra-HD Smart Monitor 27-inch,Electronics,29,304,299.99,14,0
2025-01-25,SKU-ELEC-102,4K Ultra-HD Smart Monitor 27-inch,Electronics,45,266,299.99,14,0
2025-01-26,SKU-ELEC-102,4K Ultra-HD Smart Monitor 27-inch,Electronics,36,236,299.99,14,0
2025-01-27,SKU-ELEC-102,4K Ultra-HD Smart Monitor 27-inch,Electronics,19,220,299.99,14,0
2025-01-28,SKU-ELEC-102,4K Ultra-HD Smart Monitor 27-inch,Electronics,25,199,299.99,14,0
2025-01-29,SKU-ELEC-102,4K Ultra-HD Smart Monitor 27-inch,Electronics,20,182,299.99,14,0
2025-01-30,SKU-ELEC-102,4K Ultra-HD Smart Monitor 27-inch,Electronics,29,158,299.99,14,0
2025-01-31,SKU-ELEC-102,4K Ultra-HD Smart Monitor 27-inch,Electronics,31,132,299.99,14,0
2025-02-01,SKU-ELEC-102,4K Ultra-HD Smart Monitor 27-inch,Electronics,49,91,299.99,14,0
2025-02-02,SKU-ELEC-102,4K Ultra-HD Smart Monitor 27-inch,Electronics,41,57,299.99,14,0
2025-02-03,SKU-ELEC-102,4K Ultra-HD Smart Monitor 27-inch,Electronics,30,32,299.99,14,0
2025-02-04,SKU-ELEC-102,4K Ultra-HD Smart Monitor 27-inch,Electronics,37,1,299.99,14,0
2025-02-05,SKU-ELEC-102,4K Ultra-HD Smart Monitor 27-inch,Electronics,18,0,299.99,14,0
2025-02-06,SKU-ELEC-102,4K Ultra-HD Smart Monitor 27-inch,Electronics,33,450,299.99,14,0
2025-02-07,SKU-ELEC-102,4K Ultra-HD Smart Monitor 27-inch,Electronics,37,419,299.99,14,0
2025-02-08,SKU-ELEC-102,4K Ultra-HD Smart Monitor 27-inch,Electronics,31,393,299.99,14,0
2025-02-09,SKU-ELEC-102,4K Ultra-HD Smart Monitor 27-inch,Electronics,47,354,299.99,14,0
2025-02-10,SKU-ELEC-102,4K Ultra-HD Smart Monitor 27-inch,Electronics,34,326,299.99,14,0
2025-02-11,SKU-ELEC-102,4K Ultra-HD Smart Monitor 27-inch,Electronics,30,301,299.99,14,0
2025-02-12,SKU-ELEC-102,4K Ultra-HD Smart Monitor 27-inch,Electronics,36,271,299.99,14,0
2025-02-13,SKU-ELEC-102,4K Ultra-HD Smart Monitor 27-inch,Electronics,46,232,299.99,14,0
2025-02-14,SKU-ELEC-102,4K Ultra-HD Smart Monitor 27-inch,Electronics,34,204,299.99,14,0
2025-02-15,SKU-ELEC-102,4K Ultra-HD Smart Monitor 27-inch,Electronics,42,169,299.99,14,0
2025-02-16,SKU-ELEC-102,4K Ultra-HD Smart Monitor 27-inch,Electronics,38,137,299.99,14,0
2025-02-17,SKU-ELEC-102,4K Ultra-HD Smart Monitor 27-inch,Electronics,28,114,299.99,14,0
2025-02-18,SKU-ELEC-102,4K Ultra-HD Smart Monitor 27-inch,Electronics,38,82,299.99,14,0
2025-02-19,SKU-ELEC-102,4K Ultra-HD Smart Monitor 27-inch,Electronics,28,59,299.99,14,0
2025-02-20,SKU-ELEC-102,4K Ultra-HD Smart Monitor 27-inch,Electronics,33,31,299.99,14,0
2025-02-21,SKU-ELEC-102,4K Ultra-HD Smart Monitor 27-inch,Electronics,30,6,299.99,14,0
2025-02-22,SKU-ELEC-102,4K Ultra-HD Smart Monitor 27-inch,Electronics,44,0,299.99,14,0
2025-02-23,SKU-ELEC-102,4K Ultra-HD Smart Monitor 27-inch,Electronics,44,0,299.99,14,0
2025-02-24,SKU-ELEC-102,4K Ultra-HD Smart Monitor 27-inch,Electronics,40,444,299.99,14,0
2025-02-25,SKU-ELEC-102,4K Ultra-HD Smart Monitor 27-inch,Electronics,30,419,299.99,14,0
2025-02-26,SKU-ELEC-102,4K Ultra-HD Smart Monitor 27-inch,Electronics,32,392,299.99,14,0
2025-02-27,SKU-ELEC-102,4K Ultra-HD Smart Monitor 27-inch,Electronics,28,369,299.99,14,0
2025-02-28,SKU-ELEC-102,4K Ultra-HD Smart Monitor 27-inch,Electronics,31,343,299.99,14,0
2025-03-01,SKU-ELEC-102,4K Ultra-HD Smart Monitor 27-inch,Electronics,44,306,299.99,14,0
2025-03-02,SKU-ELEC-102,4K Ultra-HD Smart Monitor 27-inch,Electronics,47,267,299.99,14,0
2025-03-03,SKU-ELEC-102,4K Ultra-HD Smart Monitor 27-inch,Electronics,28,244,299.99,14,0
2025-03-04,SKU-ELEC-102,4K Ultra-HD Smart Monitor 27-inch,Electronics,51,201,263.99,14,1
2025-03-05,SKU-ELEC-102,4K Ultra-HD Smart Monitor 27-inch,Electronics,54,156,263.99,14,1
2025-03-06,SKU-ELEC-102,4K Ultra-HD Smart Monitor 27-inch,Electronics,48,116,263.99,14,1
2025-03-07,SKU-ELEC-102,4K Ultra-HD Smart Monitor 27-inch,Electronics,57,68,263.99,14,1
2025-03-08,SKU-ELEC-102,4K Ultra-HD Smart Monitor 27-inch,Electronics,38,36,299.99,14,0
2025-03-09,SKU-ELEC-102,4K Ultra-HD Smart Monitor 27-inch,Electronics,35,7,299.99,14,0
2025-03-10,SKU-ELEC-102,4K Ultra-HD Smart Monitor 27-inch,Electronics,24,0,299.99,14,0
2025-03-11,SKU-ELEC-102,4K Ultra-HD Smart Monitor 27-inch,Electronics,43,0,299.99,14,0
2025-03-12,SKU-ELEC-102,4K Ultra-HD Smart Monitor 27-inch,Electronics,38,0,299.99,14,0
2025-03-13,SKU-ELEC-102,4K Ultra-HD Smart Monitor 27-inch,Electronics,34,0,299.99,14,0
2025-03-14,SKU-ELEC-102,4K Ultra-HD Smart Monitor 27-inch,Electronics,36,448,299.99,14,0
2025-03-15,SKU-ELEC-102,4K Ultra-HD Smart Monitor 27-inch,Electronics,36,418,299.99,14,0
2025-03-16,SKU-ELEC-102,4K Ultra-HD Smart Monitor 27-inch,Electronics,58,369,299.99,14,0
2025-03-17,SKU-ELEC-102,4K Ultra-HD Smart Monitor 27-inch,Electronics,35,340,299.99,14,0
2025-03-18,SKU-ELEC-102,4K Ultra-HD Smart Monitor 27-inch,Electronics,35,311,299.99,14,0
2025-03-19,SKU-ELEC-102,4K Ultra-HD Smart Monitor 27-inch,Electronics,39,278,299.99,14,0
2025-03-20,SKU-ELEC-102,4K Ultra-HD Smart Monitor 27-inch,Electronics,38,246,299.99,14,0
2025-03-21,SKU-ELEC-102,4K Ultra-HD Smart Monitor 27-inch,Electronics,36,216,299.99,14,0
2025-03-22,SKU-ELEC-102,4K Ultra-HD Smart Monitor 27-inch,Electronics,39,183,299.99,14,0
2025-03-23,SKU-ELEC-102,4K Ultra-HD Smart Monitor 27-inch,Electronics,46,144,299.99,14,0
2025-03-24,SKU-ELEC-102,4K Ultra-HD Smart Monitor 27-inch,Electronics,46,105,299.99,14,0
2025-03-25,SKU-ELEC-102,4K Ultra-HD Smart Monitor 27-inch,Electronics,43,69,299.99,14,0
2025-03-26,SKU-ELEC-102,4K Ultra-HD Smart Monitor 27-inch,Electronics,45,31,299.99,14,0
2025-03-27,SKU-ELEC-102,4K Ultra-HD Smart Monitor 27-inch,Electronics,32,4,299.99,14,0
2025-03-28,SKU-ELEC-102,4K Ultra-HD Smart Monitor 27-inch,Electronics,29,0,299.99,14,0
2025-03-29,SKU-ELEC-102,4K Ultra-HD Smart Monitor 27-inch,Electronics,43,0,299.99,14,0
2025-03-30,SKU-ELEC-102,4K Ultra-HD Smart Monitor 27-inch,Electronics,44,0,299.99,14,0
2025-03-31,SKU-ELEC-102,4K Ultra-HD Smart Monitor 27-inch,Electronics,42,0,299.99,14,0
2025-04-01,SKU-ELEC-102,4K Ultra-HD Smart Monitor 27-inch,Electronics,25,457,299.99,14,0
2025-04-02,SKU-ELEC-102,4K Ultra-HD Smart Monitor 27-inch,Electronics,44,420,299.99,14,0
2025-04-03,SKU-ELEC-102,4K Ultra-HD Smart Monitor 27-inch,Electronics,34,392,299.99,14,0
2025-04-04,SKU-ELEC-102,4K Ultra-HD Smart Monitor 27-inch,Electronics,33,364,299.99,14,0
2025-04-05,SKU-ELEC-102,4K Ultra-HD Smart Monitor 27-inch,Electronics,38,332,299.99,14,0
2025-04-06,SKU-ELEC-102,4K Ultra-HD Smart Monitor 27-inch,Electronics,34,304,299.99,14,0
2025-04-07,SKU-ELEC-102,4K Ultra-HD Smart Monitor 27-inch,Electronics,40,270,299.99,14,0
2025-04-08,SKU-ELEC-102,4K Ultra-HD Smart Monitor 27-inch,Electronics,36,240,299.99,14,0
2025-04-09,SKU-ELEC-102,4K Ultra-HD Smart Monitor 27-inch,Electronics,28,217,299.99,14,0
2025-04-10,SKU-ELEC-102,4K Ultra-HD Smart Monitor 27-inch,Electronics,28,194,299.99,14,0
2025-04-11,SKU-ELEC-102,4K Ultra-HD Smart Monitor 27-inch,Electronics,33,166,299.99,14,0
2025-04-12,SKU-ELEC-102,4K Ultra-HD Smart Monitor 27-inch,Electronics,54,121,299.99,14,0
2025-04-13,SKU-ELEC-102,4K Ultra-HD Smart Monitor 27-inch,Electronics,43,85,299.99,14,0
2025-04-14,SKU-ELEC-102,4K Ultra-HD Smart Monitor 27-inch,Electronics,26,63,299.99,14,0
2025-04-15,SKU-ELEC-102,4K Ultra-HD Smart Monitor 27-inch,Electronics,34,35,299.99,14,0
2025-04-16,SKU-ELEC-102,4K Ultra-HD Smart Monitor 27-inch,Electronics,34,7,299.99,14,0
2025-04-17,SKU-ELEC-102,4K Ultra-HD Smart Monitor 27-inch,Electronics,19,0,299.99,14,0
2025-04-18,SKU-ELEC-102,4K Ultra-HD Smart Monitor 27-inch,Electronics,35,0,299.99,14,0
2025-04-19,SKU-ELEC-102,4K Ultra-HD Smart Monitor 27-inch,Electronics,43,442,299.99,14,0
2025-04-20,SKU-ELEC-102,4K Ultra-HD Smart Monitor 27-inch,Electronics,48,402,299.99,14,0
2025-04-21,SKU-ELEC-102,4K Ultra-HD Smart Monitor 27-inch,Electronics,59,352,263.99,14,1
2025-04-22,SKU-ELEC-102,4K Ultra-HD Smart Monitor 27-inch,Electronics,54,307,263.99,14,1
2025-04-23,SKU-ELEC-102,4K Ultra-HD Smart Monitor 27-inch,Electronics,46,268,263.99,14,1
2025-04-24,SKU-ELEC-102,4K Ultra-HD Smart Monitor 27-inch,Electronics,41,234,263.99,14,1
2025-04-25,SKU-ELEC-102,4K Ultra-HD Smart Monitor 27-inch,Electronics,51,191,299.99,14,0
2025-04-26,SKU-ELEC-102,4K Ultra-HD Smart Monitor 27-inch,Electronics,44,154,299.99,14,0
2025-04-27,SKU-ELEC-102,4K Ultra-HD Smart Monitor 27-inch,Electronics,44,117,299.99,14,0
2025-04-28,SKU-ELEC-102,4K Ultra-HD Smart Monitor 27-inch,Electronics,35,88,299.99,14,0
2025-04-29,SKU-ELEC-102,4K Ultra-HD Smart Monitor 27-inch,Electronics,36,58,299.99,14,0
2025-04-30,SKU-ELEC-102,4K Ultra-HD Smart Monitor 27-inch,Electronics,34,30,299.99,14,0
2025-05-01,SKU-ELEC-102,4K Ultra-HD Smart Monitor 27-inch,Electronics,32,3,299.99,14,0
2025-05-02,SKU-ELEC-102,4K Ultra-HD Smart Monitor 27-inch,Electronics,32,0,299.99,14,0
2025-05-03,SKU-ELEC-102,4K Ultra-HD Smart Monitor 27-inch,Electronics,44,0,299.99,14,0
2025-05-04,SKU-ELEC-102,4K Ultra-HD Smart Monitor 27-inch,Electronics,41,0,299.99,14,0
2025-05-05,SKU-ELEC-102,4K Ultra-HD Smart Monitor 27-inch,Electronics,31,0,299.99,14,0
2025-05-06,SKU-ELEC-102,4K Ultra-HD Smart Monitor 27-inch,Electronics,36,0,299.99,14,0
2025-05-07,SKU-ELEC-102,4K Ultra-HD Smart Monitor 27-inch,Electronics,33,450,299.99,14,0
2025-05-08,SKU-ELEC-102,4K Ultra-HD Smart Monitor 27-inch,Electronics,44,413,299.99,14,0
2025-05-09,SKU-ELEC-102,4K Ultra-HD Smart Monitor 27-inch,Electronics,19,397,299.99,14,0
2025-05-10,SKU-ELEC-102,4K Ultra-HD Smart Monitor 27-inch,Electronics,50,355,299.99,14,0
2025-05-11,SKU-ELEC-102,4K Ultra-HD Smart Monitor 27-inch,Electronics,51,312,299.99,14,0
2025-05-12,SKU-ELEC-102,4K Ultra-HD Smart Monitor 27-inch,Electronics,22,294,299.99,14,0
2025-05-13,SKU-ELEC-102,4K Ultra-HD Smart Monitor 27-inch,Electronics,33,266,299.99,14,0
2025-05-14,SKU-ELEC-102,4K Ultra-HD Smart Monitor 27-inch,Electronics,33,238,299.99,14,0
2025-05-15,SKU-ELEC-102,4K Ultra-HD Smart Monitor 27-inch,Electronics,26,216,299.99,14,0
2025-05-16,SKU-ELEC-102,4K Ultra-HD Smart Monitor 27-inch,Electronics,30,191,299.99,14,0
2025-05-17,SKU-ELEC-102,4K Ultra-HD Smart Monitor 27-inch,Electronics,37,160,299.99,14,0
2025-05-18,SKU-ELEC-102,4K Ultra-HD Smart Monitor 27-inch,Electronics,54,115,299.99,14,0
2025-05-19,SKU-ELEC-102,4K Ultra-HD Smart Monitor 27-inch,Electronics,40,81,299.99,14,0
2025-05-20,SKU-ELEC-102,4K Ultra-HD Smart Monitor 27-inch,Electronics,42,46,299.99,14,0
2025-05-21,SKU-ELEC-102,4K Ultra-HD Smart Monitor 27-inch,Electronics,39,13,299.99,14,0
2025-05-22,SKU-ELEC-102,4K Ultra-HD Smart Monitor 27-inch,Electronics,28,0,299.99,14,0
2025-05-23,SKU-ELEC-102,4K Ultra-HD Smart Monitor 27-inch,Electronics,31,0,299.99,14,0
2025-05-24,SKU-ELEC-102,4K Ultra-HD Smart Monitor 27-inch,Electronics,46,0,299.99,14,0
2025-05-25,SKU-ELEC-102,4K Ultra-HD Smart Monitor 27-inch,Electronics,35,449,299.99,14,0
2025-05-26,SKU-ELEC-102,4K Ultra-HD Smart Monitor 27-inch,Electronics,38,417,299.99,14,0
2025-05-27,SKU-ELEC-102,4K Ultra-HD Smart Monitor 27-inch,Electronics,33,389,299.99,14,0
2025-05-28,SKU-ELEC-102,4K Ultra-HD Smart Monitor 27-inch,Electronics,32,362,299.99,14,0
2025-05-29,SKU-ELEC-102,4K Ultra-HD Smart Monitor 27-inch,Electronics,38,330,299.99,14,0
2025-05-30,SKU-ELEC-102,4K Ultra-HD Smart Monitor 27-inch,Electronics,37,299,299.99,14,0
2025-05-31,SKU-ELEC-102,4K Ultra-HD Smart Monitor 27-inch,Electronics,40,265,299.99,14,0
2025-06-01,SKU-ELEC-102,4K Ultra-HD Smart Monitor 27-inch,Electronics,49,224,299.99,14,0
2025-06-02,SKU-ELEC-102,4K Ultra-HD Smart Monitor 27-inch,Electronics,27,202,299.99,14,0
2025-06-03,SKU-ELEC-102,4K Ultra-HD Smart Monitor 27-inch,Electronics,37,171,299.99,14,0
2025-06-04,SKU-ELEC-102,4K Ultra-HD Smart Monitor 27-inch,Electronics,37,140,299.99,14,0
2025-06-05,SKU-ELEC-102,4K Ultra-HD Smart Monitor 27-inch,Electronics,32,113,299.99,14,0
2025-06-06,SKU-ELEC-102,4K Ultra-HD Smart Monitor 27-inch,Electronics,35,84,299.99,14,0
2025-06-07,SKU-ELEC-102,4K Ultra-HD Smart Monitor 27-inch,Electronics,34,56,299.99,14,0
2025-06-08,SKU-ELEC-102,4K Ultra-HD Smart Monitor 27-inch,Electronics,62,4,263.99,14,1
2025-06-09,SKU-ELEC-102,4K Ultra-HD Smart Monitor 27-inch,Electronics,44,0,263.99,14,1
2025-06-10,SKU-ELEC-102,4K Ultra-HD Smart Monitor 27-inch,Electronics,42,0,263.99,14,1
2025-06-11,SKU-ELEC-102,4K Ultra-HD Smart Monitor 27-inch,Electronics,51,0,263.99,14,1
2025-06-12,SKU-ELEC-102,4K Ultra-HD Smart Monitor 27-inch,Electronics,29,454,299.99,14,0
2025-06-13,SKU-ELEC-102,4K Ultra-HD Smart Monitor 27-inch,Electronics,25,433,299.99,14,0
2025-06-14,SKU-ELEC-102,4K Ultra-HD Smart Monitor 27-inch,Electronics,32,406,299.99,14,0
2025-06-15,SKU-ELEC-102,4K Ultra-HD Smart Monitor 27-inch,Electronics,45,368,299.99,14,0
2025-06-16,SKU-ELEC-102,4K Ultra-HD Smart Monitor 27-inch,Electronics,25,347,299.99,14,0
2025-06-17,SKU-ELEC-102,4K Ultra-HD Smart Monitor 27-inch,Electronics,43,311,299.99,14,0
2025-06-18,SKU-ELEC-102,4K Ultra-HD Smart Monitor 27-inch,Electronics,20,294,299.99,14,0
2025-06-19,SKU-ELEC-102,4K Ultra-HD Smart Monitor 27-inch,Electronics,43,258,299.99,14,0
2025-06-20,SKU-ELEC-102,4K Ultra-HD Smart Monitor 27-inch,Electronics,34,230,299.99,14,0
2025-06-21,SKU-ELEC-102,4K Ultra-HD Smart Monitor 27-inch,Electronics,40,196,299.99,14,0
2025-06-22,SKU-ELEC-102,4K Ultra-HD Smart Monitor 27-inch,Electronics,37,165,299.99,14,0
2025-06-23,SKU-ELEC-102,4K Ultra-HD Smart Monitor 27-inch,Electronics,35,136,299.99,14,0
2025-06-24,SKU-ELEC-102,4K Ultra-HD Smart Monitor 27-inch,Electronics,32,109,299.99,14,0
2025-06-25,SKU-ELEC-102,4K Ultra-HD Smart Monitor 27-inch,Electronics,39,76,299.99,14,0
2025-06-26,SKU-ELEC-102,4K Ultra-HD Smart Monitor 27-inch,Electronics,33,48,299.99,14,0
2025-06-27,SKU-ELEC-102,4K Ultra-HD Smart Monitor 27-inch,Electronics,33,20,299.99,14,0
2025-06-28,SKU-ELEC-102,4K Ultra-HD Smart Monitor 27-inch,Electronics,38,0,299.99,14,0
2025-06-29,SKU-ELEC-102,4K Ultra-HD Smart Monitor 27-inch,Electronics,39,0,299.99,14,0
2025-06-30,SKU-ELEC-102,4K Ultra-HD Smart Monitor 27-inch,Electronics,34,450,299.99,14,0
2025-07-01,SKU-ELEC-102,4K Ultra-HD Smart Monitor 27-inch,Electronics,21,433,299.99,14,0
2025-07-02,SKU-ELEC-102,4K Ultra-HD Smart Monitor 27-inch,Electronics,24,413,299.99,14,0
2025-07-03,SKU-ELEC-102,4K Ultra-HD Smart Monitor 27-inch,Electronics,36,383,299.99,14,0
2025-07-04,SKU-ELEC-102,4K Ultra-HD Smart Monitor 27-inch,Electronics,32,356,299.99,14,0
2025-07-05,SKU-ELEC-102,4K Ultra-HD Smart Monitor 27-inch,Electronics,38,324,299.99,14,0
2025-07-06,SKU-ELEC-102,4K Ultra-HD Smart Monitor 27-inch,Electronics,39,291,299.99,14,0
2025-07-07,SKU-ELEC-102,4K Ultra-HD Smart Monitor 27-inch,Electronics,33,263,299.99,14,0
2025-07-08,SKU-ELEC-102,4K Ultra-HD Smart Monitor 27-inch,Electronics,28,240,299.99,14,0
2025-07-09,SKU-ELEC-102,4K Ultra-HD Smart Monitor 27-inch,Electronics,26,218,299.99,14,0
2025-07-10,SKU-ELEC-102,4K Ultra-HD Smart Monitor 27-inch,Electronics,32,191,299.99,14,0
2025-07-11,SKU-ELEC-102,4K Ultra-HD Smart Monitor 27-inch,Electronics,25,170,299.99,14,0
2025-07-12,SKU-ELEC-102,4K Ultra-HD Smart Monitor 27-inch,Electronics,41,136,299.99,14,0
2025-07-13,SKU-ELEC-102,4K Ultra-HD Smart Monitor 27-inch,Electronics,28,113,299.99,14,0
2025-07-14,SKU-ELEC-102,4K Ultra-HD Smart Monitor 27-inch,Electronics,37,82,299.99,14,0
2025-07-15,SKU-ELEC-102,4K Ultra-HD Smart Monitor 27-inch,Electronics,33,54,299.99,14,0
2025-07-16,SKU-ELEC-102,4K Ultra-HD Smart Monitor 27-inch,Electronics,32,27,299.99,14,0
2025-07-17,SKU-ELEC-102,4K Ultra-HD Smart Monitor 27-inch,Electronics,36,0,299.99,14,0
2025-07-18,SKU-ELEC-102,4K Ultra-HD Smart Monitor 27-inch,Electronics,40,444,299.99,14,0
2025-07-19,SKU-ELEC-102,4K Ultra-HD Smart Monitor 27-inch,Electronics,44,407,299.99,14,0
2025-07-20,SKU-ELEC-102,4K Ultra-HD Smart Monitor 27-inch,Electronics,27,385,299.99,14,0
2025-07-21,SKU-ELEC-102,4K Ultra-HD Smart Monitor 27-inch,Electronics,22,367,299.99,14,0
2025-07-22,SKU-ELEC-102,4K Ultra-HD Smart Monitor 27-inch,Electronics,26,345,299.99,14,0
2025-07-23,SKU-ELEC-102,4K Ultra-HD Smart Monitor 27-inch,Electronics,30,320,299.99,14,0
2025-07-24,SKU-ELEC-102,4K Ultra-HD Smart Monitor 27-inch,Electronics,33,292,299.99,14,0
2025-07-25,SKU-ELEC-102,4K Ultra-HD Smart Monitor 27-inch,Electronics,25,271,299.99,14,0
2025-07-26,SKU-ELEC-102,4K Ultra-HD Smart Monitor 27-inch,Electronics,51,228,263.99,14,1
2025-07-27,SKU-ELEC-102,4K Ultra-HD Smart Monitor 27-inch,Electronics,46,189,263.99,14,1
2025-07-28,SKU-ELEC-102,4K Ultra-HD Smart Monitor 27-inch,Electronics,36,159,263.99,14,1
2025-07-29,SKU-ELEC-102,4K Ultra-HD Smart Monitor 27-inch,Electronics,31,133,263.99,14,1
2025-07-30,SKU-ELEC-102,4K Ultra-HD Smart Monitor 27-inch,Electronics,24,113,299.99,14,0
2025-07-31,SKU-ELEC-102,4K Ultra-HD Smart Monitor 27-inch,Electronics,21,96,299.99,14,0
2025-08-01,SKU-ELEC-102,4K Ultra-HD Smart Monitor 27-inch,Electronics,23,77,299.99,14,0
2025-08-02,SKU-ELEC-102,4K Ultra-HD Smart Monitor 27-inch,Electronics,43,41,299.99,14,0
2025-08-03,SKU-ELEC-102,4K Ultra-HD Smart Monitor 27-inch,Electronics,31,15,299.99,14,0
2025-08-04,SKU-ELEC-102,4K Ultra-HD Smart Monitor 27-inch,Electronics,45,0,299.99,14,0
2025-08-05,SKU-ELEC-102,4K Ultra-HD Smart Monitor 27-inch,Electronics,32,451,299.99,14,0
2025-08-06,SKU-ELEC-102,4K Ultra-HD Smart Monitor 27-inch,Electronics,30,426,299.99,14,0
2025-08-07,SKU-ELEC-102,4K Ultra-HD Smart Monitor 27-inch,Electronics,24,406,299.99,14,0
2025-08-08,SKU-ELEC-102,4K Ultra-HD Smart Monitor 27-inch,Electronics,33,378,299.99,14,0
2025-08-09,SKU-ELEC-102,4K Ultra-HD Smart Monitor 27-inch,Electronics,33,350,299.99,14,0
2025-08-10,SKU-ELEC-102,4K Ultra-HD Smart Monitor 27-inch,Electronics,37,319,299.99,14,0
2025-08-11,SKU-ELEC-102,4K Ultra-HD Smart Monitor 27-inch,Electronics,44,282,299.99,14,0
2025-08-12,SKU-ELEC-102,4K Ultra-HD Smart Monitor 27-inch,Electronics,28,259,299.99,14,0
2025-08-13,SKU-ELEC-102,4K Ultra-HD Smart Monitor 27-inch,Electronics,35,230,299.99,14,0
2025-08-14,SKU-ELEC-102,4K Ultra-HD Smart Monitor 27-inch,Electronics,24,210,299.99,14,0
2025-08-15,SKU-ELEC-102,4K Ultra-HD Smart Monitor 27-inch,Electronics,28,187,299.99,14,0
2025-08-16,SKU-ELEC-102,4K Ultra-HD Smart Monitor 27-inch,Electronics,46,148,299.99,14,0
2025-08-17,SKU-ELEC-102,4K Ultra-HD Smart Monitor 27-inch,Electronics,32,121,299.99,14,0
2025-08-18,SKU-ELEC-102,4K Ultra-HD Smart Monitor 27-inch,Electronics,39,88,299.99,14,0
2025-08-19,SKU-ELEC-102,4K Ultra-HD Smart Monitor 27-inch,Electronics,33,60,299.99,14,0
2025-08-20,SKU-ELEC-102,4K Ultra-HD Smart Monitor 27-inch,Electronics,25,39,299.99,14,0
2025-08-21,SKU-ELEC-102,4K Ultra-HD Smart Monitor 27-inch,Electronics,32,12,299.99,14,0
2025-08-22,SKU-ELEC-102,4K Ultra-HD Smart Monitor 27-inch,Electronics,34,0,299.99,14,0
2025-08-23,SKU-ELEC-102,4K Ultra-HD Smart Monitor 27-inch,Electronics,39,445,299.99,14,0
2025-08-24,SKU-ELEC-102,4K Ultra-HD Smart Monitor 27-inch,Electronics,26,423,299.99,14,0
2025-08-25,SKU-ELEC-102,4K Ultra-HD Smart Monitor 27-inch,Electronics,24,403,299.99,14,0
2025-08-26,SKU-ELEC-102,4K Ultra-HD Smart Monitor 27-inch,Electronics,26,381,299.99,14,0
2025-08-27,SKU-ELEC-102,4K Ultra-HD Smart Monitor 27-inch,Electronics,27,359,299.99,14,0
2025-08-28,SKU-ELEC-102,4K Ultra-HD Smart Monitor 27-inch,Electronics,32,332,299.99,14,0
2025-08-29,SKU-ELEC-102,4K Ultra-HD Smart Monitor 27-inch,Electronics,29,308,299.99,14,0
2025-08-30,SKU-ELEC-102,4K Ultra-HD Smart Monitor 27-inch,Electronics,27,286,299.99,14,0
2025-08-31,SKU-ELEC-102,4K Ultra-HD Smart Monitor 27-inch,Electronics,37,255,299.99,14,0
2025-09-01,SKU-ELEC-102,4K Ultra-HD Smart Monitor 27-inch,Electronics,31,229,299.99,14,0
2025-09-02,SKU-ELEC-102,4K Ultra-HD Smart Monitor 27-inch,Electronics,31,203,299.99,14,0
2025-09-03,SKU-ELEC-102,4K Ultra-HD Smart Monitor 27-inch,Electronics,34,175,299.99,14,0
2025-09-04,SKU-ELEC-102,4K Ultra-HD Smart Monitor 27-inch,Electronics,33,147,299.99,14,0
2025-09-05,SKU-ELEC-102,4K Ultra-HD Smart Monitor 27-inch,Electronics,30,122,299.99,14,0
2025-09-06,SKU-ELEC-102,4K Ultra-HD Smart Monitor 27-inch,Electronics,34,94,299.99,14,0
2025-09-07,SKU-ELEC-102,4K Ultra-HD Smart Monitor 27-inch,Electronics,24,74,299.99,14,0
2025-09-08,SKU-ELEC-102,4K Ultra-HD Smart Monitor 27-inch,Electronics,30,49,299.99,14,0
2025-09-09,SKU-ELEC-102,4K Ultra-HD Smart Monitor 27-inch,Electronics,29,25,299.99,14,0
2025-09-10,SKU-ELEC-102,4K Ultra-HD Smart Monitor 27-inch,Electronics,29,479,299.99,14,0
2025-09-11,SKU-ELEC-102,4K Ultra-HD Smart Monitor 27-inch,Electronics,20,462,299.99,14,0
2025-09-12,SKU-ELEC-102,4K Ultra-HD Smart Monitor 27-inch,Electronics,31,436,263.99,14,1
2025-09-13,SKU-ELEC-102,4K Ultra-HD Smart Monitor 27-inch,Electronics,53,391,263.99,14,1
2025-09-14,SKU-ELEC-102,4K Ultra-HD Smart Monitor 27-inch,Electronics,46,352,263.99,14,1
2025-09-15,SKU-ELEC-102,4K Ultra-HD Smart Monitor 27-inch,Electronics,41,318,263.99,14,1
2025-09-16,SKU-ELEC-102,4K Ultra-HD Smart Monitor 27-inch,Electronics,28,295,299.99,14,0
2025-09-17,SKU-ELEC-102,4K Ultra-HD Smart Monitor 27-inch,Electronics,28,272,299.99,14,0
2025-09-18,SKU-ELEC-102,4K Ultra-HD Smart Monitor 27-inch,Electronics,33,244,299.99,14,0
2025-09-19,SKU-ELEC-102,4K Ultra-HD Smart Monitor 27-inch,Electronics,24,224,299.99,14,0
2025-09-20,SKU-ELEC-102,4K Ultra-HD Smart Monitor 27-inch,Electronics,35,195,299.99,14,0
2025-09-21,SKU-ELEC-102,4K Ultra-HD Smart Monitor 27-inch,Electronics,31,169,299.99,14,0
2025-09-22,SKU-ELEC-102,4K Ultra-HD Smart Monitor 27-inch,Electronics,25,148,299.99,14,0
2025-09-23,SKU-ELEC-102,4K Ultra-HD Smart Monitor 27-inch,Electronics,26,126,299.99,14,0
2025-09-24,SKU-ELEC-102,4K Ultra-HD Smart Monitor 27-inch,Electronics,29,102,299.99,14,0
2025-09-25,SKU-ELEC-102,4K Ultra-HD Smart Monitor 27-inch,Electronics,24,82,299.99,14,0
2025-09-26,SKU-ELEC-102,4K Ultra-HD Smart Monitor 27-inch,Electronics,35,53,299.99,14,0
2025-09-27,SKU-ELEC-102,4K Ultra-HD Smart Monitor 27-inch,Electronics,29,29,299.99,14,0
2025-09-28,SKU-ELEC-102,4K Ultra-HD Smart Monitor 27-inch,Electronics,33,479,299.99,14,0
2025-09-29,SKU-ELEC-102,4K Ultra-HD Smart Monitor 27-inch,Electronics,25,458,299.99,14,0
2025-09-30,SKU-ELEC-102,4K Ultra-HD Smart Monitor 27-inch,Electronics,36,428,299.99,14,0
2025-10-01,SKU-ELEC-102,4K Ultra-HD Smart Monitor 27-inch,Electronics,29,404,299.99,14,0
2025-10-02,SKU-ELEC-102,4K Ultra-HD Smart Monitor 27-inch,Electronics,34,376,299.99,14,0
2025-10-03,SKU-ELEC-102,4K Ultra-HD Smart Monitor 27-inch,Electronics,19,360,299.99,14,0
2025-10-04,SKU-ELEC-102,4K Ultra-HD Smart Monitor 27-inch,Electronics,36,330,299.99,14,0
2025-10-05,SKU-ELEC-102,4K Ultra-HD Smart Monitor 27-inch,Electronics,40,296,299.99,14,0
2025-10-06,SKU-ELEC-102,4K Ultra-HD Smart Monitor 27-inch,Electronics,28,273,299.99,14,0
2025-10-07,SKU-ELEC-102,4K Ultra-HD Smart Monitor 27-inch,Electronics,34,245,299.99,14,0
2025-10-08,SKU-ELEC-102,4K Ultra-HD Smart Monitor 27-inch,Electronics,24,225,299.99,14,0
2025-10-09,SKU-ELEC-102,4K Ultra-HD Smart Monitor 27-inch,Electronics,36,195,299.99,14,0
2025-10-10,SKU-ELEC-102,4K Ultra-HD Smart Monitor 27-inch,Electronics,41,161,299.99,14,0
2025-10-11,SKU-ELEC-102,4K Ultra-HD Smart Monitor 27-inch,Electronics,32,134,299.99,14,0
2025-10-12,SKU-ELEC-102,4K Ultra-HD Smart Monitor 27-inch,Electronics,32,107,299.99,14,0
2025-10-13,SKU-ELEC-102,4K Ultra-HD Smart Monitor 27-inch,Electronics,36,77,299.99,14,0
2025-10-14,SKU-ELEC-102,4K Ultra-HD Smart Monitor 27-inch,Electronics,37,46,299.99,14,0
2025-10-15,SKU-ELEC-102,4K Ultra-HD Smart Monitor 27-inch,Electronics,25,25,299.99,14,0
2025-10-16,SKU-ELEC-102,4K Ultra-HD Smart Monitor 27-inch,Electronics,25,482,299.99,14,0
2025-10-17,SKU-ELEC-102,4K Ultra-HD Smart Monitor 27-inch,Electronics,26,460,299.99,14,0
2025-10-18,SKU-ELEC-102,4K Ultra-HD Smart Monitor 27-inch,Electronics,27,438,299.99,14,0
2025-10-19,SKU-ELEC-102,4K Ultra-HD Smart Monitor 27-inch,Electronics,30,413,299.99,14,0
2025-10-20,SKU-ELEC-102,4K Ultra-HD Smart Monitor 27-inch,Electronics,22,395,299.99,14,0
2025-10-21,SKU-ELEC-102,4K Ultra-HD Smart Monitor 27-inch,Electronics,24,375,299.99,14,0
2025-10-22,SKU-ELEC-102,4K Ultra-HD Smart Monitor 27-inch,Electronics,28,352,299.99,14,0
2025-10-23,SKU-ELEC-102,4K Ultra-HD Smart Monitor 27-inch,Electronics,30,327,299.99,14,0
2025-10-24,SKU-ELEC-102,4K Ultra-HD Smart Monitor 27-inch,Electronics,38,295,299.99,14,0
2025-10-25,SKU-ELEC-102,4K Ultra-HD Smart Monitor 27-inch,Electronics,29,271,299.99,14,0
2025-10-26,SKU-ELEC-102,4K Ultra-HD Smart Monitor 27-inch,Electronics,41,237,299.99,14,0
2025-10-27,SKU-ELEC-102,4K Ultra-HD Smart Monitor 27-inch,Electronics,27,215,299.99,14,0
2025-10-28,SKU-ELEC-102,4K Ultra-HD Smart Monitor 27-inch,Electronics,28,192,299.99,14,0
2025-10-29,SKU-ELEC-102,4K Ultra-HD Smart Monitor 27-inch,Electronics,33,164,299.99,14,0
2025-10-30,SKU-ELEC-102,4K Ultra-HD Smart Monitor 27-inch,Electronics,32,137,263.99,14,1
2025-10-31,SKU-ELEC-102,4K Ultra-HD Smart Monitor 27-inch,Electronics,41,103,263.99,14,1
2025-11-01,SKU-ELEC-102,4K Ultra-HD Smart Monitor 27-inch,Electronics,50,61,263.99,14,1
2025-11-02,SKU-ELEC-102,4K Ultra-HD Smart Monitor 27-inch,Electronics,52,17,263.99,14,1
2025-11-03,SKU-ELEC-102,4K Ultra-HD Smart Monitor 27-inch,Electronics,31,469,299.99,14,0
2025-11-04,SKU-ELEC-102,4K Ultra-HD Smart Monitor 27-inch,Electronics,44,432,299.99,14,0
2025-11-05,SKU-ELEC-102,4K Ultra-HD Smart Monitor 27-inch,Electronics,25,411,299.99,14,0
2025-11-06,SKU-ELEC-102,4K Ultra-HD Smart Monitor 27-inch,Electronics,26,389,299.99,14,0
2025-11-07,SKU-ELEC-102,4K Ultra-HD Smart Monitor 27-inch,Electronics,26,367,299.99,14,0
2025-11-08,SKU-ELEC-102,4K Ultra-HD Smart Monitor 27-inch,Electronics,33,339,299.99,14,0
2025-11-09,SKU-ELEC-102,4K Ultra-HD Smart Monitor 27-inch,Electronics,33,311,299.99,14,0
2025-11-10,SKU-ELEC-102,4K Ultra-HD Smart Monitor 27-inch,Electronics,37,280,299.99,14,0
2025-11-11,SKU-ELEC-102,4K Ultra-HD Smart Monitor 27-inch,Electronics,38,248,299.99,14,0
2025-11-12,SKU-ELEC-102,4K Ultra-HD Smart Monitor 27-inch,Electronics,26,226,299.99,14,0
2025-11-13,SKU-ELEC-102,4K Ultra-HD Smart Monitor 27-inch,Electronics,25,205,299.99,14,0
2025-11-14,SKU-ELEC-102,4K Ultra-HD Smart Monitor 27-inch,Electronics,33,177,299.99,14,0
2025-11-15,SKU-ELEC-102,4K Ultra-HD Smart Monitor 27-inch,Electronics,34,149,299.99,14,0
2025-11-16,SKU-ELEC-102,4K Ultra-HD Smart Monitor 27-inch,Electronics,41,115,299.99,14,0
2025-11-17,SKU-ELEC-102,4K Ultra-HD Smart Monitor 27-inch,Electronics,31,89,299.99,14,0
2025-11-18,SKU-ELEC-102,4K Ultra-HD Smart Monitor 27-inch,Electronics,21,72,299.99,14,0
2025-11-19,SKU-ELEC-102,4K Ultra-HD Smart Monitor 27-inch,Electronics,40,38,299.99,14,0
2025-11-20,SKU-ELEC-102,4K Ultra-HD Smart Monitor 27-inch,Electronics,41,4,299.99,14,0
2025-11-21,SKU-ELEC-102,4K Ultra-HD Smart Monitor 27-inch,Electronics,27,460,299.99,14,0
2025-11-22,SKU-ELEC-102,4K Ultra-HD Smart Monitor 27-inch,Electronics,36,430,299.99,14,0
2025-11-23,SKU-ELEC-102,4K Ultra-HD Smart Monitor 27-inch,Electronics,40,396,299.99,14,0
2025-11-24,SKU-ELEC-102,4K Ultra-HD Smart Monitor 27-inch,Electronics,33,368,299.99,14,0
2025-11-25,SKU-ELEC-102,4K Ultra-HD Smart Monitor 27-inch,Electronics,35,339,299.99,14,0
2025-11-26,SKU-ELEC-102,4K Ultra-HD Smart Monitor 27-inch,Electronics,43,303,299.99,14,0
2025-11-27,SKU-ELEC-102,4K Ultra-HD Smart Monitor 27-inch,Electronics,30,278,299.99,14,0
2025-11-28,SKU-ELEC-102,4K Ultra-HD Smart Monitor 27-inch,Electronics,26,256,299.99,14,0
2025-11-29,SKU-ELEC-102,4K Ultra-HD Smart Monitor 27-inch,Electronics,31,230,299.99,14,0
2025-11-30,SKU-ELEC-102,4K Ultra-HD Smart Monitor 27-inch,Electronics,35,201,299.99,14,0
2025-12-01,SKU-ELEC-102,4K Ultra-HD Smart Monitor 27-inch,Electronics,31,175,299.99,14,0
2025-12-02,SKU-ELEC-102,4K Ultra-HD Smart Monitor 27-inch,Electronics,42,140,299.99,14,0
2025-12-03,SKU-ELEC-102,4K Ultra-HD Smart Monitor 27-inch,Electronics,29,116,299.99,14,0
2025-12-04,SKU-ELEC-102,4K Ultra-HD Smart Monitor 27-inch,Electronics,33,88,299.99,14,0
2025-12-05,SKU-ELEC-102,4K Ultra-HD Smart Monitor 27-inch,Electronics,32,61,299.99,14,0
2025-12-06,SKU-ELEC-102,4K Ultra-HD Smart Monitor 27-inch,Electronics,47,22,299.99,14,0
2025-12-07,SKU-ELEC-102,4K Ultra-HD Smart Monitor 27-inch,Electronics,55,0,299.99,14,0
2025-12-08,SKU-ELEC-102,4K Ultra-HD Smart Monitor 27-inch,Electronics,29,0,299.99,14,0
2025-12-09,SKU-ELEC-102,4K Ultra-HD Smart Monitor 27-inch,Electronics,30,453,299.99,14,0
2025-12-10,SKU-ELEC-102,4K Ultra-HD Smart Monitor 27-inch,Electronics,39,420,299.99,14,0
2025-12-11,SKU-ELEC-102,4K Ultra-HD Smart Monitor 27-inch,Electronics,37,389,299.99,14,0
2025-12-12,SKU-ELEC-102,4K Ultra-HD Smart Monitor 27-inch,Electronics,44,352,299.99,14,0
2025-12-13,SKU-ELEC-102,4K Ultra-HD Smart Monitor 27-inch,Electronics,45,314,299.99,14,0
2025-12-14,SKU-ELEC-102,4K Ultra-HD Smart Monitor 27-inch,Electronics,39,281,299.99,14,0
2025-12-15,SKU-ELEC-102,4K Ultra-HD Smart Monitor 27-inch,Electronics,37,250,299.99,14,0
2025-12-16,SKU-ELEC-102,4K Ultra-HD Smart Monitor 27-inch,Electronics,40,216,299.99,14,0
2025-12-17,SKU-ELEC-102,4K Ultra-HD Smart Monitor 27-inch,Electronics,50,174,263.99,14,1
2025-12-18,SKU-ELEC-102,4K Ultra-HD Smart Monitor 27-inch,Electronics,48,134,263.99,14,1
2025-12-19,SKU-ELEC-102,4K Ultra-HD Smart Monitor 27-inch,Electronics,52,90,263.99,14,1
2025-12-20,SKU-ELEC-102,4K Ultra-HD Smart Monitor 27-inch,Electronics,64,36,263.99,14,1
2025-12-21,SKU-ELEC-102,4K Ultra-HD Smart Monitor 27-inch,Electronics,51,0,299.99,14,0
2025-12-22,SKU-ELEC-102,4K Ultra-HD Smart Monitor 27-inch,Electronics,38,0,299.99,14,0
2025-12-23,SKU-ELEC-102,4K Ultra-HD Smart Monitor 27-inch,Electronics,33,0,299.99,14,0
2025-12-24,SKU-ELEC-102,4K Ultra-HD Smart Monitor 27-inch,Electronics,35,0,299.99,14,0
2025-12-25,SKU-ELEC-102,4K Ultra-HD Smart Monitor 27-inch,Electronics,42,0,299.99,14,0
2025-12-26,SKU-ELEC-102,4K Ultra-HD Smart Monitor 27-inch,Electronics,30,0,299.99,14,0
2025-12-27,SKU-ELEC-102,4K Ultra-HD Smart Monitor 27-inch,Electronics,46,439,299.99,14,0
2025-12-28,SKU-ELEC-102,4K Ultra-HD Smart Monitor 27-inch,Electronics,41,405,299.99,14,0
2025-12-29,SKU-ELEC-102,4K Ultra-HD Smart Monitor 27-inch,Electronics,35,376,299.99,14,0
2025-12-30,SKU-ELEC-102,4K Ultra-HD Smart Monitor 27-inch,Electronics,43,340,299.99,14,0
2025-12-31,SKU-ELEC-102,4K Ultra-HD Smart Monitor 27-inch,Electronics,36,310,299.99,14,0
2026-01-01,SKU-ELEC-102,4K Ultra-HD Smart Monitor 27-inch,Electronics,36,280,299.99,14,0
2026-01-02,SKU-ELEC-102,4K Ultra-HD Smart Monitor 27-inch,Electronics,27,258,299.99,14,0
2026-01-03,SKU-ELEC-102,4K Ultra-HD Smart Monitor 27-inch,Electronics,49,217,299.99,14,0
2026-01-04,SKU-ELEC-102,4K Ultra-HD Smart Monitor 27-inch,Electronics,49,176,299.99,14,0
2026-01-05,SKU-ELEC-102,4K Ultra-HD Smart Monitor 27-inch,Electronics,49,135,299.99,14,0
2026-01-06,SKU-ELEC-102,4K Ultra-HD Smart Monitor 27-inch,Electronics,34,107,299.99,14,0
2026-01-07,SKU-ELEC-102,4K Ultra-HD Smart Monitor 27-inch,Electronics,38,75,299.99,14,0
2026-01-08,SKU-ELEC-102,4K Ultra-HD Smart Monitor 27-inch,Electronics,38,43,299.99,14,0
2026-01-09,SKU-ELEC-102,4K Ultra-HD Smart Monitor 27-inch,Electronics,46,4,299.99,14,0
2026-01-10,SKU-ELEC-102,4K Ultra-HD Smart Monitor 27-inch,Electronics,45,0,299.99,14,0
2026-01-11,SKU-ELEC-102,4K Ultra-HD Smart Monitor 27-inch,Electronics,48,0,299.99,14,0
2026-01-12,SKU-ELEC-102,4K Ultra-HD Smart Monitor 27-inch,Electronics,40,0,299.99,14,0
2026-01-13,SKU-ELEC-102,4K Ultra-HD Smart Monitor 27-inch,Electronics,38,0,299.99,14,0
2026-01-14,SKU-ELEC-102,4K Ultra-HD Smart Monitor 27-inch,Electronics,34,450,299.99,14,0
2026-01-15,SKU-ELEC-102,4K Ultra-HD Smart Monitor 27-inch,Electronics,38,418,299.99,14,0
2026-01-16,SKU-ELEC-102,4K Ultra-HD Smart Monitor 27-inch,Electronics,44,381,299.99,14,0
2026-01-17,SKU-ELEC-102,4K Ultra-HD Smart Monitor 27-inch,Electronics,41,347,299.99,14,0
2026-01-18,SKU-ELEC-102,4K Ultra-HD Smart Monitor 27-inch,Electronics,48,307,299.99,14,0
2026-01-19,SKU-ELEC-102,4K Ultra-HD Smart Monitor 27-inch,Electronics,34,279,299.99,14,0
2026-01-20,SKU-ELEC-102,4K Ultra-HD Smart Monitor 27-inch,Electronics,45,241,299.99,14,0
2026-01-21,SKU-ELEC-102,4K Ultra-HD Smart Monitor 27-inch,Electronics,29,217,299.99,14,0
2026-01-22,SKU-ELEC-102,4K Ultra-HD Smart Monitor 27-inch,Electronics,35,188,299.99,14,0
2026-01-23,SKU-ELEC-102,4K Ultra-HD Smart Monitor 27-inch,Electronics,40,154,299.99,14,0
2026-01-24,SKU-ELEC-102,4K Ultra-HD Smart Monitor 27-inch,Electronics,57,106,299.99,14,0
2026-01-25,SKU-ELEC-102,4K Ultra-HD Smart Monitor 27-inch,Electronics,48,66,299.99,14,0
2026-01-26,SKU-ELEC-102,4K Ultra-HD Smart Monitor 27-inch,Electronics,35,37,299.99,14,0
2026-01-27,SKU-ELEC-102,4K Ultra-HD Smart Monitor 27-inch,Electronics,50,0,299.99,14,0
2026-01-28,SKU-ELEC-102,4K Ultra-HD Smart Monitor 27-inch,Electronics,30,0,299.99,14,0
2026-01-29,SKU-ELEC-102,4K Ultra-HD Smart Monitor 27-inch,Electronics,26,0,299.99,14,0
2026-01-30,SKU-ELEC-102,4K Ultra-HD Smart Monitor 27-inch,Electronics,42,0,299.99,14,0
2026-01-31,SKU-ELEC-102,4K Ultra-HD Smart Monitor 27-inch,Electronics,46,0,299.99,14,0
2026-02-01,SKU-ELEC-102,4K Ultra-HD Smart Monitor 27-inch,Electronics,43,442,299.99,14,0
2026-02-02,SKU-ELEC-102,4K Ultra-HD Smart Monitor 27-inch,Electronics,44,405,299.99,14,0
2026-02-03,SKU-ELEC-102,4K Ultra-HD Smart Monitor 27-inch,Electronics,55,359,263.99,14,1
2026-02-04,SKU-ELEC-102,4K Ultra-HD Smart Monitor 27-inch,Electronics,50,317,263.99,14,1
2026-02-05,SKU-ELEC-102,4K Ultra-HD Smart Monitor 27-inch,Electronics,46,278,263.99,14,1
2026-02-06,SKU-ELEC-102,4K Ultra-HD Smart Monitor 27-inch,Electronics,59,228,263.99,14,1
2026-02-07,SKU-ELEC-102,4K Ultra-HD Smart Monitor 27-inch,Electronics,54,183,299.99,14,0
2026-02-08,SKU-ELEC-102,4K Ultra-HD Smart Monitor 27-inch,Electronics,50,141,299.99,14,0
2026-02-09,SKU-ELEC-102,4K Ultra-HD Smart Monitor 27-inch,Electronics,51,98,299.99,14,0
2026-02-10,SKU-ELEC-102,4K Ultra-HD Smart Monitor 27-inch,Electronics,34,70,299.99,14,0
2026-02-11,SKU-ELEC-102,4K Ultra-HD Smart Monitor 27-inch,Electronics,31,44,299.99,14,0
2026-02-12,SKU-ELEC-102,4K Ultra-HD Smart Monitor 27-inch,Electronics,36,14,299.99,14,0
2026-02-13,SKU-ELEC-102,4K Ultra-HD Smart Monitor 27-inch,Electronics,40,0,299.99,14,0
2026-02-14,SKU-ELEC-102,4K Ultra-HD Smart Monitor 27-inch,Electronics,52,0,299.99,14,0
2026-02-15,SKU-ELEC-102,4K Ultra-HD Smart Monitor 27-inch,Electronics,50,0,299.99,14,0
2026-02-16,SKU-ELEC-102,4K Ultra-HD Smart Monitor 27-inch,Electronics,43,0,299.99,14,0
2026-02-17,SKU-ELEC-102,4K Ultra-HD Smart Monitor 27-inch,Electronics,34,0,299.99,14,0
2026-02-18,SKU-ELEC-102,4K Ultra-HD Smart Monitor 27-inch,Electronics,50,0,299.99,14,0
2026-02-19,SKU-ELEC-102,4K Ultra-HD Smart Monitor 27-inch,Electronics,41,444,299.99,14,0
2026-02-20,SKU-ELEC-102,4K Ultra-HD Smart Monitor 27-inch,Electronics,48,404,299.99,14,0
2026-02-21,SKU-ELEC-102,4K Ultra-HD Smart Monitor 27-inch,Electronics,54,359,299.99,14,0
2026-02-22,SKU-ELEC-102,4K Ultra-HD Smart Monitor 27-inch,Electronics,55,313,299.99,14,0
2026-02-23,SKU-ELEC-102,4K Ultra-HD Smart Monitor 27-inch,Electronics,45,275,299.99,14,0
2026-02-24,SKU-ELEC-102,4K Ultra-HD Smart Monitor 27-inch,Electronics,44,238,299.99,14,0
2026-02-25,SKU-ELEC-102,4K Ultra-HD Smart Monitor 27-inch,Electronics,46,199,299.99,14,0
2026-02-26,SKU-ELEC-102,4K Ultra-HD Smart Monitor 27-inch,Electronics,50,157,299.99,14,0
2026-02-27,SKU-ELEC-102,4K Ultra-HD Smart Monitor 27-inch,Electronics,43,121,299.99,14,0
2026-02-28,SKU-ELEC-102,4K Ultra-HD Smart Monitor 27-inch,Electronics,57,73,299.99,14,0
2026-03-01,SKU-ELEC-102,4K Ultra-HD Smart Monitor 27-inch,Electronics,52,29,299.99,14,0
2026-03-02,SKU-ELEC-102,4K Ultra-HD Smart Monitor 27-inch,Electronics,51,0,299.99,14,0
2026-03-03,SKU-ELEC-102,4K Ultra-HD Smart Monitor 27-inch,Electronics,38,0,299.99,14,0
2026-03-04,SKU-ELEC-102,4K Ultra-HD Smart Monitor 27-inch,Electronics,53,0,299.99,14,0
2026-03-05,SKU-ELEC-102,4K Ultra-HD Smart Monitor 27-inch,Electronics,42,0,299.99,14,0
2026-03-06,SKU-ELEC-102,4K Ultra-HD Smart Monitor 27-inch,Electronics,34,0,299.99,14,0
2026-03-07,SKU-ELEC-102,4K Ultra-HD Smart Monitor 27-inch,Electronics,54,0,299.99,14,0
2026-03-08,SKU-ELEC-102,4K Ultra-HD Smart Monitor 27-inch,Electronics,49,0,299.99,14,0
2026-03-09,SKU-ELEC-102,4K Ultra-HD Smart Monitor 27-inch,Electronics,48,438,299.99,14,0
2026-03-10,SKU-ELEC-102,4K Ultra-HD Smart Monitor 27-inch,Electronics,39,405,299.99,14,0
2026-03-11,SKU-ELEC-102,4K Ultra-HD Smart Monitor 27-inch,Electronics,40,371,299.99,14,0
2026-03-12,SKU-ELEC-102,4K Ultra-HD Smart Monitor 27-inch,Electronics,32,344,299.99,14,0
2026-03-13,SKU-ELEC-102,4K Ultra-HD Smart Monitor 27-inch,Electronics,40,310,299.99,14,0
2026-03-14,SKU-ELEC-102,4K Ultra-HD Smart Monitor 27-inch,Electronics,39,277,299.99,14,0
2026-03-15,SKU-ELEC-102,4K Ultra-HD Smart Monitor 27-inch,Electronics,44,240,299.99,14,0
2026-03-16,SKU-ELEC-102,4K Ultra-HD Smart Monitor 27-inch,Electronics,48,200,299.99,14,0
2026-03-17,SKU-ELEC-102,4K Ultra-HD Smart Monitor 27-inch,Electronics,48,160,299.99,14,0
2026-03-18,SKU-ELEC-102,4K Ultra-HD Smart Monitor 27-inch,Electronics,46,121,299.99,14,0
2026-03-19,SKU-ELEC-102,4K Ultra-HD Smart Monitor 27-inch,Electronics,37,90,299.99,14,0
2026-03-20,SKU-ELEC-102,4K Ultra-HD Smart Monitor 27-inch,Electronics,43,54,299.99,14,0
2026-03-21,SKU-ELEC-102,4K Ultra-HD Smart Monitor 27-inch,Electronics,54,9,299.99,14,0
2026-03-22,SKU-ELEC-102,4K Ultra-HD Smart Monitor 27-inch,Electronics,47,0,299.99,14,0
2026-03-23,SKU-ELEC-102,4K Ultra-HD Smart Monitor 27-inch,Electronics,68,0,263.99,14,1
2026-03-24,SKU-ELEC-102,4K Ultra-HD Smart Monitor 27-inch,Electronics,64,0,263.99,14,1
2026-03-25,SKU-ELEC-102,4K Ultra-HD Smart Monitor 27-inch,Electronics,57,0,263.99,14,1
2026-03-26,SKU-ELEC-102,4K Ultra-HD Smart Monitor 27-inch,Electronics,59,0,263.99,14,1
2026-03-27,SKU-ELEC-102,4K Ultra-HD Smart Monitor 27-inch,Electronics,45,440,299.99,14,0
2026-03-28,SKU-ELEC-102,4K Ultra-HD Smart Monitor 27-inch,Electronics,42,405,299.99,14,0
2026-03-29,SKU-ELEC-102,4K Ultra-HD Smart Monitor 27-inch,Electronics,53,360,299.99,14,0
2026-03-30,SKU-ELEC-102,4K Ultra-HD Smart Monitor 27-inch,Electronics,40,326,299.99,14,0
2026-03-31,SKU-ELEC-102,4K Ultra-HD Smart Monitor 27-inch,Electronics,38,294,299.99,14,0
2026-04-01,SKU-ELEC-102,4K Ultra-HD Smart Monitor 27-inch,Electronics,42,259,299.99,14,0
2026-04-02,SKU-ELEC-102,4K Ultra-HD Smart Monitor 27-inch,Electronics,55,213,299.99,14,0
2026-04-03,SKU-ELEC-102,4K Ultra-HD Smart Monitor 27-inch,Electronics,48,173,299.99,14,0
2026-04-04,SKU-ELEC-102,4K Ultra-HD Smart Monitor 27-inch,Electronics,51,130,299.99,14,0
2026-04-05,SKU-ELEC-102,4K Ultra-HD Smart Monitor 27-inch,Electronics,58,81,299.99,14,0
2026-04-06,SKU-ELEC-102,4K Ultra-HD Smart Monitor 27-inch,Electronics,52,37,299.99,14,0
2026-04-07,SKU-ELEC-102,4K Ultra-HD Smart Monitor 27-inch,Electronics,49,0,299.99,14,0
2026-04-08,SKU-ELEC-102,4K Ultra-HD Smart Monitor 27-inch,Electronics,44,0,299.99,14,0
2026-04-09,SKU-ELEC-102,4K Ultra-HD Smart Monitor 27-inch,Electronics,40,0,299.99,14,0
2026-04-10,SKU-ELEC-102,4K Ultra-HD Smart Monitor 27-inch,Electronics,48,0,299.99,14,0
2026-04-11,SKU-ELEC-102,4K Ultra-HD Smart Monitor 27-inch,Electronics,57,0,299.99,14,0
2026-04-12,SKU-ELEC-102,4K Ultra-HD Smart Monitor 27-inch,Electronics,60,0,299.99,14,0
2026-04-13,SKU-ELEC-102,4K Ultra-HD Smart Monitor 27-inch,Electronics,48,0,299.99,14,0
2026-04-14,SKU-ELEC-102,4K Ultra-HD Smart Monitor 27-inch,Electronics,50,436,299.99,14,0
2026-04-15,SKU-ELEC-102,4K Ultra-HD Smart Monitor 27-inch,Electronics,41,402,299.99,14,0
2026-04-16,SKU-ELEC-102,4K Ultra-HD Smart Monitor 27-inch,Electronics,52,358,299.99,14,0
2026-04-17,SKU-ELEC-102,4K Ultra-HD Smart Monitor 27-inch,Electronics,45,320,299.99,14,0
2026-04-18,SKU-ELEC-102,4K Ultra-HD Smart Monitor 27-inch,Electronics,67,264,299.99,14,0
2026-04-19,SKU-ELEC-102,4K Ultra-HD Smart Monitor 27-inch,Electronics,51,221,299.99,14,0
2026-04-20,SKU-ELEC-102,4K Ultra-HD Smart Monitor 27-inch,Electronics,54,176,299.99,14,0
2026-04-21,SKU-ELEC-102,4K Ultra-HD Smart Monitor 27-inch,Electronics,45,138,299.99,14,0
2026-04-22,SKU-ELEC-102,4K Ultra-HD Smart Monitor 27-inch,Electronics,40,104,299.99,14,0
2026-04-23,SKU-ELEC-102,4K Ultra-HD Smart Monitor 27-inch,Electronics,41,70,299.99,14,0
2026-04-24,SKU-ELEC-102,4K Ultra-HD Smart Monitor 27-inch,Electronics,42,35,299.99,14,0
2026-04-25,SKU-ELEC-102,4K Ultra-HD Smart Monitor 27-inch,Electronics,57,0,299.99,14,0
2026-04-26,SKU-ELEC-102,4K Ultra-HD Smart Monitor 27-inch,Electronics,58,0,299.99,14,0
2026-04-27,SKU-ELEC-102,4K Ultra-HD Smart Monitor 27-inch,Electronics,40,0,299.99,14,0
2026-04-28,SKU-ELEC-102,4K Ultra-HD Smart Monitor 27-inch,Electronics,44,0,299.99,14,0
2026-04-29,SKU-ELEC-102,4K Ultra-HD Smart Monitor 27-inch,Electronics,57,0,299.99,14,0
2026-04-30,SKU-ELEC-102,4K Ultra-HD Smart Monitor 27-inch,Electronics,54,0,299.99,14,0
2026-05-01,SKU-ELEC-102,4K Ultra-HD Smart Monitor 27-inch,Electronics,46,0,299.99,14,0
2026-05-02,SKU-ELEC-102,4K Ultra-HD Smart Monitor 27-inch,Electronics,55,432,299.99,14,0
2026-05-03,SKU-ELEC-102,4K Ultra-HD Smart Monitor 27-inch,Electronics,55,386,299.99,14,0
2026-05-04,SKU-ELEC-102,4K Ultra-HD Smart Monitor 27-inch,Electronics,47,347,299.99,14,0
2026-05-05,SKU-ELEC-102,4K Ultra-HD Smart Monitor 27-inch,Electronics,37,316,299.99,14,0
2026-05-06,SKU-ELEC-102,4K Ultra-HD Smart Monitor 27-inch,Electronics,42,281,299.99,14,0
2026-05-07,SKU-ELEC-102,4K Ultra-HD Smart Monitor 27-inch,Electronics,33,253,299.99,14,0
2026-05-08,SKU-ELEC-102,4K Ultra-HD Smart Monitor 27-inch,Electronics,46,214,299.99,14,0
2026-05-09,SKU-ELEC-102,4K Ultra-HD Smart Monitor 27-inch,Electronics,58,165,299.99,14,0
2026-05-10,SKU-ELEC-102,4K Ultra-HD Smart Monitor 27-inch,Electronics,70,106,263.99,14,1
2026-05-11,SKU-ELEC-102,4K Ultra-HD Smart Monitor 27-inch,Electronics,68,49,263.99,14,1
2026-05-12,SKU-ELEC-102,4K Ultra-HD Smart Monitor 27-inch,Electronics,51,6,263.99,14,1
2026-05-13,SKU-ELEC-102,4K Ultra-HD Smart Monitor 27-inch,Electronics,49,0,263.99,14,1
2026-05-14,SKU-ELEC-102,4K Ultra-HD Smart Monitor 27-inch,Electronics,44,0,299.99,14,0
2026-05-15,SKU-ELEC-102,4K Ultra-HD Smart Monitor 27-inch,Electronics,49,0,299.99,14,0
2026-05-16,SKU-ELEC-102,4K Ultra-HD Smart Monitor 27-inch,Electronics,64,0,299.99,14,0
2026-05-17,SKU-ELEC-102,4K Ultra-HD Smart Monitor 27-inch,Electronics,51,0,299.99,14,0
2026-05-18,SKU-ELEC-102,4K Ultra-HD Smart Monitor 27-inch,Electronics,49,0,299.99,14,0
2026-05-19,SKU-ELEC-102,4K Ultra-HD Smart Monitor 27-inch,Electronics,43,0,299.99,14,0
2026-05-20,SKU-ELEC-102,4K Ultra-HD Smart Monitor 27-inch,Electronics,42,443,299.99,14,0
2026-05-21,SKU-ELEC-102,4K Ultra-HD Smart Monitor 27-inch,Electronics,48,403,299.99,14,0
2026-05-22,SKU-ELEC-102,4K Ultra-HD Smart Monitor 27-inch,Electronics,46,364,299.99,14,0
2026-05-23,SKU-ELEC-102,4K Ultra-HD Smart Monitor 27-inch,Electronics,44,327,299.99,14,0
2026-05-24,SKU-ELEC-102,4K Ultra-HD Smart Monitor 27-inch,Electronics,62,275,299.99,14,0
2026-05-25,SKU-ELEC-102,4K Ultra-HD Smart Monitor 27-inch,Electronics,51,232,299.99,14,0
2026-05-26,SKU-ELEC-102,4K Ultra-HD Smart Monitor 27-inch,Electronics,38,200,299.99,14,0
2026-05-27,SKU-ELEC-102,4K Ultra-HD Smart Monitor 27-inch,Electronics,45,162,299.99,14,0
2026-05-28,SKU-ELEC-102,4K Ultra-HD Smart Monitor 27-inch,Electronics,45,124,299.99,14,0
2026-05-29,SKU-ELEC-102,4K Ultra-HD Smart Monitor 27-inch,Electronics,44,87,299.99,14,0
2026-05-30,SKU-ELEC-102,4K Ultra-HD Smart Monitor 27-inch,Electronics,49,46,299.99,14,0
2026-05-31,SKU-ELEC-102,4K Ultra-HD Smart Monitor 27-inch,Electronics,48,6,299.99,14,0
2026-06-01,SKU-ELEC-102,4K Ultra-HD Smart Monitor 27-inch,Electronics,42,0,299.99,14,0
2026-06-02,SKU-ELEC-102,4K Ultra-HD Smart Monitor 27-inch,Electronics,49,0,299.99,14,0
2026-06-03,SKU-ELEC-102,4K Ultra-HD Smart Monitor 27-inch,Electronics,45,0,299.99,14,0
2026-06-04,SKU-ELEC-102,4K Ultra-HD Smart Monitor 27-inch,Electronics,39,0,299.99,14,0
2026-06-05,SKU-ELEC-102,4K Ultra-HD Smart Monitor 27-inch,Electronics,46,0,299.99,14,0
2026-06-06,SKU-ELEC-102,4K Ultra-HD Smart Monitor 27-inch,Electronics,35,0,299.99,14,0
2026-06-07,SKU-ELEC-102,4K Ultra-HD Smart Monitor 27-inch,Electronics,58,429,299.99,14,0
2026-06-08,SKU-ELEC-102,4K Ultra-HD Smart Monitor 27-inch,Electronics,31,403,299.99,14,0
2026-06-09,SKU-ELEC-102,4K Ultra-HD Smart Monitor 27-inch,Electronics,39,370,299.99,14,0
2026-06-10,SKU-ELEC-102,4K Ultra-HD Smart Monitor 27-inch,Electronics,34,342,299.99,14,0
2026-06-11,SKU-ELEC-102,4K Ultra-HD Smart Monitor 27-inch,Electronics,33,314,299.99,14,0
2026-06-12,SKU-ELEC-102,4K Ultra-HD Smart Monitor 27-inch,Electronics,48,274,299.99,14,0
2026-06-13,SKU-ELEC-102,4K Ultra-HD Smart Monitor 27-inch,Electronics,48,234,299.99,14,0
2026-06-14,SKU-ELEC-102,4K Ultra-HD Smart Monitor 27-inch,Electronics,53,189,299.99,14,0
2026-06-15,SKU-ELEC-102,4K Ultra-HD Smart Monitor 27-inch,Electronics,40,155,299.99,14,0
2026-06-16,SKU-ELEC-102,4K Ultra-HD Smart Monitor 27-inch,Electronics,43,119,299.99,14,0
2026-06-17,SKU-ELEC-102,4K Ultra-HD Smart Monitor 27-inch,Electronics,41,85,299.99,14,0
2026-06-18,SKU-ELEC-102,4K Ultra-HD Smart Monitor 27-inch,Electronics,33,57,299.99,14,0
2026-06-19,SKU-ELEC-102,4K Ultra-HD Smart Monitor 27-inch,Electronics,46,18,299.99,14,0
2026-06-20,SKU-ELEC-102,4K Ultra-HD Smart Monitor 27-inch,Electronics,47,0,299.99,14,0
2026-06-21,SKU-ELEC-102,4K Ultra-HD Smart Monitor 27-inch,Electronics,41,0,299.99,14,0
2026-06-22,SKU-ELEC-102,4K Ultra-HD Smart Monitor 27-inch,Electronics,37,0,299.99,14,0
2026-06-23,SKU-ELEC-102,4K Ultra-HD Smart Monitor 27-inch,Electronics,49,0,299.99,14,0
2026-06-24,SKU-ELEC-102,4K Ultra-HD Smart Monitor 27-inch,Electronics,45,0,299.99,14,0
2025-01-01,SKU-ELEC-103,Ergonomic Mechanical Keyboard,Electronics,36,180,89.99,7,0
2025-01-02,SKU-ELEC-103,Ergonomic Mechanical Keyboard,Electronics,36,150,89.99,7,0
2025-01-03,SKU-ELEC-103,Ergonomic Mechanical Keyboard,Electronics,36,120,89.99,7,0
2025-01-04,SKU-ELEC-103,Ergonomic Mechanical Keyboard,Electronics,65,65,89.99,7,0
2025-01-05,SKU-ELEC-103,Ergonomic Mechanical Keyboard,Electronics,53,20,89.99,7,0
2025-01-06,SKU-ELEC-103,Ergonomic Mechanical Keyboard,Electronics,42,0,89.99,7,0
2025-01-07,SKU-ELEC-103,Ergonomic Mechanical Keyboard,Electronics,46,0,89.99,7,0
2025-01-08,SKU-ELEC-103,Ergonomic Mechanical Keyboard,Electronics,41,0,89.99,7,0
2025-01-09,SKU-ELEC-103,Ergonomic Mechanical Keyboard,Electronics,37,0,89.99,7,0
2025-01-10,SKU-ELEC-103,Ergonomic Mechanical Keyboard,Electronics,38,0,89.99,7,0
2025-01-11,SKU-ELEC-103,Ergonomic Mechanical Keyboard,Electronics,51,0,89.99,7,0
2025-01-12,SKU-ELEC-103,Ergonomic Mechanical Keyboard,Electronics,51,354,89.99,7,0
2025-01-13,SKU-ELEC-103,Ergonomic Mechanical Keyboard,Electronics,45,316,89.99,7,0
2025-01-14,SKU-ELEC-103,Ergonomic Mechanical Keyboard,Electronics,40,282,89.99,7,0
2025-01-15,SKU-ELEC-103,Ergonomic Mechanical Keyboard,Electronics,59,232,79.19,7,1
2025-01-16,SKU-ELEC-103,Ergonomic Mechanical Keyboard,Electronics,53,187,79.19,7,1
2025-01-17,SKU-ELEC-103,Ergonomic Mechanical Keyboard,Electronics,55,141,79.19,7,1
2025-01-18,SKU-ELEC-103,Ergonomic Mechanical Keyboard,Electronics,57,93,79.19,7,1
2025-01-19,SKU-ELEC-103,Ergonomic Mechanical Keyboard,Electronics,59,43,89.99,7,0
2025-01-20,SKU-ELEC-103,Ergonomic Mechanical Keyboard,Electronics,43,7,89.99,7,0
2025-01-21,SKU-ELEC-103,Ergonomic Mechanical Keyboard,Electronics,48,0,89.99,7,0
2025-01-22,SKU-ELEC-103,Ergonomic Mechanical Keyboard,Electronics,20,0,89.99,7,0
2025-01-23,SKU-ELEC-103,Ergonomic Mechanical Keyboard,Electronics,55,351,89.99,7,0
2025-01-24,SKU-ELEC-103,Ergonomic Mechanical Keyboard,Electronics,40,317,89.99,7,0
2025-01-25,SKU-ELEC-103,Ergonomic Mechanical Keyboard,Electronics,61,266,89.99,7,0
2025-01-26,SKU-ELEC-103,Ergonomic Mechanical Keyboard,Electronics,46,227,89.99,7,0
2025-01-27,SKU-ELEC-103,Ergonomic Mechanical Keyboard,Electronics,46,188,89.99,7,0
2025-01-28,SKU-ELEC-103,Ergonomic Mechanical Keyboard,Electronics,34,160,89.99,7,0
2025-01-29,SKU-ELEC-103,Ergonomic Mechanical Keyboard,Electronics,37,129,89.99,7,0
2025-01-30,SKU-ELEC-103,Ergonomic Mechanical Keyboard,Electronics,55,83,89.99,7,0
2025-01-31,SKU-ELEC-103,Ergonomic Mechanical Keyboard,Electronics,40,49,89.99,7,0
2025-02-01,SKU-ELEC-103,Ergonomic Mechanical Keyboard,Electronics,56,2,89.99,7,0
2025-02-02,SKU-ELEC-103,Ergonomic Mechanical Keyboard,Electronics,61,0,89.99,7,0
2025-02-03,SKU-ELEC-103,Ergonomic Mechanical Keyboard,Electronics,46,358,89.99,7,0
2025-02-04,SKU-ELEC-103,Ergonomic Mechanical Keyboard,Electronics,43,322,89.99,7,0
2025-02-05,SKU-ELEC-103,Ergonomic Mechanical Keyboard,Electronics,45,284,89.99,7,0
2025-02-06,SKU-ELEC-103,Ergonomic Mechanical Keyboard,Electronics,59,234,89.99,7,0
2025-02-07,SKU-ELEC-103,Ergonomic Mechanical Keyboard,Electronics,42,199,89.99,7,0
2025-02-08,SKU-ELEC-103,Ergonomic Mechanical Keyboard,Electronics,57,151,89.99,7,0
2025-02-09,SKU-ELEC-103,Ergonomic Mechanical Keyboard,Electronics,63,98,89.99,7,0
2025-02-10,SKU-ELEC-103,Ergonomic Mechanical Keyboard,Electronics,51,55,89.99,7,0
2025-02-11,SKU-ELEC-103,Ergonomic Mechanical Keyboard,Electronics,51,12,89.99,7,0
2025-02-12,SKU-ELEC-103,Ergonomic Mechanical Keyboard,Electronics,48,0,89.99,7,0
2025-02-13,SKU-ELEC-103,Ergonomic Mechanical Keyboard,Electronics,35,0,89.99,7,0
2025-02-14,SKU-ELEC-103,Ergonomic Mechanical Keyboard,Electronics,55,351,89.99,7,0
2025-02-15,SKU-ELEC-103,Ergonomic Mechanical Keyboard,Electronics,48,311,89.99,7,0
2025-02-16,SKU-ELEC-103,Ergonomic Mechanical Keyboard,Electronics,59,261,89.99,7,0
2025-02-17,SKU-ELEC-103,Ergonomic Mechanical Keyboard,Electronics,38,229,89.99,7,0
2025-02-18,SKU-ELEC-103,Ergonomic Mechanical Keyboard,Electronics,43,193,89.99,7,0
2025-02-19,SKU-ELEC-103,Ergonomic Mechanical Keyboard,Electronics,46,154,89.99,7,0
2025-02-20,SKU-ELEC-103,Ergonomic Mechanical Keyboard,Electronics,46,115,89.99,7,0
2025-02-21,SKU-ELEC-103,Ergonomic Mechanical Keyboard,Electronics,47,76,89.99,7,0
2025-02-22,SKU-ELEC-103,Ergonomic Mechanical Keyboard,Electronics,68,19,89.99,7,0
2025-02-23,SKU-ELEC-103,Ergonomic Mechanical Keyboard,Electronics,60,0,89.99,7,0
2025-02-24,SKU-ELEC-103,Ergonomic Mechanical Keyboard,Electronics,42,0,89.99,7,0
2025-02-25,SKU-ELEC-103,Ergonomic Mechanical Keyboard,Electronics,51,354,89.99,7,0
2025-02-26,SKU-ELEC-103,Ergonomic Mechanical Keyboard,Electronics,53,309,89.99,7,0
2025-02-27,SKU-ELEC-103,Ergonomic Mechanical Keyboard,Electronics,36,279,89.99,7,0
2025-02-28,SKU-ELEC-103,Ergonomic Mechanical Keyboard,Electronics,49,238,89.99,7,0
2025-03-01,SKU-ELEC-103,Ergonomic Mechanical Keyboard,Electronics,63,185,89.99,7,0
2025-03-02,SKU-ELEC-103,Ergonomic Mechanical Keyboard,Electronics,56,138,89.99,7,0
2025-03-03,SKU-ELEC-103,Ergonomic Mechanical Keyboard,Electronics,54,93,89.99,7,0
2025-03-04,SKU-ELEC-103,Ergonomic Mechanical Keyboard,Electronics,59,43,79.19,7,1
2025-03-05,SKU-ELEC-103,Ergonomic Mechanical Keyboard,Electronics,61,0,79.19,7,1
2025-03-06,SKU-ELEC-103,Ergonomic Mechanical Keyboard,Electronics,59,0,79.19,7,1
2025-03-07,SKU-ELEC-103,Ergonomic Mechanical Keyboard,Electronics,61,0,79.19,7,1
2025-03-08,SKU-ELEC-103,Ergonomic Mechanical Keyboard,Electronics,51,354,89.99,7,0
2025-03-09,SKU-ELEC-103,Ergonomic Mechanical Keyboard,Electronics,49,313,89.99,7,0
2025-03-10,SKU-ELEC-103,Ergonomic Mechanical Keyboard,Electronics,56,266,89.99,7,0
2025-03-11,SKU-ELEC-103,Ergonomic Mechanical Keyboard,Electronics,39,233,89.99,7,0
2025-03-12,SKU-ELEC-103,Ergonomic Mechanical Keyboard,Electronics,38,201,89.99,7,0
2025-03-13,SKU-ELEC-103,Ergonomic Mechanical Keyboard,Electronics,30,176,89.99,7,0
2025-03-14,SKU-ELEC-103,Ergonomic Mechanical Keyboard,Electronics,41,142,89.99,7,0
2025-03-15,SKU-ELEC-103,Ergonomic Mechanical Keyboard,Electronics,50,100,89.99,7,0
2025-03-16,SKU-ELEC-103,Ergonomic Mechanical Keyboard,Electronics,71,40,89.99,7,0
2025-03-17,SKU-ELEC-103,Ergonomic Mechanical Keyboard,Electronics,53,0,89.99,7,0
2025-03-18,SKU-ELEC-103,Ergonomic Mechanical Keyboard,Electronics,41,0,89.99,7,0
2025-03-19,SKU-ELEC-103,Ergonomic Mechanical Keyboard,Electronics,61,346,89.99,7,0
2025-03-20,SKU-ELEC-103,Ergonomic Mechanical Keyboard,Electronics,52,302,89.99,7,0
2025-03-21,SKU-ELEC-103,Ergonomic Mechanical Keyboard,Electronics,43,266,89.99,7,0
2025-03-22,SKU-ELEC-103,Ergonomic Mechanical Keyboard,Electronics,42,231,89.99,7,0
2025-03-23,SKU-ELEC-103,Ergonomic Mechanical Keyboard,Electronics,75,168,89.99,7,0
2025-03-24,SKU-ELEC-103,Ergonomic Mechanical Keyboard,Electronics,36,138,89.99,7,0
2025-03-25,SKU-ELEC-103,Ergonomic Mechanical Keyboard,Electronics,34,110,89.99,7,0
2025-03-26,SKU-ELEC-103,Ergonomic Mechanical Keyboard,Electronics,53,65,89.99,7,0
2025-03-27,SKU-ELEC-103,Ergonomic Mechanical Keyboard,Electronics,63,12,89.99,7,0
2025-03-28,SKU-ELEC-103,Ergonomic Mechanical Keyboard,Electronics,56,0,89.99,7,0
2025-03-29,SKU-ELEC-103,Ergonomic Mechanical Keyboard,Electronics,64,0,89.99,7,0
2025-03-30,SKU-ELEC-103,Ergonomic Mechanical Keyboard,Electronics,64,343,89.99,7,0
2025-03-31,SKU-ELEC-103,Ergonomic Mechanical Keyboard,Electronics,52,299,89.99,7,0
2025-04-01,SKU-ELEC-103,Ergonomic Mechanical Keyboard,Electronics,51,256,89.99,7,0
2025-04-02,SKU-ELEC-103,Ergonomic Mechanical Keyboard,Electronics,48,216,89.99,7,0
2025-04-03,SKU-ELEC-103,Ergonomic Mechanical Keyboard,Electronics,47,177,89.99,7,0
2025-04-04,SKU-ELEC-103,Ergonomic Mechanical Keyboard,Electronics,45,139,89.99,7,0
2025-04-05,SKU-ELEC-103,Ergonomic Mechanical Keyboard,Electronics,54,94,89.99,7,0
2025-04-06,SKU-ELEC-103,Ergonomic Mechanical Keyboard,Electronics,58,45,89.99,7,0
2025-04-07,SKU-ELEC-103,Ergonomic Mechanical Keyboard,Electronics,34,17,89.99,7,0
2025-04-08,SKU-ELEC-103,Ergonomic Mechanical Keyboard,Electronics,45,0,89.99,7,0
2025-04-09,SKU-ELEC-103,Ergonomic Mechanical Keyboard,Electronics,39,0,89.99,7,0
2025-04-10,SKU-ELEC-103,Ergonomic Mechanical Keyboard,Electronics,38,365,89.99,7,0
2025-04-11,SKU-ELEC-103,Ergonomic Mechanical Keyboard,Electronics,47,326,89.99,7,0
2025-04-12,SKU-ELEC-103,Ergonomic Mechanical Keyboard,Electronics,69,268,89.99,7,0
2025-04-13,SKU-ELEC-103,Ergonomic Mechanical Keyboard,Electronics,66,212,89.99,7,0
2025-04-14,SKU-ELEC-103,Ergonomic Mechanical Keyboard,Electronics,35,183,89.99,7,0
2025-04-15,SKU-ELEC-103,Ergonomic Mechanical Keyboard,Electronics,39,150,89.99,7,0
2025-04-16,SKU-ELEC-103,Ergonomic Mechanical Keyboard,Electronics,52,106,89.99,7,0
2025-04-17,SKU-ELEC-103,Ergonomic Mechanical Keyboard,Electronics,39,73,89.99,7,0
2025-04-18,SKU-ELEC-103,Ergonomic Mechanical Keyboard,Electronics,44,36,89.99,7,0
2025-04-19,SKU-ELEC-103,Ergonomic Mechanical Keyboard,Electronics,63,0,89.99,7,0
2025-04-20,SKU-ELEC-103,Ergonomic Mechanical Keyboard,Electronics,53,0,89.99,7,0
2025-04-21,SKU-ELEC-103,Ergonomic Mechanical Keyboard,Electronics,62,345,79.19,7,1
2025-04-22,SKU-ELEC-103,Ergonomic Mechanical Keyboard,Electronics,52,301,79.19,7,1
2025-04-23,SKU-ELEC-103,Ergonomic Mechanical Keyboard,Electronics,57,253,79.19,7,1
2025-04-24,SKU-ELEC-103,Ergonomic Mechanical Keyboard,Electronics,64,199,79.19,7,1
2025-04-25,SKU-ELEC-103,Ergonomic Mechanical Keyboard,Electronics,34,171,89.99,7,0
2025-04-26,SKU-ELEC-103,Ergonomic Mechanical Keyboard,Electronics,62,119,89.99,7,0
2025-04-27,SKU-ELEC-103,Ergonomic Mechanical Keyboard,Electronics,59,69,89.99,7,0
2025-04-28,SKU-ELEC-103,Ergonomic Mechanical Keyboard,Electronics,49,28,89.99,7,0
2025-04-29,SKU-ELEC-103,Ergonomic Mechanical Keyboard,Electronics,47,0,89.99,7,0
2025-04-30,SKU-ELEC-103,Ergonomic Mechanical Keyboard,Electronics,55,0,89.99,7,0
2025-05-01,SKU-ELEC-103,Ergonomic Mechanical Keyboard,Electronics,46,0,89.99,7,0
2025-05-02,SKU-ELEC-103,Ergonomic Mechanical Keyboard,Electronics,42,362,89.99,7,0
2025-05-03,SKU-ELEC-103,Ergonomic Mechanical Keyboard,Electronics,60,311,89.99,7,0
2025-05-04,SKU-ELEC-103,Ergonomic Mechanical Keyboard,Electronics,63,258,89.99,7,0
2025-05-05,SKU-ELEC-103,Ergonomic Mechanical Keyboard,Electronics,45,220,89.99,7,0
2025-05-06,SKU-ELEC-103,Ergonomic Mechanical Keyboard,Electronics,45,182,89.99,7,0
2025-05-07,SKU-ELEC-103,Ergonomic Mechanical Keyboard,Electronics,40,148,89.99,7,0
2025-05-08,SKU-ELEC-103,Ergonomic Mechanical Keyboard,Electronics,40,114,89.99,7,0
2025-05-09,SKU-ELEC-103,Ergonomic Mechanical Keyboard,Electronics,35,85,89.99,7,0
2025-05-10,SKU-ELEC-103,Ergonomic Mechanical Keyboard,Electronics,71,25,89.99,7,0
2025-05-11,SKU-ELEC-103,Ergonomic Mechanical Keyboard,Electronics,50,0,89.99,7,0
2025-05-12,SKU-ELEC-103,Ergonomic Mechanical Keyboard,Electronics,40,0,89.99,7,0
2025-05-13,SKU-ELEC-103,Ergonomic Mechanical Keyboard,Electronics,40,363,89.99,7,0
2025-05-14,SKU-ELEC-103,Ergonomic Mechanical Keyboard,Electronics,51,320,89.99,7,0
2025-05-15,SKU-ELEC-103,Ergonomic Mechanical Keyboard,Electronics,42,285,89.99,7,0
2025-05-16,SKU-ELEC-103,Ergonomic Mechanical Keyboard,Electronics,53,240,89.99,7,0
2025-05-17,SKU-ELEC-103,Ergonomic Mechanical Keyboard,Electronics,53,195,89.99,7,0
2025-05-18,SKU-ELEC-103,Ergonomic Mechanical Keyboard,Electronics,60,144,89.99,7,0
2025-05-19,SKU-ELEC-103,Ergonomic Mechanical Keyboard,Electronics,38,112,89.99,7,0
2025-05-20,SKU-ELEC-103,Ergonomic Mechanical Keyboard,Electronics,59,62,89.99,7,0
2025-05-21,SKU-ELEC-103,Ergonomic Mechanical Keyboard,Electronics,36,32,89.99,7,0
2025-05-22,SKU-ELEC-103,Ergonomic Mechanical Keyboard,Electronics,46,0,89.99,7,0
2025-05-23,SKU-ELEC-103,Ergonomic Mechanical Keyboard,Electronics,48,0,89.99,7,0
2025-05-24,SKU-ELEC-103,Ergonomic Mechanical Keyboard,Electronics,60,346,89.99,7,0
2025-05-25,SKU-ELEC-103,Ergonomic Mechanical Keyboard,Electronics,56,299,89.99,7,0
2025-05-26,SKU-ELEC-103,Ergonomic Mechanical Keyboard,Electronics,43,263,89.99,7,0
2025-05-27,SKU-ELEC-103,Ergonomic Mechanical Keyboard,Electronics,44,226,89.99,7,0
2025-05-28,SKU-ELEC-103,Ergonomic Mechanical Keyboard,Electronics,42,191,89.99,7,0
2025-05-29,SKU-ELEC-103,Ergonomic Mechanical Keyboard,Electronics,50,149,89.99,7,0
2025-05-30,SKU-ELEC-103,Ergonomic Mechanical Keyboard,Electronics,59,99,89.99,7,0
2025-05-31,SKU-ELEC-103,Ergonomic Mechanical Keyboard,Electronics,52,55,89.99,7,0
2025-06-01,SKU-ELEC-103,Ergonomic Mechanical Keyboard,Electronics,46,16,89.99,7,0
2025-06-02,SKU-ELEC-103,Ergonomic Mechanical Keyboard,Electronics,42,0,89.99,7,0
2025-06-03,SKU-ELEC-103,Ergonomic Mechanical Keyboard,Electronics,61,0,89.99,7,0
2025-06-04,SKU-ELEC-103,Ergonomic Mechanical Keyboard,Electronics,37,366,89.99,7,0
2025-06-05,SKU-ELEC-103,Ergonomic Mechanical Keyboard,Electronics,54,321,89.99,7,0
2025-06-06,SKU-ELEC-103,Ergonomic Mechanical Keyboard,Electronics,54,276,89.99,7,0
2025-06-07,SKU-ELEC-103,Ergonomic Mechanical Keyboard,Electronics,51,233,89.99,7,0
2025-06-08,SKU-ELEC-103,Ergonomic Mechanical Keyboard,Electronics,78,167,79.19,7,1
2025-06-09,SKU-ELEC-103,Ergonomic Mechanical Keyboard,Electronics,68,110,79.19,7,1
2025-06-10,SKU-ELEC-103,Ergonomic Mechanical Keyboard,Electronics,54,65,79.19,7,1
2025-06-11,SKU-ELEC-103,Ergonomic Mechanical Keyboard,Electronics,55,19,79.19,7,1
2025-06-12,SKU-ELEC-103,Ergonomic Mechanical Keyboard,Electronics,38,0,89.99,7,0
2025-06-13,SKU-ELEC-103,Ergonomic Mechanical Keyboard,Electronics,35,0,89.99,7,0
2025-06-14,SKU-ELEC-103,Ergonomic Mechanical Keyboard,Electronics,50,0,89.99,7,0
2025-06-15,SKU-ELEC-103,Ergonomic Mechanical Keyboard,Electronics,46,358,89.99,7,0
2025-06-16,SKU-ELEC-103,Ergonomic Mechanical Keyboard,Electronics,42,323,89.99,7,0
2025-06-17,SKU-ELEC-103,Ergonomic Mechanical Keyboard,Electronics,36,293,89.99,7,0
2025-06-18,SKU-ELEC-103,Ergonomic Mechanical Keyboard,Electronics,43,257,89.99,7,0
2025-06-19,SKU-ELEC-103,Ergonomic Mechanical Keyboard,Electronics,30,232,89.99,7,0
2025-06-20,SKU-ELEC-103,Ergonomic Mechanical Keyboard,Electronics,43,196,89.99,7,0
2025-06-21,SKU-ELEC-103,Ergonomic Mechanical Keyboard,Electronics,59,146,89.99,7,0
2025-06-22,SKU-ELEC-103,Ergonomic Mechanical Keyboard,Electronics,39,113,89.99,7,0
2025-06-23,SKU-ELEC-103,Ergonomic Mechanical Keyboard,Electronics,43,77,89.99,7,0
2025-06-24,SKU-ELEC-103,Ergonomic Mechanical Keyboard,Electronics,49,36,89.99,7,0
2025-06-25,SKU-ELEC-103,Ergonomic Mechanical Keyboard,Electronics,32,9,89.99,7,0
2025-06-26,SKU-ELEC-103,Ergonomic Mechanical Keyboard,Electronics,52,362,89.99,7,0
2025-06-27,SKU-ELEC-103,Ergonomic Mechanical Keyboard,Electronics,43,326,89.99,7,0
2025-06-28,SKU-ELEC-103,Ergonomic Mechanical Keyboard,Electronics,47,287,89.99,7,0
2025-06-29,SKU-ELEC-103,Ergonomic Mechanical Keyboard,Electronics,52,243,89.99,7,0
2025-06-30,SKU-ELEC-103,Ergonomic Mechanical Keyboard,Electronics,44,206,89.99,7,0
2025-07-01,SKU-ELEC-103,Ergonomic Mechanical Keyboard,Electronics,40,172,89.99,7,0
2025-07-02,SKU-ELEC-103,Ergonomic Mechanical Keyboard,Electronics,44,135,89.99,7,0
2025-07-03,SKU-ELEC-103,Ergonomic Mechanical Keyboard,Electronics,33,107,89.99,7,0
2025-07-04,SKU-ELEC-103,Ergonomic Mechanical Keyboard,Electronics,41,73,89.99,7,0
2025-07-05,SKU-ELEC-103,Ergonomic Mechanical Keyboard,Electronics,41,39,89.99,7,0
2025-07-06,SKU-ELEC-103,Ergonomic Mechanical Keyboard,Electronics,50,0,89.99,7,0
2025-07-07,SKU-ELEC-103,Ergonomic Mechanical Keyboard,Electronics,33,369,89.99,7,0
2025-07-08,SKU-ELEC-103,Ergonomic Mechanical Keyboard,Electronics,34,341,89.99,7,0
2025-07-09,SKU-ELEC-103,Ergonomic Mechanical Keyboard,Electronics,48,301,89.99,7,0
2025-07-10,SKU-ELEC-103,Ergonomic Mechanical Keyboard,Electronics,47,262,89.99,7,0
2025-07-11,SKU-ELEC-103,Ergonomic Mechanical Keyboard,Electronics,43,226,89.99,7,0
2025-07-12,SKU-ELEC-103,Ergonomic Mechanical Keyboard,Electronics,43,190,89.99,7,0
2025-07-13,SKU-ELEC-103,Ergonomic Mechanical Keyboard,Electronics,48,150,89.99,7,0
2025-07-14,SKU-ELEC-103,Ergonomic Mechanical Keyboard,Electronics,47,111,89.99,7,0
2025-07-15,SKU-ELEC-103,Ergonomic Mechanical Keyboard,Electronics,39,78,89.99,7,0
2025-07-16,SKU-ELEC-103,Ergonomic Mechanical Keyboard,Electronics,54,33,89.99,7,0
2025-07-17,SKU-ELEC-103,Ergonomic Mechanical Keyboard,Electronics,41,0,89.99,7,0
2025-07-18,SKU-ELEC-103,Ergonomic Mechanical Keyboard,Electronics,39,364,89.99,7,0
2025-07-19,SKU-ELEC-103,Ergonomic Mechanical Keyboard,Electronics,47,325,89.99,7,0
2025-07-20,SKU-ELEC-103,Ergonomic Mechanical Keyboard,Electronics,50,283,89.99,7,0
2025-07-21,SKU-ELEC-103,Ergonomic Mechanical Keyboard,Electronics,37,252,89.99,7,0
2025-07-22,SKU-ELEC-103,Ergonomic Mechanical Keyboard,Electronics,43,216,89.99,7,0
2025-07-23,SKU-ELEC-103,Ergonomic Mechanical Keyboard,Electronics,44,179,89.99,7,0
2025-07-24,SKU-ELEC-103,Ergonomic Mechanical Keyboard,Electronics,32,152,89.99,7,0
2025-07-25,SKU-ELEC-103,Ergonomic Mechanical Keyboard,Electronics,28,129,89.99,7,0
2025-07-26,SKU-ELEC-103,Ergonomic Mechanical Keyboard,Electronics,52,85,79.19,7,1
2025-07-27,SKU-ELEC-103,Ergonomic Mechanical Keyboard,Electronics,69,27,79.19,7,1
2025-07-28,SKU-ELEC-103,Ergonomic Mechanical Keyboard,Electronics,42,0,79.19,7,1
2025-07-29,SKU-ELEC-103,Ergonomic Mechanical Keyboard,Electronics,35,368,79.19,7,1
2025-07-30,SKU-ELEC-103,Ergonomic Mechanical Keyboard,Electronics,39,335,89.99,7,0
2025-07-31,SKU-ELEC-103,Ergonomic Mechanical Keyboard,Electronics,54,290,89.99,7,0
2025-08-01,SKU-ELEC-103,Ergonomic Mechanical Keyboard,Electronics,36,260,89.99,7,0
2025-08-02,SKU-ELEC-103,Ergonomic Mechanical Keyboard,Electronics,53,215,89.99,7,0
2025-08-03,SKU-ELEC-103,Ergonomic Mechanical Keyboard,Electronics,48,175,89.99,7,0
2025-08-04,SKU-ELEC-103,Ergonomic Mechanical Keyboard,Electronics,36,145,89.99,7,0
2025-08-05,SKU-ELEC-103,Ergonomic Mechanical Keyboard,Electronics,43,109,89.99,7,0
2025-08-06,SKU-ELEC-103,Ergonomic Mechanical Keyboard,Electronics,34,81,89.99,7,0
2025-08-07,SKU-ELEC-103,Ergonomic Mechanical Keyboard,Electronics,38,49,89.99,7,0
2025-08-08,SKU-ELEC-103,Ergonomic Mechanical Keyboard,Electronics,38,17,89.99,7,0
2025-08-09,SKU-ELEC-103,Ergonomic Mechanical Keyboard,Electronics,42,379,89.99,7,0
2025-08-10,SKU-ELEC-103,Ergonomic Mechanical Keyboard,Electronics,53,334,89.99,7,0
2025-08-11,SKU-ELEC-103,Ergonomic Mechanical Keyboard,Electronics,34,306,89.99,7,0
2025-08-12,SKU-ELEC-103,Ergonomic Mechanical Keyboard,Electronics,30,281,89.99,7,0
2025-08-13,SKU-ELEC-103,Ergonomic Mechanical Keyboard,Electronics,39,248,89.99,7,0
2025-08-14,SKU-ELEC-103,Ergonomic Mechanical Keyboard,Electronics,29,224,89.99,7,0
2025-08-15,SKU-ELEC-103,Ergonomic Mechanical Keyboard,Electronics,35,195,89.99,7,0
2025-08-16,SKU-ELEC-103,Ergonomic Mechanical Keyboard,Electronics,46,156,89.99,7,0
2025-08-17,SKU-ELEC-103,Ergonomic Mechanical Keyboard,Electronics,53,111,89.99,7,0
2025-08-18,SKU-ELEC-103,Ergonomic Mechanical Keyboard,Electronics,38,79,89.99,7,0
2025-08-19,SKU-ELEC-103,Ergonomic Mechanical Keyboard,Electronics,35,50,89.99,7,0
2025-08-20,SKU-ELEC-103,Ergonomic Mechanical Keyboard,Electronics,41,413,89.99,7,0
2025-08-21,SKU-ELEC-103,Ergonomic Mechanical Keyboard,Electronics,45,375,89.99,7,0
2025-08-22,SKU-ELEC-103,Ergonomic Mechanical Keyboard,Electronics,39,342,89.99,7,0
2025-08-23,SKU-ELEC-103,Ergonomic Mechanical Keyboard,Electronics,45,304,89.99,7,0
2025-08-24,SKU-ELEC-103,Ergonomic Mechanical Keyboard,Electronics,36,274,89.99,7,0
2025-08-25,SKU-ELEC-103,Ergonomic Mechanical Keyboard,Electronics,27,252,89.99,7,0
2025-08-26,SKU-ELEC-103,Ergonomic Mechanical Keyboard,Electronics,32,225,89.99,7,0
2025-08-27,SKU-ELEC-103,Ergonomic Mechanical Keyboard,Electronics,30,200,89.99,7,0
2025-08-28,SKU-ELEC-103,Ergonomic Mechanical Keyboard,Electronics,33,172,89.99,7,0
2025-08-29,SKU-ELEC-103,Ergonomic Mechanical Keyboard,Electronics,35,143,89.99,7,0
2025-08-30,SKU-ELEC-103,Ergonomic Mechanical Keyboard,Electronics,48,103,89.99,7,0
2025-08-31,SKU-ELEC-103,Ergonomic Mechanical Keyboard,Electronics,44,463,89.99,7,0
2025-09-01,SKU-ELEC-103,Ergonomic Mechanical Keyboard,Electronics,38,431,89.99,7,0
2025-09-02,SKU-ELEC-103,Ergonomic Mechanical Keyboard,Electronics,34,403,89.99,7,0
2025-09-03,SKU-ELEC-103,Ergonomic Mechanical Keyboard,Electronics,20,386,89.99,7,0
2025-09-04,SKU-ELEC-103,Ergonomic Mechanical Keyboard,Electronics,27,364,89.99,7,0
2025-09-05,SKU-ELEC-103,Ergonomic Mechanical Keyboard,Electronics,33,336,89.99,7,0
2025-09-06,SKU-ELEC-103,Ergonomic Mechanical Keyboard,Electronics,36,306,89.99,7,0
2025-09-07,SKU-ELEC-103,Ergonomic Mechanical Keyboard,Electronics,48,266,89.99,7,0
2025-09-08,SKU-ELEC-103,Ergonomic Mechanical Keyboard,Electronics,44,229,89.99,7,0
2025-09-09,SKU-ELEC-103,Ergonomic Mechanical Keyboard,Electronics,42,194,89.99,7,0
2025-09-10,SKU-ELEC-103,Ergonomic Mechanical Keyboard,Electronics,32,167,89.99,7,0
2025-09-11,SKU-ELEC-103,Ergonomic Mechanical Keyboard,Electronics,44,527,89.99,7,0
2025-09-12,SKU-ELEC-103,Ergonomic Mechanical Keyboard,Electronics,46,488,79.19,7,1
2025-09-13,SKU-ELEC-103,Ergonomic Mechanical Keyboard,Electronics,57,440,79.19,7,1
2025-09-14,SKU-ELEC-103,Ergonomic Mechanical Keyboard,Electronics,55,394,79.19,7,1
2025-09-15,SKU-ELEC-103,Ergonomic Mechanical Keyboard,Electronics,43,358,79.19,7,1
2025-09-16,SKU-ELEC-103,Ergonomic Mechanical Keyboard,Electronics,31,332,89.99,7,0
2025-09-17,SKU-ELEC-103,Ergonomic Mechanical Keyboard,Electronics,35,303,89.99,7,0
2025-09-18,SKU-ELEC-103,Ergonomic Mechanical Keyboard,Electronics,35,274,89.99,7,0
2025-09-19,SKU-ELEC-103,Ergonomic Mechanical Keyboard,Electronics,33,246,89.99,7,0
2025-09-20,SKU-ELEC-103,Ergonomic Mechanical Keyboard,Electronics,47,207,89.99,7,0
2025-09-21,SKU-ELEC-103,Ergonomic Mechanical Keyboard,Electronics,52,163,89.99,7,0
2025-09-22,SKU-ELEC-103,Ergonomic Mechanical Keyboard,Electronics,40,526,89.99,7,0
2025-09-23,SKU-ELEC-103,Ergonomic Mechanical Keyboard,Electronics,23,507,89.99,7,0
2025-09-24,SKU-ELEC-103,Ergonomic Mechanical Keyboard,Electronics,16,494,89.99,7,0
2025-09-25,SKU-ELEC-103,Ergonomic Mechanical Keyboard,Electronics,40,460,89.99,7,0
2025-09-26,SKU-ELEC-103,Ergonomic Mechanical Keyboard,Electronics,24,440,89.99,7,0
2025-09-27,SKU-ELEC-103,Ergonomic Mechanical Keyboard,Electronics,42,405,89.99,7,0
2025-09-28,SKU-ELEC-103,Ergonomic Mechanical Keyboard,Electronics,35,376,89.99,7,0
2025-09-29,SKU-ELEC-103,Ergonomic Mechanical Keyboard,Electronics,21,359,89.99,7,0
2025-09-30,SKU-ELEC-103,Ergonomic Mechanical Keyboard,Electronics,37,328,89.99,7,0
2025-10-01,SKU-ELEC-103,Ergonomic Mechanical Keyboard,Electronics,39,295,89.99,7,0
2025-10-02,SKU-ELEC-103,Ergonomic Mechanical Keyboard,Electronics,29,271,89.99,7,0
2025-10-03,SKU-ELEC-103,Ergonomic Mechanical Keyboard,Electronics,15,656,89.99,7,0
2025-10-04,SKU-ELEC-103,Ergonomic Mechanical Keyboard,Electronics,40,622,89.99,7,0
2025-10-05,SKU-ELEC-103,Ergonomic Mechanical Keyboard,Electronics,46,583,89.99,7,0
2025-10-06,SKU-ELEC-103,Ergonomic Mechanical Keyboard,Electronics,23,564,89.99,7,0
2025-10-07,SKU-ELEC-103,Ergonomic Mechanical Keyboard,Electronics,35,535,89.99,7,0
2025-10-08,SKU-ELEC-103,Ergonomic Mechanical Keyboard,Electronics,33,507,89.99,7,0
2025-10-09,SKU-ELEC-103,Ergonomic Mechanical Keyboard,Electronics,38,475,89.99,7,0
2025-10-10,SKU-ELEC-103,Ergonomic Mechanical Keyboard,Electronics,34,447,89.99,7,0
2025-10-11,SKU-ELEC-103,Ergonomic Mechanical Keyboard,Electronics,37,416,89.99,7,0
2025-10-12,SKU-ELEC-103,Ergonomic Mechanical Keyboard,Electronics,52,372,89.99,7,0
2025-10-13,SKU-ELEC-103,Ergonomic Mechanical Keyboard,Electronics,33,344,89.99,7,0
2025-10-14,SKU-ELEC-103,Ergonomic Mechanical Keyboard,Electronics,33,713,89.99,7,0
2025-10-15,SKU-ELEC-103,Ergonomic Mechanical Keyboard,Electronics,27,691,89.99,7,0
2025-10-16,SKU-ELEC-103,Ergonomic Mechanical Keyboard,Electronics,31,665,89.99,7,0
2025-10-17,SKU-ELEC-103,Ergonomic Mechanical Keyboard,Electronics,28,642,89.99,7,0
2025-10-18,SKU-ELEC-103,Ergonomic Mechanical Keyboard,Electronics,43,606,89.99,7,0
2025-10-19,SKU-ELEC-103,Ergonomic Mechanical Keyboard,Electronics,56,559,89.99,7,0
2025-10-20,SKU-ELEC-103,Ergonomic Mechanical Keyboard,Electronics,24,539,89.99,7,0
2025-10-21,SKU-ELEC-103,Ergonomic Mechanical Keyboard,Electronics,23,520,89.99,7,0
2025-10-22,SKU-ELEC-103,Ergonomic Mechanical Keyboard,Electronics,44,483,89.99,7,0
2025-10-23,SKU-ELEC-103,Ergonomic Mechanical Keyboard,Electronics,33,455,89.99,7,0
2025-10-24,SKU-ELEC-103,Ergonomic Mechanical Keyboard,Electronics,29,431,89.99,7,0
2025-10-25,SKU-ELEC-103,Ergonomic Mechanical Keyboard,Electronics,52,784,89.99,7,0
2025-10-26,SKU-ELEC-103,Ergonomic Mechanical Keyboard,Electronics,40,750,89.99,7,0
2025-10-27,SKU-ELEC-103,Ergonomic Mechanical Keyboard,Electronics,47,711,89.99,7,0
2025-10-28,SKU-ELEC-103,Ergonomic Mechanical Keyboard,Electronics,39,678,89.99,7,0
2025-10-29,SKU-ELEC-103,Ergonomic Mechanical Keyboard,Electronics,31,652,89.99,7,0
2025-10-30,SKU-ELEC-103,Ergonomic Mechanical Keyboard,Electronics,62,600,79.19,7,1
2025-10-31,SKU-ELEC-103,Ergonomic Mechanical Keyboard,Electronics,42,565,79.19,7,1
2025-11-01,SKU-ELEC-103,Ergonomic Mechanical Keyboard,Electronics,66,509,79.19,7,1
2025-11-02,SKU-ELEC-103,Ergonomic Mechanical Keyboard,Electronics,63,456,79.19,7,1
2025-11-03,SKU-ELEC-103,Ergonomic Mechanical Keyboard,Electronics,44,419,89.99,7,0
2025-11-04,SKU-ELEC-103,Ergonomic Mechanical Keyboard,Electronics,46,380,89.99,7,0
2025-11-05,SKU-ELEC-103,Ergonomic Mechanical Keyboard,Electronics,35,748,89.99,7,0
2025-11-06,SKU-ELEC-103,Ergonomic Mechanical Keyboard,Electronics,30,723,89.99,7,0
2025-11-07,SKU-ELEC-103,Ergonomic Mechanical Keyboard,Electronics,38,691,89.99,7,0
2025-11-08,SKU-ELEC-103,Ergonomic Mechanical Keyboard,Electronics,41,657,89.99,7,0
2025-11-09,SKU-ELEC-103,Ergonomic Mechanical Keyboard,Electronics,60,606,89.99,7,0
2025-11-10,SKU-ELEC-103,Ergonomic Mechanical Keyboard,Electronics,36,576,89.99,7,0
2025-11-11,SKU-ELEC-103,Ergonomic Mechanical Keyboard,Electronics,33,548,89.99,7,0
2025-11-12,SKU-ELEC-103,Ergonomic Mechanical Keyboard,Electronics,37,517,89.99,7,0
2025-11-13,SKU-ELEC-103,Ergonomic Mechanical Keyboard,Electronics,26,495,89.99,7,0
2025-11-14,SKU-ELEC-103,Ergonomic Mechanical Keyboard,Electronics,29,471,89.99,7,0
2025-11-15,SKU-ELEC-103,Ergonomic Mechanical Keyboard,Electronics,55,425,89.99,7,0
2025-11-16,SKU-ELEC-103,Ergonomic Mechanical Keyboard,Electronics,42,787,89.99,7,0
2025-11-17,SKU-ELEC-103,Ergonomic Mechanical Keyboard,Electronics,29,763,89.99,7,0
2025-11-18,SKU-ELEC-103,Ergonomic Mechanical Keyboard,Electronics,40,729,89.99,7,0
2025-11-19,SKU-ELEC-103,Ergonomic Mechanical Keyboard,Electronics,45,691,89.99,7,0
2025-11-20,SKU-ELEC-103,Ergonomic Mechanical Keyboard,Electronics,41,657,89.99,7,0
2025-11-21,SKU-ELEC-103,Ergonomic Mechanical Keyboard,Electronics,43,621,89.99,7,0
2025-11-22,SKU-ELEC-103,Ergonomic Mechanical Keyboard,Electronics,42,586,89.99,7,0
2025-11-23,SKU-ELEC-103,Ergonomic Mechanical Keyboard,Electronics,38,554,89.99,7,0
2025-11-24,SKU-ELEC-103,Ergonomic Mechanical Keyboard,Electronics,47,515,89.99,7,0
2025-11-25,SKU-ELEC-103,Ergonomic Mechanical Keyboard,Electronics,35,486,89.99,7,0
2025-11-26,SKU-ELEC-103,Ergonomic Mechanical Keyboard,Electronics,35,457,89.99,7,0
2025-11-27,SKU-ELEC-103,Ergonomic Mechanical Keyboard,Electronics,46,815,89.99,7,0
2025-11-28,SKU-ELEC-103,Ergonomic Mechanical Keyboard,Electronics,41,781,89.99,7,0
2025-11-29,SKU-ELEC-103,Ergonomic Mechanical Keyboard,Electronics,52,737,89.99,7,0
2025-11-30,SKU-ELEC-103,Ergonomic Mechanical Keyboard,Electronics,64,683,89.99,7,0
2025-12-01,SKU-ELEC-103,Ergonomic Mechanical Keyboard,Electronics,33,655,89.99,7,0
2025-12-02,SKU-ELEC-103,Ergonomic Mechanical Keyboard,Electronics,44,618,89.99,7,0
2025-12-03,SKU-ELEC-103,Ergonomic Mechanical Keyboard,Electronics,38,586,89.99,7,0
2025-12-04,SKU-ELEC-103,Ergonomic Mechanical Keyboard,Electronics,40,552,89.99,7,0
2025-12-05,SKU-ELEC-103,Ergonomic Mechanical Keyboard,Electronics,49,511,89.99,7,0
2025-12-06,SKU-ELEC-103,Ergonomic Mechanical Keyboard,Electronics,53,466,89.99,7,0
2025-12-07,SKU-ELEC-103,Ergonomic Mechanical Keyboard,Electronics,54,421,89.99,7,0
2025-12-08,SKU-ELEC-103,Ergonomic Mechanical Keyboard,Electronics,46,779,89.99,7,0
2025-12-09,SKU-ELEC-103,Ergonomic Mechanical Keyboard,Electronics,36,749,89.99,7,0
2025-12-10,SKU-ELEC-103,Ergonomic Mechanical Keyboard,Electronics,33,721,89.99,7,0
2025-12-11,SKU-ELEC-103,Ergonomic Mechanical Keyboard,Electronics,32,694,89.99,7,0
2025-12-12,SKU-ELEC-103,Ergonomic Mechanical Keyboard,Electronics,25,673,89.99,7,0
2025-12-13,SKU-ELEC-103,Ergonomic Mechanical Keyboard,Electronics,65,618,89.99,7,0
2025-12-14,SKU-ELEC-103,Ergonomic Mechanical Keyboard,Electronics,43,582,89.99,7,0
2025-12-15,SKU-ELEC-103,Ergonomic Mechanical Keyboard,Electronics,38,550,89.99,7,0
2025-12-16,SKU-ELEC-103,Ergonomic Mechanical Keyboard,Electronics,38,518,89.99,7,0
2025-12-17,SKU-ELEC-103,Ergonomic Mechanical Keyboard,Electronics,56,471,79.19,7,1
2025-12-18,SKU-ELEC-103,Ergonomic Mechanical Keyboard,Electronics,59,421,79.19,7,1
2025-12-19,SKU-ELEC-103,Ergonomic Mechanical Keyboard,Electronics,60,767,79.19,7,1
2025-12-20,SKU-ELEC-103,Ergonomic Mechanical Keyboard,Electronics,66,711,79.19,7,1
2025-12-21,SKU-ELEC-103,Ergonomic Mechanical Keyboard,Electronics,51,668,89.99,7,0
2025-12-22,SKU-ELEC-103,Ergonomic Mechanical Keyboard,Electronics,42,633,89.99,7,0
2025-12-23,SKU-ELEC-103,Ergonomic Mechanical Keyboard,Electronics,39,600,89.99,7,0
2025-12-24,SKU-ELEC-103,Ergonomic Mechanical Keyboard,Electronics,52,556,89.99,7,0
2025-12-25,SKU-ELEC-103,Ergonomic Mechanical Keyboard,Electronics,44,519,89.99,7,0
2025-12-26,SKU-ELEC-103,Ergonomic Mechanical Keyboard,Electronics,46,480,89.99,7,0
2025-12-27,SKU-ELEC-103,Ergonomic Mechanical Keyboard,Electronics,58,431,89.99,7,0
2025-12-28,SKU-ELEC-103,Ergonomic Mechanical Keyboard,Electronics,62,379,89.99,7,0
2025-12-29,SKU-ELEC-103,Ergonomic Mechanical Keyboard,Electronics,43,343,89.99,7,0
2025-12-30,SKU-ELEC-103,Ergonomic Mechanical Keyboard,Electronics,32,713,89.99,7,0
2025-12-31,SKU-ELEC-103,Ergonomic Mechanical Keyboard,Electronics,44,676,89.99,7,0
2026-01-01,SKU-ELEC-103,Ergonomic Mechanical Keyboard,Electronics,37,645,89.99,7,0
2026-01-02,SKU-ELEC-103,Ergonomic Mechanical Keyboard,Electronics,38,613,89.99,7,0
2026-01-03,SKU-ELEC-103,Ergonomic Mechanical Keyboard,Electronics,59,563,89.99,7,0
2026-01-04,SKU-ELEC-103,Ergonomic Mechanical Keyboard,Electronics,64,509,89.99,7,0
2026-01-05,SKU-ELEC-103,Ergonomic Mechanical Keyboard,Electronics,42,474,89.99,7,0
2026-01-06,SKU-ELEC-103,Ergonomic Mechanical Keyboard,Electronics,45,436,89.99,7,0
2026-01-07,SKU-ELEC-103,Ergonomic Mechanical Keyboard,Electronics,55,390,89.99,7,0
2026-01-08,SKU-ELEC-103,Ergonomic Mechanical Keyboard,Electronics,44,353,89.99,7,0
2026-01-09,SKU-ELEC-103,Ergonomic Mechanical Keyboard,Electronics,61,302,89.99,7,0
2026-01-10,SKU-ELEC-103,Ergonomic Mechanical Keyboard,Electronics,60,648,89.99,7,0
2026-01-11,SKU-ELEC-103,Ergonomic Mechanical Keyboard,Electronics,44,611,89.99,7,0
2026-01-12,SKU-ELEC-103,Ergonomic Mechanical Keyboard,Electronics,49,570,89.99,7,0
2026-01-13,SKU-ELEC-103,Ergonomic Mechanical Keyboard,Electronics,46,531,89.99,7,0
2026-01-14,SKU-ELEC-103,Ergonomic Mechanical Keyboard,Electronics,53,486,89.99,7,0
2026-01-15,SKU-ELEC-103,Ergonomic Mechanical Keyboard,Electronics,48,446,89.99,7,0
2026-01-16,SKU-ELEC-103,Ergonomic Mechanical Keyboard,Electronics,43,410,89.99,7,0
2026-01-17,SKU-ELEC-103,Ergonomic Mechanical Keyboard,Electronics,49,369,89.99,7,0
2026-01-18,SKU-ELEC-103,Ergonomic Mechanical Keyboard,Electronics,56,322,89.99,7,0
2026-01-19,SKU-ELEC-103,Ergonomic Mechanical Keyboard,Electronics,38,290,89.99,7,0
2026-01-20,SKU-ELEC-103,Ergonomic Mechanical Keyboard,Electronics,40,256,89.99,7,0
2026-01-21,SKU-ELEC-103,Ergonomic Mechanical Keyboard,Electronics,49,612,89.99,7,0
2026-01-22,SKU-ELEC-103,Ergonomic Mechanical Keyboard,Electronics,56,565,89.99,7,0
2026-01-23,SKU-ELEC-103,Ergonomic Mechanical Keyboard,Electronics,48,525,89.99,7,0
2026-01-24,SKU-ELEC-103,Ergonomic Mechanical Keyboard,Electronics,50,483,89.99,7,0
2026-01-25,SKU-ELEC-103,Ergonomic Mechanical Keyboard,Electronics,62,431,89.99,7,0
2026-01-26,SKU-ELEC-103,Ergonomic Mechanical Keyboard,Electronics,54,386,89.99,7,0
2026-01-27,SKU-ELEC-103,Ergonomic Mechanical Keyboard,Electronics,41,352,89.99,7,0
2026-01-28,SKU-ELEC-103,Ergonomic Mechanical Keyboard,Electronics,44,315,89.99,7,0
2026-01-29,SKU-ELEC-103,Ergonomic Mechanical Keyboard,Electronics,46,276,89.99,7,0
2026-01-30,SKU-ELEC-103,Ergonomic Mechanical Keyboard,Electronics,40,242,89.99,7,0
2026-01-31,SKU-ELEC-103,Ergonomic Mechanical Keyboard,Electronics,64,188,89.99,7,0
2026-02-01,SKU-ELEC-103,Ergonomic Mechanical Keyboard,Electronics,59,535,89.99,7,0
2026-02-02,SKU-ELEC-103,Ergonomic Mechanical Keyboard,Electronics,49,494,89.99,7,0
2026-02-03,SKU-ELEC-103,Ergonomic Mechanical Keyboard,Electronics,56,447,79.19,7,1
2026-02-04,SKU-ELEC-103,Ergonomic Mechanical Keyboard,Electronics,59,397,79.19,7,1
2026-02-05,SKU-ELEC-103,Ergonomic Mechanical Keyboard,Electronics,68,340,79.19,7,1
2026-02-06,SKU-ELEC-103,Ergonomic Mechanical Keyboard,Electronics,60,289,79.19,7,1
2026-02-07,SKU-ELEC-103,Ergonomic Mechanical Keyboard,Electronics,73,227,89.99,7,0
2026-02-08,SKU-ELEC-103,Ergonomic Mechanical Keyboard,Electronics,58,178,89.99,7,0
2026-02-09,SKU-ELEC-103,Ergonomic Mechanical Keyboard,Electronics,48,138,89.99,7,0
2026-02-10,SKU-ELEC-103,Ergonomic Mechanical Keyboard,Electronics,53,93,89.99,7,0
2026-02-11,SKU-ELEC-103,Ergonomic Mechanical Keyboard,Electronics,37,62,89.99,7,0
2026-02-12,SKU-ELEC-103,Ergonomic Mechanical Keyboard,Electronics,35,430,89.99,7,0
2026-02-13,SKU-ELEC-103,Ergonomic Mechanical Keyboard,Electronics,37,399,89.99,7,0
2026-02-14,SKU-ELEC-103,Ergonomic Mechanical Keyboard,Electronics,70,340,89.99,7,0
2026-02-15,SKU-ELEC-103,Ergonomic Mechanical Keyboard,Electronics,58,291,89.99,7,0
2026-02-16,SKU-ELEC-103,Ergonomic Mechanical Keyboard,Electronics,65,236,89.99,7,0
2026-02-17,SKU-ELEC-103,Ergonomic Mechanical Keyboard,Electronics,44,199,89.99,7,0
2026-02-18,SKU-ELEC-103,Ergonomic Mechanical Keyboard,Electronics,49,158,89.99,7,0
2026-02-19,SKU-ELEC-103,Ergonomic Mechanical Keyboard,Electronics,59,108,89.99,7,0
2026-02-20,SKU-ELEC-103,Ergonomic Mechanical Keyboard,Electronics,62,56,89.99,7,0
2026-02-21,SKU-ELEC-103,Ergonomic Mechanical Keyboard,Electronics,77,0,89.99,7,0
2026-02-22,SKU-ELEC-103,Ergonomic Mechanical Keyboard,Electronics,71,0,89.99,7,0
2026-02-23,SKU-ELEC-103,Ergonomic Mechanical Keyboard,Electronics,55,351,89.99,7,0
2026-02-24,SKU-ELEC-103,Ergonomic Mechanical Keyboard,Electronics,52,307,89.99,7,0
2026-02-25,SKU-ELEC-103,Ergonomic Mechanical Keyboard,Electronics,54,262,89.99,7,0
2026-02-26,SKU-ELEC-103,Ergonomic Mechanical Keyboard,Electronics,45,224,89.99,7,0
2026-02-27,SKU-ELEC-103,Ergonomic Mechanical Keyboard,Electronics,43,188,89.99,7,0
2026-02-28,SKU-ELEC-103,Ergonomic Mechanical Keyboard,Electronics,63,135,89.99,7,0
2026-03-01,SKU-ELEC-103,Ergonomic Mechanical Keyboard,Electronics,62,83,89.99,7,0
2026-03-02,SKU-ELEC-103,Ergonomic Mechanical Keyboard,Electronics,46,44,89.99,7,0
2026-03-03,SKU-ELEC-103,Ergonomic Mechanical Keyboard,Electronics,54,0,89.99,7,0
2026-03-04,SKU-ELEC-103,Ergonomic Mechanical Keyboard,Electronics,56,0,89.99,7,0
2026-03-05,SKU-ELEC-103,Ergonomic Mechanical Keyboard,Electronics,50,0,89.99,7,0
2026-03-06,SKU-ELEC-103,Ergonomic Mechanical Keyboard,Electronics,59,347,89.99,7,0
2026-03-07,SKU-ELEC-103,Ergonomic Mechanical Keyboard,Electronics,56,300,89.99,7,0
2026-03-08,SKU-ELEC-103,Ergonomic Mechanical Keyboard,Electronics,63,247,89.99,7,0
2026-03-09,SKU-ELEC-103,Ergonomic Mechanical Keyboard,Electronics,44,210,89.99,7,0
2026-03-10,SKU-ELEC-103,Ergonomic Mechanical Keyboard,Electronics,36,180,89.99,7,0
2026-03-11,SKU-ELEC-103,Ergonomic Mechanical Keyboard,Electronics,49,139,89.99,7,0
2026-03-12,SKU-ELEC-103,Ergonomic Mechanical Keyboard,Electronics,49,98,89.99,7,0
2026-03-13,SKU-ELEC-103,Ergonomic Mechanical Keyboard,Electronics,60,47,89.99,7,0
2026-03-14,SKU-ELEC-103,Ergonomic Mechanical Keyboard,Electronics,69,0,89.99,7,0
2026-03-15,SKU-ELEC-103,Ergonomic Mechanical Keyboard,Electronics,57,0,89.99,7,0
2026-03-16,SKU-ELEC-103,Ergonomic Mechanical Keyboard,Electronics,63,0,89.99,7,0
2026-03-17,SKU-ELEC-103,Ergonomic Mechanical Keyboard,Electronics,58,348,89.99,7,0
2026-03-18,SKU-ELEC-103,Ergonomic Mechanical Keyboard,Electronics,54,303,89.99,7,0
2026-03-19,SKU-ELEC-103,Ergonomic Mechanical Keyboard,Electronics,48,263,89.99,7,0
2026-03-20,SKU-ELEC-103,Ergonomic Mechanical Keyboard,Electronics,43,227,89.99,7,0
2026-03-21,SKU-ELEC-103,Ergonomic Mechanical Keyboard,Electronics,62,175,89.99,7,0
2026-03-22,SKU-ELEC-103,Ergonomic Mechanical Keyboard,Electronics,73,113,89.99,7,0
2026-03-23,SKU-ELEC-103,Ergonomic Mechanical Keyboard,Electronics,81,45,79.19,7,1
2026-03-24,SKU-ELEC-103,Ergonomic Mechanical Keyboard,Electronics,78,0,79.19,7,1
2026-03-25,SKU-ELEC-103,Ergonomic Mechanical Keyboard,Electronics,64,0,79.19,7,1
2026-03-26,SKU-ELEC-103,Ergonomic Mechanical Keyboard,Electronics,60,0,79.19,7,1
2026-03-27,SKU-ELEC-103,Ergonomic Mechanical Keyboard,Electronics,51,0,89.99,7,0
2026-03-28,SKU-ELEC-103,Ergonomic Mechanical Keyboard,Electronics,53,352,89.99,7,0
2026-03-29,SKU-ELEC-103,Ergonomic Mechanical Keyboard,Electronics,67,296,89.99,7,0
2026-03-30,SKU-ELEC-103,Ergonomic Mechanical Keyboard,Electronics,49,255,89.99,7,0
2026-03-31,SKU-ELEC-103,Ergonomic Mechanical Keyboard,Electronics,47,216,89.99,7,0
2026-04-01,SKU-ELEC-103,Ergonomic Mechanical Keyboard,Electronics,39,183,89.99,7,0
2026-04-02,SKU-ELEC-103,Ergonomic Mechanical Keyboard,Electronics,54,138,89.99,7,0
2026-04-03,SKU-ELEC-103,Ergonomic Mechanical Keyboard,Electronics,47,99,89.99,7,0
2026-04-04,SKU-ELEC-103,Ergonomic Mechanical Keyboard,Electronics,57,51,89.99,7,0
2026-04-05,SKU-ELEC-103,Ergonomic Mechanical Keyboard,Electronics,45,13,89.99,7,0
2026-04-06,SKU-ELEC-103,Ergonomic Mechanical Keyboard,Electronics,50,0,89.99,7,0
2026-04-07,SKU-ELEC-103,Ergonomic Mechanical Keyboard,Electronics,63,0,89.99,7,0
2026-04-08,SKU-ELEC-103,Ergonomic Mechanical Keyboard,Electronics,62,345,89.99,7,0
2026-04-09,SKU-ELEC-103,Ergonomic Mechanical Keyboard,Electronics,47,306,89.99,7,0
2026-04-10,SKU-ELEC-103,Ergonomic Mechanical Keyboard,Electronics,46,267,89.99,7,0
2026-04-11,SKU-ELEC-103,Ergonomic Mechanical Keyboard,Electronics,69,209,89.99,7,0
2026-04-12,SKU-ELEC-103,Ergonomic Mechanical Keyboard,Electronics,58,160,89.99,7,0
2026-04-13,SKU-ELEC-103,Ergonomic Mechanical Keyboard,Electronics,52,116,89.99,7,0
2026-04-14,SKU-ELEC-103,Ergonomic Mechanical Keyboard,Electronics,56,69,89.99,7,0
2026-04-15,SKU-ELEC-103,Ergonomic Mechanical Keyboard,Electronics,59,19,89.99,7,0
2026-04-16,SKU-ELEC-103,Ergonomic Mechanical Keyboard,Electronics,49,0,89.99,7,0
2026-04-17,SKU-ELEC-103,Ergonomic Mechanical Keyboard,Electronics,49,0,89.99,7,0
2026-04-18,SKU-ELEC-103,Ergonomic Mechanical Keyboard,Electronics,59,0,89.99,7,0
2026-04-19,SKU-ELEC-103,Ergonomic Mechanical Keyboard,Electronics,59,347,89.99,7,0
2026-04-20,SKU-ELEC-103,Ergonomic Mechanical Keyboard,Electronics,48,307,89.99,7,0
2026-04-21,SKU-ELEC-103,Ergonomic Mechanical Keyboard,Electronics,53,262,89.99,7,0
2026-04-22,SKU-ELEC-103,Ergonomic Mechanical Keyboard,Electronics,56,215,89.99,7,0
2026-04-23,SKU-ELEC-103,Ergonomic Mechanical Keyboard,Electronics,44,178,89.99,7,0
2026-04-24,SKU-ELEC-103,Ergonomic Mechanical Keyboard,Electronics,60,127,89.99,7,0
2026-04-25,SKU-ELEC-103,Ergonomic Mechanical Keyboard,Electronics,63,74,89.99,7,0
2026-04-26,SKU-ELEC-103,Ergonomic Mechanical Keyboard,Electronics,65,19,89.99,7,0
2026-04-27,SKU-ELEC-103,Ergonomic Mechanical Keyboard,Electronics,45,0,89.99,7,0
2026-04-28,SKU-ELEC-103,Ergonomic Mechanical Keyboard,Electronics,33,0,89.99,7,0
2026-04-29,SKU-ELEC-103,Ergonomic Mechanical Keyboard,Electronics,56,0,89.99,7,0
2026-04-30,SKU-ELEC-103,Ergonomic Mechanical Keyboard,Electronics,55,351,89.99,7,0
2026-05-01,SKU-ELEC-103,Ergonomic Mechanical Keyboard,Electronics,48,311,89.99,7,0
2026-05-02,SKU-ELEC-103,Ergonomic Mechanical Keyboard,Electronics,65,256,89.99,7,0
2026-05-03,SKU-ELEC-103,Ergonomic Mechanical Keyboard,Electronics,68,199,89.99,7,0
2026-05-04,SKU-ELEC-103,Ergonomic Mechanical Keyboard,Electronics,38,167,89.99,7,0
2026-05-05,SKU-ELEC-103,Ergonomic Mechanical Keyboard,Electronics,46,128,89.99,7,0
2026-05-06,SKU-ELEC-103,Ergonomic Mechanical Keyboard,Electronics,55,82,89.99,7,0
2026-05-07,SKU-ELEC-103,Ergonomic Mechanical Keyboard,Electronics,40,48,89.99,7,0
2026-05-08,SKU-ELEC-103,Ergonomic Mechanical Keyboard,Electronics,51,5,89.99,7,0
2026-05-09,SKU-ELEC-103,Ergonomic Mechanical Keyboard,Electronics,54,0,89.99,7,0
2026-05-10,SKU-ELEC-103,Ergonomic Mechanical Keyboard,Electronics,89,0,79.19,7,1
2026-05-11,SKU-ELEC-103,Ergonomic Mechanical Keyboard,Electronics,66,341,79.19,7,1
2026-05-12,SKU-ELEC-103,Ergonomic Mechanical Keyboard,Electronics,55,295,79.19,7,1
2026-05-13,SKU-ELEC-103,Ergonomic Mechanical Keyboard,Electronics,74,233,79.19,7,1
2026-05-14,SKU-ELEC-103,Ergonomic Mechanical Keyboard,Electronics,44,196,89.99,7,0
2026-05-15,SKU-ELEC-103,Ergonomic Mechanical Keyboard,Electronics,43,160,89.99,7,0
2026-05-16,SKU-ELEC-103,Ergonomic Mechanical Keyboard,Electronics,65,105,89.99,7,0
2026-05-17,SKU-ELEC-103,Ergonomic Mechanical Keyboard,Electronics,71,45,89.99,7,0
2026-05-18,SKU-ELEC-103,Ergonomic Mechanical Keyboard,Electronics,41,11,89.99,7,0
2026-05-19,SKU-ELEC-103,Ergonomic Mechanical Keyboard,Electronics,49,0,89.99,7,0
2026-05-20,SKU-ELEC-103,Ergonomic Mechanical Keyboard,Electronics,51,0,89.99,7,0
2026-05-21,SKU-ELEC-103,Ergonomic Mechanical Keyboard,Electronics,53,0,89.99,7,0
2026-05-22,SKU-ELEC-103,Ergonomic Mechanical Keyboard,Electronics,49,356,89.99,7,0
2026-05-23,SKU-ELEC-103,Ergonomic Mechanical Keyboard,Electronics,60,305,89.99,7,0
2026-05-24,SKU-ELEC-103,Ergonomic Mechanical Keyboard,Electronics,56,258,89.99,7,0
2026-05-25,SKU-ELEC-103,Ergonomic Mechanical Keyboard,Electronics,48,218,89.99,7,0
2026-05-26,SKU-ELEC-103,Ergonomic Mechanical Keyboard,Electronics,40,184,89.99,7,0
2026-05-27,SKU-ELEC-103,Ergonomic Mechanical Keyboard,Electronics,27,162,89.99,7,0
2026-05-28,SKU-ELEC-103,Ergonomic Mechanical Keyboard,Electronics,51,119,89.99,7,0
2026-05-29,SKU-ELEC-103,Ergonomic Mechanical Keyboard,Electronics,54,74,89.99,7,0
2026-05-30,SKU-ELEC-103,Ergonomic Mechanical Keyboard,Electronics,45,36,89.99,7,0
2026-05-31,SKU-ELEC-103,Ergonomic Mechanical Keyboard,Electronics,54,0,89.99,7,0
2026-06-01,SKU-ELEC-103,Ergonomic Mechanical Keyboard,Electronics,51,0,89.99,7,0
2026-06-02,SKU-ELEC-103,Ergonomic Mechanical Keyboard,Electronics,61,346,89.99,7,0
2026-06-03,SKU-ELEC-103,Ergonomic Mechanical Keyboard,Electronics,47,307,89.99,7,0
2026-06-04,SKU-ELEC-103,Ergonomic Mechanical Keyboard,Electronics,42,272,89.99,7,0
2026-06-05,SKU-ELEC-103,Ergonomic Mechanical Keyboard,Electronics,45,234,89.99,7,0
2026-06-06,SKU-ELEC-103,Ergonomic Mechanical Keyboard,Electronics,70,175,89.99,7,0
2026-06-07,SKU-ELEC-103,Ergonomic Mechanical Keyboard,Electronics,56,128,89.99,7,0
2026-06-08,SKU-ELEC-103,Ergonomic Mechanical Keyboard,Electronics,41,94,89.99,7,0
2026-06-09,SKU-ELEC-103,Ergonomic Mechanical Keyboard,Electronics,43,58,89.99,7,0
2026-06-10,SKU-ELEC-103,Ergonomic Mechanical Keyboard,Electronics,39,25,89.99,7,0
2026-06-11,SKU-ELEC-103,Ergonomic Mechanical Keyboard,Electronics,47,0,89.99,7,0
2026-06-12,SKU-ELEC-103,Ergonomic Mechanical Keyboard,Electronics,57,0,89.99,7,0
2026-06-13,SKU-ELEC-103,Ergonomic Mechanical Keyboard,Electronics,62,345,89.99,7,0
2026-06-14,SKU-ELEC-103,Ergonomic Mechanical Keyboard,Electronics,58,296,89.99,7,0
2026-06-15,SKU-ELEC-103,Ergonomic Mechanical Keyboard,Electronics,43,260,89.99,7,0
2026-06-16,SKU-ELEC-103,Ergonomic Mechanical Keyboard,Electronics,34,232,89.99,7,0
2026-06-17,SKU-ELEC-103,Ergonomic Mechanical Keyboard,Electronics,51,189,89.99,7,0
2026-06-18,SKU-ELEC-103,Ergonomic Mechanical Keyboard,Electronics,45,151,89.99,7,0
2026-06-19,SKU-ELEC-103,Ergonomic Mechanical Keyboard,Electronics,44,114,89.99,7,0
2026-06-20,SKU-ELEC-103,Ergonomic Mechanical Keyboard,Electronics,81,46,89.99,7,0
2026-06-21,SKU-ELEC-103,Ergonomic Mechanical Keyboard,Electronics,60,0,89.99,7,0
2026-06-22,SKU-ELEC-103,Ergonomic Mechanical Keyboard,Electronics,39,0,89.99,7,0
2026-06-23,SKU-ELEC-103,Ergonomic Mechanical Keyboard,Electronics,42,0,89.99,7,0
2026-06-24,SKU-ELEC-103,Ergonomic Mechanical Keyboard,Electronics,52,353,89.99,7,0
2025-01-01,SKU-APPL-201,All-Weather Technical Parka Jacket,Apparel,23,46,189.5,12,0
2025-01-02,SKU-APPL-201,All-Weather Technical Parka Jacket,Apparel,15,34,189.5,12,0
2025-01-03,SKU-APPL-201,All-Weather Technical Parka Jacket,Apparel,27,12,189.5,12,0
2025-01-04,SKU-APPL-201,All-Weather Technical Parka Jacket,Apparel,32,0,189.5,12,0
2025-01-05,SKU-APPL-201,All-Weather Technical Parka Jacket,Apparel,45,0,189.5,12,0
2025-01-06,SKU-APPL-201,All-Weather Technical Parka Jacket,Apparel,28,0,189.5,12,0
2025-01-07,SKU-APPL-201,All-Weather Technical Parka Jacket,Apparel,20,0,189.5,12,0
2025-01-08,SKU-APPL-201,All-Weather Technical Parka Jacket,Apparel,29,0,189.5,12,0
2025-01-09,SKU-APPL-201,All-Weather Technical Parka Jacket,Apparel,23,0,189.5,12,0
2025-01-10,SKU-APPL-201,All-Weather Technical Parka Jacket,Apparel,27,0,189.5,12,0
2025-01-11,SKU-APPL-201,All-Weather Technical Parka Jacket,Apparel,39,0,189.5,12,0
2025-01-12,SKU-APPL-201,All-Weather Technical Parka Jacket,Apparel,32,0,189.5,12,0
2025-01-13,SKU-APPL-201,All-Weather Technical Parka Jacket,Apparel,19,0,189.5,12,0
2025-01-14,SKU-APPL-201,All-Weather Technical Parka Jacket,Apparel,28,0,189.5,12,0
2025-01-15,SKU-APPL-201,All-Weather Technical Parka Jacket,Apparel,29,0,166.76,12,1
2025-01-16,SKU-APPL-201,All-Weather Technical Parka Jacket,Apparel,29,0,166.76,12,1
2025-01-17,SKU-APPL-201,All-Weather Technical Parka Jacket,Apparel,26,312,166.76,12,1
2025-01-18,SKU-APPL-201,All-Weather Technical Parka Jacket,Apparel,52,268,166.76,12,1
2025-01-19,SKU-APPL-201,All-Weather Technical Parka Jacket,Apparel,47,229,189.5,12,0
2025-01-20,SKU-APPL-201,All-Weather Technical Parka Jacket,Apparel,18,214,189.5,12,0
2025-01-21,SKU-APPL-201,All-Weather Technical Parka Jacket,Apparel,23,195,189.5,12,0
2025-01-22,SKU-APPL-201,All-Weather Technical Parka Jacket,Apparel,30,170,189.5,12,0
2025-01-23,SKU-APPL-201,All-Weather Technical Parka Jacket,Apparel,23,151,189.5,12,0
2025-01-24,SKU-APPL-201,All-Weather Technical Parka Jacket,Apparel,25,130,189.5,12,0
2025-01-25,SKU-APPL-201,All-Weather Technical Parka Jacket,Apparel,32,103,189.5,12,0
2025-01-26,SKU-APPL-201,All-Weather Technical Parka Jacket,Apparel,39,70,189.5,12,0
2025-01-27,SKU-APPL-201,All-Weather Technical Parka Jacket,Apparel,22,52,189.5,12,0
2025-01-28,SKU-APPL-201,All-Weather Technical Parka Jacket,Apparel,28,29,189.5,12,0
2025-01-29,SKU-APPL-201,All-Weather Technical Parka Jacket,Apparel,29,5,189.5,12,0
2025-01-30,SKU-APPL-201,All-Weather Technical Parka Jacket,Apparel,36,0,189.5,12,0
2025-01-31,SKU-APPL-201,All-Weather Technical Parka Jacket,Apparel,26,0,189.5,12,0
2025-02-01,SKU-APPL-201,All-Weather Technical Parka Jacket,Apparel,39,0,189.5,12,0
2025-02-02,SKU-APPL-201,All-Weather Technical Parka Jacket,Apparel,39,301,189.5,12,0
2025-02-03,SKU-APPL-201,All-Weather Technical Parka Jacket,Apparel,22,283,189.5,12,0
2025-02-04,SKU-APPL-201,All-Weather Technical Parka Jacket,Apparel,25,262,189.5,12,0
2025-02-05,SKU-APPL-201,All-Weather Technical Parka Jacket,Apparel,22,244,189.5,12,0
2025-02-06,SKU-APPL-201,All-Weather Technical Parka Jacket,Apparel,25,223,189.5,12,0
2025-02-07,SKU-APPL-201,All-Weather Technical Parka Jacket,Apparel,30,198,189.5,12,0
2025-02-08,SKU-APPL-201,All-Weather Technical Parka Jacket,Apparel,33,170,189.5,12,0
2025-02-09,SKU-APPL-201,All-Weather Technical Parka Jacket,Apparel,44,133,189.5,12,0
2025-02-10,SKU-APPL-201,All-Weather Technical Parka Jacket,Apparel,30,108,189.5,12,0
2025-02-11,SKU-APPL-201,All-Weather Technical Parka Jacket,Apparel,23,89,189.5,12,0
2025-02-12,SKU-APPL-201,All-Weather Technical Parka Jacket,Apparel,13,78,189.5,12,0
2025-02-13,SKU-APPL-201,All-Weather Technical Parka Jacket,Apparel,21,61,189.5,12,0
2025-02-14,SKU-APPL-201,All-Weather Technical Parka Jacket,Apparel,31,35,189.5,12,0
2025-02-15,SKU-APPL-201,All-Weather Technical Parka Jacket,Apparel,38,3,189.5,12,0
2025-02-16,SKU-APPL-201,All-Weather Technical Parka Jacket,Apparel,34,0,189.5,12,0
2025-02-17,SKU-APPL-201,All-Weather Technical Parka Jacket,Apparel,22,0,189.5,12,0
2025-02-18,SKU-APPL-201,All-Weather Technical Parka Jacket,Apparel,28,311,189.5,12,0
2025-02-19,SKU-APPL-201,All-Weather Technical Parka Jacket,Apparel,27,289,189.5,12,0
2025-02-20,SKU-APPL-201,All-Weather Technical Parka Jacket,Apparel,23,270,189.5,12,0
2025-02-21,SKU-APPL-201,All-Weather Technical Parka Jacket,Apparel,22,252,189.5,12,0
2025-02-22,SKU-APPL-201,All-Weather Technical Parka Jacket,Apparel,37,221,189.5,12,0
2025-02-23,SKU-APPL-201,All-Weather Technical Parka Jacket,Apparel,34,193,189.5,12,0
2025-02-24,SKU-APPL-201,All-Weather Technical Parka Jacket,Apparel,32,166,189.5,12,0
2025-02-25,SKU-APPL-201,All-Weather Technical Parka Jacket,Apparel,23,147,189.5,12,0
2025-02-26,SKU-APPL-201,All-Weather Technical Parka Jacket,Apparel,30,122,189.5,12,0
2025-02-27,SKU-APPL-201,All-Weather Technical Parka Jacket,Apparel,32,95,189.5,12,0
2025-02-28,SKU-APPL-201,All-Weather Technical Parka Jacket,Apparel,29,71,189.5,12,0
2025-03-01,SKU-APPL-201,All-Weather Technical Parka Jacket,Apparel,37,40,189.5,12,0
2025-03-02,SKU-APPL-201,All-Weather Technical Parka Jacket,Apparel,41,6,189.5,12,0
2025-03-03,SKU-APPL-201,All-Weather Technical Parka Jacket,Apparel,24,0,189.5,12,0
2025-03-04,SKU-APPL-201,All-Weather Technical Parka Jacket,Apparel,28,0,166.76,12,1
2025-03-05,SKU-APPL-201,All-Weather Technical Parka Jacket,Apparel,35,0,166.76,12,1
2025-03-06,SKU-APPL-201,All-Weather Technical Parka Jacket,Apparel,27,312,166.76,12,1
2025-03-07,SKU-APPL-201,All-Weather Technical Parka Jacket,Apparel,39,279,166.76,12,1
2025-03-08,SKU-APPL-201,All-Weather Technical Parka Jacket,Apparel,37,248,189.5,12,0
2025-03-09,SKU-APPL-201,All-Weather Technical Parka Jacket,Apparel,40,214,189.5,12,0
2025-03-10,SKU-APPL-201,All-Weather Technical Parka Jacket,Apparel,26,192,189.5,12,0
2025-03-11,SKU-APPL-201,All-Weather Technical Parka Jacket,Apparel,23,173,189.5,12,0
2025-03-12,SKU-APPL-201,All-Weather Technical Parka Jacket,Apparel,27,151,189.5,12,0
2025-03-13,SKU-APPL-201,All-Weather Technical Parka Jacket,Apparel,22,133,189.5,12,0
2025-03-14,SKU-APPL-201,All-Weather Technical Parka Jacket,Apparel,29,109,189.5,12,0
2025-03-15,SKU-APPL-201,All-Weather Technical Parka Jacket,Apparel,32,82,189.5,12,0
2025-03-16,SKU-APPL-201,All-Weather Technical Parka Jacket,Apparel,40,48,189.5,12,0
2025-03-17,SKU-APPL-201,All-Weather Technical Parka Jacket,Apparel,34,20,189.5,12,0
2025-03-18,SKU-APPL-201,All-Weather Technical Parka Jacket,Apparel,19,4,189.5,12,0
2025-03-19,SKU-APPL-201,All-Weather Technical Parka Jacket,Apparel,21,0,189.5,12,0
2025-03-20,SKU-APPL-201,All-Weather Technical Parka Jacket,Apparel,27,0,189.5,12,0
2025-03-21,SKU-APPL-201,All-Weather Technical Parka Jacket,Apparel,25,0,189.5,12,0
2025-03-22,SKU-APPL-201,All-Weather Technical Parka Jacket,Apparel,41,300,189.5,12,0
2025-03-23,SKU-APPL-201,All-Weather Technical Parka Jacket,Apparel,42,265,189.5,12,0
2025-03-24,SKU-APPL-201,All-Weather Technical Parka Jacket,Apparel,28,242,189.5,12,0
2025-03-25,SKU-APPL-201,All-Weather Technical Parka Jacket,Apparel,30,217,189.5,12,0
2025-03-26,SKU-APPL-201,All-Weather Technical Parka Jacket,Apparel,27,195,189.5,12,0
2025-03-27,SKU-APPL-201,All-Weather Technical Parka Jacket,Apparel,23,176,189.5,12,0
2025-03-28,SKU-APPL-201,All-Weather Technical Parka Jacket,Apparel,28,153,189.5,12,0
2025-03-29,SKU-APPL-201,All-Weather Technical Parka Jacket,Apparel,49,112,189.5,12,0
2025-03-30,SKU-APPL-201,All-Weather Technical Parka Jacket,Apparel,38,80,189.5,12,0
2025-03-31,SKU-APPL-201,All-Weather Technical Parka Jacket,Apparel,20,63,189.5,12,0
2025-04-01,SKU-APPL-201,All-Weather Technical Parka Jacket,Apparel,30,38,189.5,12,0
2025-04-02,SKU-APPL-201,All-Weather Technical Parka Jacket,Apparel,24,18,189.5,12,0
2025-04-03,SKU-APPL-201,All-Weather Technical Parka Jacket,Apparel,13,7,189.5,12,0
2025-04-04,SKU-APPL-201,All-Weather Technical Parka Jacket,Apparel,29,0,189.5,12,0
2025-04-05,SKU-APPL-201,All-Weather Technical Parka Jacket,Apparel,36,0,189.5,12,0
2025-04-06,SKU-APPL-201,All-Weather Technical Parka Jacket,Apparel,38,0,189.5,12,0
2025-04-07,SKU-APPL-201,All-Weather Technical Parka Jacket,Apparel,26,312,189.5,12,0
2025-04-08,SKU-APPL-201,All-Weather Technical Parka Jacket,Apparel,25,291,189.5,12,0
2025-04-09,SKU-APPL-201,All-Weather Technical Parka Jacket,Apparel,28,268,189.5,12,0
2025-04-10,SKU-APPL-201,All-Weather Technical Parka Jacket,Apparel,22,250,189.5,12,0
2025-04-11,SKU-APPL-201,All-Weather Technical Parka Jacket,Apparel,27,228,189.5,12,0
2025-04-12,SKU-APPL-201,All-Weather Technical Parka Jacket,Apparel,37,197,189.5,12,0
2025-04-13,SKU-APPL-201,All-Weather Technical Parka Jacket,Apparel,42,162,189.5,12,0
2025-04-14,SKU-APPL-201,All-Weather Technical Parka Jacket,Apparel,27,140,189.5,12,0
2025-04-15,SKU-APPL-201,All-Weather Technical Parka Jacket,Apparel,19,124,189.5,12,0
2025-04-16,SKU-APPL-201,All-Weather Technical Parka Jacket,Apparel,29,100,189.5,12,0
2025-04-17,SKU-APPL-201,All-Weather Technical Parka Jacket,Apparel,21,83,189.5,12,0
2025-04-18,SKU-APPL-201,All-Weather Technical Parka Jacket,Apparel,28,60,189.5,12,0
2025-04-19,SKU-APPL-201,All-Weather Technical Parka Jacket,Apparel,40,26,189.5,12,0
2025-04-20,SKU-APPL-201,All-Weather Technical Parka Jacket,Apparel,47,0,189.5,12,0
2025-04-21,SKU-APPL-201,All-Weather Technical Parka Jacket,Apparel,31,0,166.76,12,1
2025-04-22,SKU-APPL-201,All-Weather Technical Parka Jacket,Apparel,30,0,166.76,12,1
2025-04-23,SKU-APPL-201,All-Weather Technical Parka Jacket,Apparel,32,307,166.76,12,1
2025-04-24,SKU-APPL-201,All-Weather Technical Parka Jacket,Apparel,30,282,166.76,12,1
2025-04-25,SKU-APPL-201,All-Weather Technical Parka Jacket,Apparel,28,259,189.5,12,0
2025-04-26,SKU-APPL-201,All-Weather Technical Parka Jacket,Apparel,30,234,189.5,12,0
2025-04-27,SKU-APPL-201,All-Weather Technical Parka Jacket,Apparel,32,207,189.5,12,0
2025-04-28,SKU-APPL-201,All-Weather Technical Parka Jacket,Apparel,18,192,189.5,12,0
2025-04-29,SKU-APPL-201,All-Weather Technical Parka Jacket,Apparel,28,169,189.5,12,0
2025-04-30,SKU-APPL-201,All-Weather Technical Parka Jacket,Apparel,32,142,189.5,12,0
2025-05-01,SKU-APPL-201,All-Weather Technical Parka Jacket,Apparel,23,123,189.5,12,0
2025-05-02,SKU-APPL-201,All-Weather Technical Parka Jacket,Apparel,22,105,189.5,12,0
2025-05-03,SKU-APPL-201,All-Weather Technical Parka Jacket,Apparel,38,73,189.5,12,0
2025-05-04,SKU-APPL-201,All-Weather Technical Parka Jacket,Apparel,43,37,189.5,12,0
2025-05-05,SKU-APPL-201,All-Weather Technical Parka Jacket,Apparel,19,21,189.5,12,0
2025-05-06,SKU-APPL-201,All-Weather Technical Parka Jacket,Apparel,24,1,189.5,12,0
2025-05-07,SKU-APPL-201,All-Weather Technical Parka Jacket,Apparel,28,0,189.5,12,0
2025-05-08,SKU-APPL-201,All-Weather Technical Parka Jacket,Apparel,26,0,189.5,12,0
2025-05-09,SKU-APPL-201,All-Weather Technical Parka Jacket,Apparel,24,314,189.5,12,0
2025-05-10,SKU-APPL-201,All-Weather Technical Parka Jacket,Apparel,42,279,189.5,12,0
2025-05-11,SKU-APPL-201,All-Weather Technical Parka Jacket,Apparel,23,260,189.5,12,0
2025-05-12,SKU-APPL-201,All-Weather Technical Parka Jacket,Apparel,26,238,189.5,12,0
2025-05-13,SKU-APPL-201,All-Weather Technical Parka Jacket,Apparel,19,222,189.5,12,0
2025-05-14,SKU-APPL-201,All-Weather Technical Parka Jacket,Apparel,14,211,189.5,12,0
2025-05-15,SKU-APPL-201,All-Weather Technical Parka Jacket,Apparel,25,190,189.5,12,0
2025-05-16,SKU-APPL-201,All-Weather Technical Parka Jacket,Apparel,29,166,189.5,12,0
2025-05-17,SKU-APPL-201,All-Weather Technical Parka Jacket,Apparel,35,137,189.5,12,0
2025-05-18,SKU-APPL-201,All-Weather Technical Parka Jacket,Apparel,41,103,189.5,12,0
2025-05-19,SKU-APPL-201,All-Weather Technical Parka Jacket,Apparel,30,78,189.5,12,0
2025-05-20,SKU-APPL-201,All-Weather Technical Parka Jacket,Apparel,29,54,189.5,12,0
2025-05-21,SKU-APPL-201,All-Weather Technical Parka Jacket,Apparel,30,29,189.5,12,0
2025-05-22,SKU-APPL-201,All-Weather Technical Parka Jacket,Apparel,26,7,189.5,12,0
2025-05-23,SKU-APPL-201,All-Weather Technical Parka Jacket,Apparel,23,0,189.5,12,0
2025-05-24,SKU-APPL-201,All-Weather Technical Parka Jacket,Apparel,27,0,189.5,12,0
2025-05-25,SKU-APPL-201,All-Weather Technical Parka Jacket,Apparel,34,306,189.5,12,0
2025-05-26,SKU-APPL-201,All-Weather Technical Parka Jacket,Apparel,18,291,189.5,12,0
2025-05-27,SKU-APPL-201,All-Weather Technical Parka Jacket,Apparel,33,263,189.5,12,0
2025-05-28,SKU-APPL-201,All-Weather Technical Parka Jacket,Apparel,21,246,189.5,12,0
2025-05-29,SKU-APPL-201,All-Weather Technical Parka Jacket,Apparel,22,228,189.5,12,0
2025-05-30,SKU-APPL-201,All-Weather Technical Parka Jacket,Apparel,24,208,189.5,12,0
2025-05-31,SKU-APPL-201,All-Weather Technical Parka Jacket,Apparel,35,179,189.5,12,0
2025-06-01,SKU-APPL-201,All-Weather Technical Parka Jacket,Apparel,43,143,189.5,12,0
2025-06-02,SKU-APPL-201,All-Weather Technical Parka Jacket,Apparel,18,128,189.5,12,0
2025-06-03,SKU-APPL-201,All-Weather Technical Parka Jacket,Apparel,22,110,189.5,12,0
2025-06-04,SKU-APPL-201,All-Weather Technical Parka Jacket,Apparel,18,95,189.5,12,0
2025-06-05,SKU-APPL-201,All-Weather Technical Parka Jacket,Apparel,15,83,189.5,12,0
2025-06-06,SKU-APPL-201,All-Weather Technical Parka Jacket,Apparel,18,68,189.5,12,0
2025-06-07,SKU-APPL-201,All-Weather Technical Parka Jacket,Apparel,34,40,189.5,12,0
2025-06-08,SKU-APPL-201,All-Weather Technical Parka Jacket,Apparel,43,4,166.76,12,1
2025-06-09,SKU-APPL-201,All-Weather Technical Parka Jacket,Apparel,25,0,166.76,12,1
2025-06-10,SKU-APPL-201,All-Weather Technical Parka Jacket,Apparel,21,317,166.76,12,1
2025-06-11,SKU-APPL-201,All-Weather Technical Parka Jacket,Apparel,28,294,166.76,12,1
2025-06-12,SKU-APPL-201,All-Weather Technical Parka Jacket,Apparel,13,283,189.5,12,0
2025-06-13,SKU-APPL-201,All-Weather Technical Parka Jacket,Apparel,24,263,189.5,12,0
2025-06-14,SKU-APPL-201,All-Weather Technical Parka Jacket,Apparel,33,235,189.5,12,0
2025-06-15,SKU-APPL-201,All-Weather Technical Parka Jacket,Apparel,26,213,189.5,12,0
2025-06-16,SKU-APPL-201,All-Weather Technical Parka Jacket,Apparel,19,197,189.5,12,0
2025-06-17,SKU-APPL-201,All-Weather Technical Parka Jacket,Apparel,17,183,189.5,12,0
2025-06-18,SKU-APPL-201,All-Weather Technical Parka Jacket,Apparel,22,165,189.5,12,0
2025-06-19,SKU-APPL-201,All-Weather Technical Parka Jacket,Apparel,27,143,189.5,12,0
2025-06-20,SKU-APPL-201,All-Weather Technical Parka Jacket,Apparel,11,134,189.5,12,0
2025-06-21,SKU-APPL-201,All-Weather Technical Parka Jacket,Apparel,33,106,189.5,12,0
2025-06-22,SKU-APPL-201,All-Weather Technical Parka Jacket,Apparel,31,80,189.5,12,0
2025-06-23,SKU-APPL-201,All-Weather Technical Parka Jacket,Apparel,23,61,189.5,12,0
2025-06-24,SKU-APPL-201,All-Weather Technical Parka Jacket,Apparel,21,44,189.5,12,0
2025-06-25,SKU-APPL-201,All-Weather Technical Parka Jacket,Apparel,16,31,189.5,12,0
2025-06-26,SKU-APPL-201,All-Weather Technical Parka Jacket,Apparel,18,350,189.5,12,0
2025-06-27,SKU-APPL-201,All-Weather Technical Parka Jacket,Apparel,16,337,189.5,12,0
2025-06-28,SKU-APPL-201,All-Weather Technical Parka Jacket,Apparel,37,306,189.5,12,0
2025-06-29,SKU-APPL-201,All-Weather Technical Parka Jacket,Apparel,31,280,189.5,12,0
2025-06-30,SKU-APPL-201,All-Weather Technical Parka Jacket,Apparel,29,256,189.5,12,0
2025-07-01,SKU-APPL-201,All-Weather Technical Parka Jacket,Apparel,19,240,189.5,12,0
2025-07-02,SKU-APPL-201,All-Weather Technical Parka Jacket,Apparel,16,227,189.5,12,0
2025-07-03,SKU-APPL-201,All-Weather Technical Parka Jacket,Apparel,12,217,189.5,12,0
2025-07-04,SKU-APPL-201,All-Weather Technical Parka Jacket,Apparel,10,209,189.5,12,0
2025-07-05,SKU-APPL-201,All-Weather Technical Parka Jacket,Apparel,23,190,189.5,12,0
2025-07-06,SKU-APPL-201,All-Weather Technical Parka Jacket,Apparel,32,163,189.5,12,0
2025-07-07,SKU-APPL-201,All-Weather Technical Parka Jacket,Apparel,21,146,189.5,12,0
2025-07-08,SKU-APPL-201,All-Weather Technical Parka Jacket,Apparel,11,137,189.5,12,0
2025-07-09,SKU-APPL-201,All-Weather Technical Parka Jacket,Apparel,23,118,189.5,12,0
2025-07-10,SKU-APPL-201,All-Weather Technical Parka Jacket,Apparel,16,105,189.5,12,0
2025-07-11,SKU-APPL-201,All-Weather Technical Parka Jacket,Apparel,19,89,189.5,12,0
2025-07-12,SKU-APPL-201,All-Weather Technical Parka Jacket,Apparel,38,391,189.5,12,0
2025-07-13,SKU-APPL-201,All-Weather Technical Parka Jacket,Apparel,34,363,189.5,12,0
2025-07-14,SKU-APPL-201,All-Weather Technical Parka Jacket,Apparel,17,349,189.5,12,0
2025-07-15,SKU-APPL-201,All-Weather Technical Parka Jacket,Apparel,14,338,189.5,12,0
2025-07-16,SKU-APPL-201,All-Weather Technical Parka Jacket,Apparel,7,333,189.5,12,0
2025-07-17,SKU-APPL-201,All-Weather Technical Parka Jacket,Apparel,15,321,189.5,12,0
2025-07-18,SKU-APPL-201,All-Weather Technical Parka Jacket,Apparel,17,307,189.5,12,0
2025-07-19,SKU-APPL-201,All-Weather Technical Parka Jacket,Apparel,24,287,189.5,12,0
2025-07-20,SKU-APPL-201,All-Weather Technical Parka Jacket,Apparel,28,264,189.5,12,0
2025-07-21,SKU-APPL-201,All-Weather Technical Parka Jacket,Apparel,18,249,189.5,12,0
2025-07-22,SKU-APPL-201,All-Weather Technical Parka Jacket,Apparel,17,235,189.5,12,0
2025-07-23,SKU-APPL-201,All-Weather Technical Parka Jacket,Apparel,14,224,189.5,12,0
2025-07-24,SKU-APPL-201,All-Weather Technical Parka Jacket,Apparel,19,208,189.5,12,0
2025-07-25,SKU-APPL-201,All-Weather Technical Parka Jacket,Apparel,20,191,189.5,12,0
2025-07-26,SKU-APPL-201,All-Weather Technical Parka Jacket,Apparel,32,164,166.76,12,1
2025-07-27,SKU-APPL-201,All-Weather Technical Parka Jacket,Apparel,45,126,166.76,12,1
2025-07-28,SKU-APPL-201,All-Weather Technical Parka Jacket,Apparel,23,441,166.76,12,1
2025-07-29,SKU-APPL-201,All-Weather Technical Parka Jacket,Apparel,23,422,166.76,12,1
2025-07-30,SKU-APPL-201,All-Weather Technical Parka Jacket,Apparel,21,405,189.5,12,0
2025-07-31,SKU-APPL-201,All-Weather Technical Parka Jacket,Apparel,18,390,189.5,12,0
2025-08-01,SKU-APPL-201,All-Weather Technical Parka Jacket,Apparel,22,372,189.5,12,0
2025-08-02,SKU-APPL-201,All-Weather Technical Parka Jacket,Apparel,29,348,189.5,12,0
2025-08-03,SKU-APPL-201,All-Weather Technical Parka Jacket,Apparel,24,328,189.5,12,0
2025-08-04,SKU-APPL-201,All-Weather Technical Parka Jacket,Apparel,19,312,189.5,12,0
2025-08-05,SKU-APPL-201,All-Weather Technical Parka Jacket,Apparel,11,303,189.5,12,0
2025-08-06,SKU-APPL-201,All-Weather Technical Parka Jacket,Apparel,17,289,189.5,12,0
2025-08-07,SKU-APPL-201,All-Weather Technical Parka Jacket,Apparel,17,275,189.5,12,0
2025-08-08,SKU-APPL-201,All-Weather Technical Parka Jacket,Apparel,16,262,189.5,12,0
2025-08-09,SKU-APPL-201,All-Weather Technical Parka Jacket,Apparel,26,240,189.5,12,0
2025-08-10,SKU-APPL-201,All-Weather Technical Parka Jacket,Apparel,17,226,189.5,12,0
2025-08-11,SKU-APPL-201,All-Weather Technical Parka Jacket,Apparel,14,215,189.5,12,0
2025-08-12,SKU-APPL-201,All-Weather Technical Parka Jacket,Apparel,17,201,189.5,12,0
2025-08-13,SKU-APPL-201,All-Weather Technical Parka Jacket,Apparel,17,521,189.5,12,0
2025-08-14,SKU-APPL-201,All-Weather Technical Parka Jacket,Apparel,11,512,189.5,12,0
2025-08-15,SKU-APPL-201,All-Weather Technical Parka Jacket,Apparel,23,493,189.5,12,0
2025-08-16,SKU-APPL-201,All-Weather Technical Parka Jacket,Apparel,22,475,189.5,12,0
2025-08-17,SKU-APPL-201,All-Weather Technical Parka Jacket,Apparel,31,449,189.5,12,0
2025-08-18,SKU-APPL-201,All-Weather Technical Parka Jacket,Apparel,18,434,189.5,12,0
2025-08-19,SKU-APPL-201,All-Weather Technical Parka Jacket,Apparel,13,423,189.5,12,0
2025-08-20,SKU-APPL-201,All-Weather Technical Parka Jacket,Apparel,25,402,189.5,12,0
2025-08-21,SKU-APPL-201,All-Weather Technical Parka Jacket,Apparel,10,394,189.5,12,0
2025-08-22,SKU-APPL-201,All-Weather Technical Parka Jacket,Apparel,21,377,189.5,12,0
2025-08-23,SKU-APPL-201,All-Weather Technical Parka Jacket,Apparel,30,352,189.5,12,0
2025-08-24,SKU-APPL-201,All-Weather Technical Parka Jacket,Apparel,22,334,189.5,12,0
2025-08-25,SKU-APPL-201,All-Weather Technical Parka Jacket,Apparel,23,315,189.5,12,0
2025-08-26,SKU-APPL-201,All-Weather Technical Parka Jacket,Apparel,14,304,189.5,12,0
2025-08-27,SKU-APPL-201,All-Weather Technical Parka Jacket,Apparel,17,290,189.5,12,0
2025-08-28,SKU-APPL-201,All-Weather Technical Parka Jacket,Apparel,17,276,189.5,12,0
2025-08-29,SKU-APPL-201,All-Weather Technical Parka Jacket,Apparel,15,598,189.5,12,0
2025-08-30,SKU-APPL-201,All-Weather Technical Parka Jacket,Apparel,29,574,189.5,12,0
2025-08-31,SKU-APPL-201,All-Weather Technical Parka Jacket,Apparel,29,550,189.5,12,0
2025-09-01,SKU-APPL-201,All-Weather Technical Parka Jacket,Apparel,7,545,189.5,12,0
2025-09-02,SKU-APPL-201,All-Weather Technical Parka Jacket,Apparel,22,527,189.5,12,0
2025-09-03,SKU-APPL-201,All-Weather Technical Parka Jacket,Apparel,7,522,189.5,12,0
2025-09-04,SKU-APPL-201,All-Weather Technical Parka Jacket,Apparel,21,505,189.5,12,0
2025-09-05,SKU-APPL-201,All-Weather Technical Parka Jacket,Apparel,21,488,189.5,12,0
2025-09-06,SKU-APPL-201,All-Weather Technical Parka Jacket,Apparel,19,472,189.5,12,0
2025-09-07,SKU-APPL-201,All-Weather Technical Parka Jacket,Apparel,22,454,189.5,12,0
2025-09-08,SKU-APPL-201,All-Weather Technical Parka Jacket,Apparel,10,446,189.5,12,0
2025-09-09,SKU-APPL-201,All-Weather Technical Parka Jacket,Apparel,14,435,189.5,12,0
2025-09-10,SKU-APPL-201,All-Weather Technical Parka Jacket,Apparel,14,424,189.5,12,0
2025-09-11,SKU-APPL-201,All-Weather Technical Parka Jacket,Apparel,19,408,189.5,12,0
2025-09-12,SKU-APPL-201,All-Weather Technical Parka Jacket,Apparel,27,386,166.76,12,1
2025-09-13,SKU-APPL-201,All-Weather Technical Parka Jacket,Apparel,40,352,166.76,12,1
2025-09-14,SKU-APPL-201,All-Weather Technical Parka Jacket,Apparel,30,661,166.76,12,1
2025-09-15,SKU-APPL-201,All-Weather Technical Parka Jacket,Apparel,19,645,166.76,12,1
2025-09-16,SKU-APPL-201,All-Weather Technical Parka Jacket,Apparel,7,640,189.5,12,0
2025-09-17,SKU-APPL-201,All-Weather Technical Parka Jacket,Apparel,11,631,189.5,12,0
2025-09-18,SKU-APPL-201,All-Weather Technical Parka Jacket,Apparel,20,614,189.5,12,0
2025-09-19,SKU-APPL-201,All-Weather Technical Parka Jacket,Apparel,23,595,189.5,12,0
2025-09-20,SKU-APPL-201,All-Weather Technical Parka Jacket,Apparel,18,580,189.5,12,0
2025-09-21,SKU-APPL-201,All-Weather Technical Parka Jacket,Apparel,21,563,189.5,12,0
2025-09-22,SKU-APPL-201,All-Weather Technical Parka Jacket,Apparel,15,551,189.5,12,0
2025-09-23,SKU-APPL-201,All-Weather Technical Parka Jacket,Apparel,16,538,189.5,12,0
2025-09-24,SKU-APPL-201,All-Weather Technical Parka Jacket,Apparel,11,529,189.5,12,0
2025-09-25,SKU-APPL-201,All-Weather Technical Parka Jacket,Apparel,17,515,189.5,12,0
2025-09-26,SKU-APPL-201,All-Weather Technical Parka Jacket,Apparel,12,505,189.5,12,0
2025-09-27,SKU-APPL-201,All-Weather Technical Parka Jacket,Apparel,24,485,189.5,12,0
2025-09-28,SKU-APPL-201,All-Weather Technical Parka Jacket,Apparel,26,463,189.5,12,0
2025-09-29,SKU-APPL-201,All-Weather Technical Parka Jacket,Apparel,15,451,189.5,12,0
2025-09-30,SKU-APPL-201,All-Weather Technical Parka Jacket,Apparel,13,774,189.5,12,0
2025-10-01,SKU-APPL-201,All-Weather Technical Parka Jacket,Apparel,14,763,189.5,12,0
2025-10-02,SKU-APPL-201,All-Weather Technical Parka Jacket,Apparel,14,752,189.5,12,0
2025-10-03,SKU-APPL-201,All-Weather Technical Parka Jacket,Apparel,13,741,189.5,12,0
2025-10-04,SKU-APPL-201,All-Weather Technical Parka Jacket,Apparel,22,723,189.5,12,0
2025-10-05,SKU-APPL-201,All-Weather Technical Parka Jacket,Apparel,31,697,189.5,12,0
2025-10-06,SKU-APPL-201,All-Weather Technical Parka Jacket,Apparel,17,683,189.5,12,0
2025-10-07,SKU-APPL-201,All-Weather Technical Parka Jacket,Apparel,13,672,189.5,12,0
2025-10-08,SKU-APPL-201,All-Weather Technical Parka Jacket,Apparel,18,657,189.5,12,0
2025-10-09,SKU-APPL-201,All-Weather Technical Parka Jacket,Apparel,13,646,189.5,12,0
2025-10-10,SKU-APPL-201,All-Weather Technical Parka Jacket,Apparel,20,629,189.5,12,0
2025-10-11,SKU-APPL-201,All-Weather Technical Parka Jacket,Apparel,25,608,189.5,12,0
2025-10-12,SKU-APPL-201,All-Weather Technical Parka Jacket,Apparel,23,589,189.5,12,0
2025-10-13,SKU-APPL-201,All-Weather Technical Parka Jacket,Apparel,17,575,189.5,12,0
2025-10-14,SKU-APPL-201,All-Weather Technical Parka Jacket,Apparel,7,570,189.5,12,0
2025-10-15,SKU-APPL-201,All-Weather Technical Parka Jacket,Apparel,9,563,189.5,12,0
2025-10-16,SKU-APPL-201,All-Weather Technical Parka Jacket,Apparel,9,890,189.5,12,0
2025-10-17,SKU-APPL-201,All-Weather Technical Parka Jacket,Apparel,15,878,189.5,12,0
2025-10-18,SKU-APPL-201,All-Weather Technical Parka Jacket,Apparel,32,851,189.5,12,0
2025-10-19,SKU-APPL-201,All-Weather Technical Parka Jacket,Apparel,35,822,189.5,12,0
2025-10-20,SKU-APPL-201,All-Weather Technical Parka Jacket,Apparel,18,807,189.5,12,0
2025-10-21,SKU-APPL-201,All-Weather Technical Parka Jacket,Apparel,17,793,189.5,12,0
2025-10-22,SKU-APPL-201,All-Weather Technical Parka Jacket,Apparel,6,788,189.5,12,0
2025-10-23,SKU-APPL-201,All-Weather Technical Parka Jacket,Apparel,12,778,189.5,12,0
2025-10-24,SKU-APPL-201,All-Weather Technical Parka Jacket,Apparel,11,769,189.5,12,0
2025-10-25,SKU-APPL-201,All-Weather Technical Parka Jacket,Apparel,20,752,189.5,12,0
2025-10-26,SKU-APPL-201,All-Weather Technical Parka Jacket,Apparel,23,733,189.5,12,0
2025-10-27,SKU-APPL-201,All-Weather Technical Parka Jacket,Apparel,12,723,189.5,12,0
2025-10-28,SKU-APPL-201,All-Weather Technical Parka Jacket,Apparel,5,719,189.5,12,0
2025-10-29,SKU-APPL-201,All-Weather Technical Parka Jacket,Apparel,18,704,189.5,12,0
2025-10-30,SKU-APPL-201,All-Weather Technical Parka Jacket,Apparel,14,693,166.76,12,1
2025-10-31,SKU-APPL-201,All-Weather Technical Parka Jacket,Apparel,21,676,166.76,12,1
2025-11-01,SKU-APPL-201,All-Weather Technical Parka Jacket,Apparel,42,975,166.76,12,1
2025-11-02,SKU-APPL-201,All-Weather Technical Parka Jacket,Apparel,27,953,166.76,12,1
2025-11-03,SKU-APPL-201,All-Weather Technical Parka Jacket,Apparel,2,952,189.5,12,0
2025-11-04,SKU-APPL-201,All-Weather Technical Parka Jacket,Apparel,13,941,189.5,12,0
2025-11-05,SKU-APPL-201,All-Weather Technical Parka Jacket,Apparel,20,924,189.5,12,0
2025-11-06,SKU-APPL-201,All-Weather Technical Parka Jacket,Apparel,25,903,189.5,12,0
2025-11-07,SKU-APPL-201,All-Weather Technical Parka Jacket,Apparel,9,896,189.5,12,0
2025-11-08,SKU-APPL-201,All-Weather Technical Parka Jacket,Apparel,26,874,189.5,12,0
2025-11-09,SKU-APPL-201,All-Weather Technical Parka Jacket,Apparel,21,857,189.5,12,0
2025-11-10,SKU-APPL-201,All-Weather Technical Parka Jacket,Apparel,14,846,189.5,12,0
2025-11-11,SKU-APPL-201,All-Weather Technical Parka Jacket,Apparel,28,823,189.5,12,0
2025-11-12,SKU-APPL-201,All-Weather Technical Parka Jacket,Apparel,7,818,189.5,12,0
2025-11-13,SKU-APPL-201,All-Weather Technical Parka Jacket,Apparel,16,805,189.5,12,0
2025-11-14,SKU-APPL-201,All-Weather Technical Parka Jacket,Apparel,17,791,189.5,12,0
2025-11-15,SKU-APPL-201,All-Weather Technical Parka Jacket,Apparel,29,767,189.5,12,0
2025-11-16,SKU-APPL-201,All-Weather Technical Parka Jacket,Apparel,25,746,189.5,12,0
2025-11-17,SKU-APPL-201,All-Weather Technical Parka Jacket,Apparel,17,1066,189.5,12,0
2025-11-18,SKU-APPL-201,All-Weather Technical Parka Jacket,Apparel,13,1055,189.5,12,0
2025-11-19,SKU-APPL-201,All-Weather Technical Parka Jacket,Apparel,16,1042,189.5,12,0
2025-11-20,SKU-APPL-201,All-Weather Technical Parka Jacket,Apparel,13,1031,189.5,12,0
2025-11-21,SKU-APPL-201,All-Weather Technical Parka Jacket,Apparel,18,1016,189.5,12,0
2025-11-22,SKU-APPL-201,All-Weather Technical Parka Jacket,Apparel,22,998,189.5,12,0
2025-11-23,SKU-APPL-201,All-Weather Technical Parka Jacket,Apparel,26,976,189.5,12,0
2025-11-24,SKU-APPL-201,All-Weather Technical Parka Jacket,Apparel,15,964,189.5,12,0
2025-11-25,SKU-APPL-201,All-Weather Technical Parka Jacket,Apparel,21,947,189.5,12,0
2025-11-26,SKU-APPL-201,All-Weather Technical Parka Jacket,Apparel,15,935,189.5,12,0
2025-11-27,SKU-APPL-201,All-Weather Technical Parka Jacket,Apparel,6,930,189.5,12,0
2025-11-28,SKU-APPL-201,All-Weather Technical Parka Jacket,Apparel,22,912,189.5,12,0
2025-11-29,SKU-APPL-201,All-Weather Technical Parka Jacket,Apparel,20,895,189.5,12,0
2025-11-30,SKU-APPL-201,All-Weather Technical Parka Jacket,Apparel,21,878,189.5,12,0
2025-12-01,SKU-APPL-201,All-Weather Technical Parka Jacket,Apparel,12,868,189.5,12,0
2025-12-02,SKU-APPL-201,All-Weather Technical Parka Jacket,Apparel,22,850,189.5,12,0
2025-12-03,SKU-APPL-201,All-Weather Technical Parka Jacket,Apparel,5,1180,189.5,12,0
2025-12-04,SKU-APPL-201,All-Weather Technical Parka Jacket,Apparel,31,1154,189.5,12,0
2025-12-05,SKU-APPL-201,All-Weather Technical Parka Jacket,Apparel,21,1137,189.5,12,0
2025-12-06,SKU-APPL-201,All-Weather Technical Parka Jacket,Apparel,26,1115,189.5,12,0
2025-12-07,SKU-APPL-201,All-Weather Technical Parka Jacket,Apparel,25,1094,189.5,12,0
2025-12-08,SKU-APPL-201,All-Weather Technical Parka Jacket,Apparel,17,1080,189.5,12,0
2025-12-09,SKU-APPL-201,All-Weather Technical Parka Jacket,Apparel,18,1065,189.5,12,0
2025-12-10,SKU-APPL-201,All-Weather Technical Parka Jacket,Apparel,19,1049,189.5,12,0
2025-12-11,SKU-APPL-201,All-Weather Technical Parka Jacket,Apparel,19,1033,189.5,12,0
2025-12-12,SKU-APPL-201,All-Weather Technical Parka Jacket,Apparel,16,1020,189.5,12,0
2025-12-13,SKU-APPL-201,All-Weather Technical Parka Jacket,Apparel,24,1000,189.5,12,0
2025-12-14,SKU-APPL-201,All-Weather Technical Parka Jacket,Apparel,25,979,189.5,12,0
2025-12-15,SKU-APPL-201,All-Weather Technical Parka Jacket,Apparel,15,967,189.5,12,0
2025-12-16,SKU-APPL-201,All-Weather Technical Parka Jacket,Apparel,22,949,189.5,12,0
2025-12-17,SKU-APPL-201,All-Weather Technical Parka Jacket,Apparel,25,928,166.76,12,1
2025-12-18,SKU-APPL-201,All-Weather Technical Parka Jacket,Apparel,7,923,166.76,12,1
2025-12-19,SKU-APPL-201,All-Weather Technical Parka Jacket,Apparel,25,1236,166.76,12,1
2025-12-20,SKU-APPL-201,All-Weather Technical Parka Jacket,Apparel,36,1206,166.76,12,1
2025-12-21,SKU-APPL-201,All-Weather Technical Parka Jacket,Apparel,26,1184,189.5,12,0
2025-12-22,SKU-APPL-201,All-Weather Technical Parka Jacket,Apparel,14,1173,189.5,12,0
2025-12-23,SKU-APPL-201,All-Weather Technical Parka Jacket,Apparel,22,1155,189.5,12,0
2025-12-24,SKU-APPL-201,All-Weather Technical Parka Jacket,Apparel,21,1138,189.5,12,0
2025-12-25,SKU-APPL-201,All-Weather Technical Parka Jacket,Apparel,12,1128,189.5,12,0
2025-12-26,SKU-APPL-201,All-Weather Technical Parka Jacket,Apparel,18,1113,189.5,12,0
2025-12-27,SKU-APPL-201,All-Weather Technical Parka Jacket,Apparel,21,1096,189.5,12,0
2025-12-28,SKU-APPL-201,All-Weather Technical Parka Jacket,Apparel,19,1080,189.5,12,0
2025-12-29,SKU-APPL-201,All-Weather Technical Parka Jacket,Apparel,13,1069,189.5,12,0
2025-12-30,SKU-APPL-201,All-Weather Technical Parka Jacket,Apparel,21,1052,189.5,12,0
2025-12-31,SKU-APPL-201,All-Weather Technical Parka Jacket,Apparel,21,1035,189.5,12,0
2026-01-01,SKU-APPL-201,All-Weather Technical Parka Jacket,Apparel,19,1019,189.5,12,0
2026-01-02,SKU-APPL-201,All-Weather Technical Parka Jacket,Apparel,20,1002,189.5,12,0
2026-01-03,SKU-APPL-201,All-Weather Technical Parka Jacket,Apparel,29,978,189.5,12,0
2026-01-04,SKU-APPL-201,All-Weather Technical Parka Jacket,Apparel,23,1293,189.5,12,0
2026-01-05,SKU-APPL-201,All-Weather Technical Parka Jacket,Apparel,19,1277,189.5,12,0
2026-01-06,SKU-APPL-201,All-Weather Technical Parka Jacket,Apparel,21,1260,189.5,12,0
2026-01-07,SKU-APPL-201,All-Weather Technical Parka Jacket,Apparel,21,1243,189.5,12,0
2026-01-08,SKU-APPL-201,All-Weather Technical Parka Jacket,Apparel,23,1224,189.5,12,0
2026-01-09,SKU-APPL-201,All-Weather Technical Parka Jacket,Apparel,20,1207,189.5,12,0
2026-01-10,SKU-APPL-201,All-Weather Technical Parka Jacket,Apparel,29,1183,189.5,12,0
2026-01-11,SKU-APPL-201,All-Weather Technical Parka Jacket,Apparel,32,1156,189.5,12,0
2026-01-12,SKU-APPL-201,All-Weather Technical Parka Jacket,Apparel,17,1142,189.5,12,0
2026-01-13,SKU-APPL-201,All-Weather Technical Parka Jacket,Apparel,13,1131,189.5,12,0
2026-01-14,SKU-APPL-201,All-Weather Technical Parka Jacket,Apparel,16,1118,189.5,12,0
2026-01-15,SKU-APPL-201,All-Weather Technical Parka Jacket,Apparel,13,1107,189.5,12,0
2026-01-16,SKU-APPL-201,All-Weather Technical Parka Jacket,Apparel,14,1096,189.5,12,0
2026-01-17,SKU-APPL-201,All-Weather Technical Parka Jacket,Apparel,27,1074,189.5,12,0
2026-01-18,SKU-APPL-201,All-Weather Technical Parka Jacket,Apparel,23,1055,189.5,12,0
2026-01-19,SKU-APPL-201,All-Weather Technical Parka Jacket,Apparel,16,1042,189.5,12,0
2026-01-20,SKU-APPL-201,All-Weather Technical Parka Jacket,Apparel,8,1370,189.5,12,0
2026-01-21,SKU-APPL-201,All-Weather Technical Parka Jacket,Apparel,18,1355,189.5,12,0
2026-01-22,SKU-APPL-201,All-Weather Technical Parka Jacket,Apparel,17,1341,189.5,12,0
2026-01-23,SKU-APPL-201,All-Weather Technical Parka Jacket,Apparel,13,1330,189.5,12,0
2026-01-24,SKU-APPL-201,All-Weather Technical Parka Jacket,Apparel,31,1304,189.5,12,0
2026-01-25,SKU-APPL-201,All-Weather Technical Parka Jacket,Apparel,32,1277,189.5,12,0
2026-01-26,SKU-APPL-201,All-Weather Technical Parka Jacket,Apparel,9,1270,189.5,12,0
2026-01-27,SKU-APPL-201,All-Weather Technical Parka Jacket,Apparel,14,1259,189.5,12,0
2026-01-28,SKU-APPL-201,All-Weather Technical Parka Jacket,Apparel,14,1248,189.5,12,0
2026-01-29,SKU-APPL-201,All-Weather Technical Parka Jacket,Apparel,13,1237,189.5,12,0
2026-01-30,SKU-APPL-201,All-Weather Technical Parka Jacket,Apparel,22,1219,189.5,12,0
2026-01-31,SKU-APPL-201,All-Weather Technical Parka Jacket,Apparel,27,1197,189.5,12,0
2026-02-01,SKU-APPL-201,All-Weather Technical Parka Jacket,Apparel,27,1175,189.5,12,0
2026-02-02,SKU-APPL-201,All-Weather Technical Parka Jacket,Apparel,8,1169,189.5,12,0
2026-02-03,SKU-APPL-201,All-Weather Technical Parka Jacket,Apparel,27,1147,166.76,12,1
2026-02-04,SKU-APPL-201,All-Weather Technical Parka Jacket,Apparel,18,1132,166.76,12,1
2026-02-05,SKU-APPL-201,All-Weather Technical Parka Jacket,Apparel,24,1446,166.76,12,1
2026-02-06,SKU-APPL-201,All-Weather Technical Parka Jacket,Apparel,25,1425,166.76,12,1
2026-02-07,SKU-APPL-201,All-Weather Technical Parka Jacket,Apparel,35,1396,189.5,12,0
2026-02-08,SKU-APPL-201,All-Weather Technical Parka Jacket,Apparel,22,1378,189.5,12,0
2026-02-09,SKU-APPL-201,All-Weather Technical Parka Jacket,Apparel,3,1376,189.5,12,0
2026-02-10,SKU-APPL-201,All-Weather Technical Parka Jacket,Apparel,19,1360,189.5,12,0
2026-02-11,SKU-APPL-201,All-Weather Technical Parka Jacket,Apparel,27,1338,189.5,12,0
2026-02-12,SKU-APPL-201,All-Weather Technical Parka Jacket,Apparel,24,1318,189.5,12,0
2026-02-13,SKU-APPL-201,All-Weather Technical Parka Jacket,Apparel,19,1302,189.5,12,0
2026-02-14,SKU-APPL-201,All-Weather Technical Parka Jacket,Apparel,26,1280,189.5,12,0
2026-02-15,SKU-APPL-201,All-Weather Technical Parka Jacket,Apparel,33,1252,189.5,12,0
2026-02-16,SKU-APPL-201,All-Weather Technical Parka Jacket,Apparel,13,1241,189.5,12,0
2026-02-17,SKU-APPL-201,All-Weather Technical Parka Jacket,Apparel,20,1224,189.5,12,0
2026-02-18,SKU-APPL-201,All-Weather Technical Parka Jacket,Apparel,20,1207,189.5,12,0
2026-02-19,SKU-APPL-201,All-Weather Technical Parka Jacket,Apparel,23,1188,189.5,12,0
2026-02-20,SKU-APPL-201,All-Weather Technical Parka Jacket,Apparel,32,1161,189.5,12,0
2026-02-21,SKU-APPL-201,All-Weather Technical Parka Jacket,Apparel,31,1469,189.5,12,0
2026-02-22,SKU-APPL-201,All-Weather Technical Parka Jacket,Apparel,26,1447,189.5,12,0
2026-02-23,SKU-APPL-201,All-Weather Technical Parka Jacket,Apparel,18,1432,189.5,12,0
2026-02-24,SKU-APPL-201,All-Weather Technical Parka Jacket,Apparel,9,1425,189.5,12,0
2026-02-25,SKU-APPL-201,All-Weather Technical Parka Jacket,Apparel,15,1413,189.5,12,0
2026-02-26,SKU-APPL-201,All-Weather Technical Parka Jacket,Apparel,16,1400,189.5,12,0
2026-02-27,SKU-APPL-201,All-Weather Technical Parka Jacket,Apparel,15,1388,189.5,12,0
2026-02-28,SKU-APPL-201,All-Weather Technical Parka Jacket,Apparel,30,1363,189.5,12,0
2026-03-01,SKU-APPL-201,All-Weather Technical Parka Jacket,Apparel,25,1342,189.5,12,0
2026-03-02,SKU-APPL-201,All-Weather Technical Parka Jacket,Apparel,24,1322,189.5,12,0
2026-03-03,SKU-APPL-201,All-Weather Technical Parka Jacket,Apparel,18,1307,189.5,12,0
2026-03-04,SKU-APPL-201,All-Weather Technical Parka Jacket,Apparel,18,1292,189.5,12,0
2026-03-05,SKU-APPL-201,All-Weather Technical Parka Jacket,Apparel,16,1279,189.5,12,0
2026-03-06,SKU-APPL-201,All-Weather Technical Parka Jacket,Apparel,19,1263,189.5,12,0
2026-03-07,SKU-APPL-201,All-Weather Technical Parka Jacket,Apparel,33,1235,189.5,12,0
2026-03-08,SKU-APPL-201,All-Weather Technical Parka Jacket,Apparel,25,1214,189.5,12,0
2026-03-09,SKU-APPL-201,All-Weather Technical Parka Jacket,Apparel,15,1536,189.5,12,0
2026-03-10,SKU-APPL-201,All-Weather Technical Parka Jacket,Apparel,17,1522,189.5,12,0
2026-03-11,SKU-APPL-201,All-Weather Technical Parka Jacket,Apparel,11,1513,189.5,12,0
2026-03-12,SKU-APPL-201,All-Weather Technical Parka Jacket,Apparel,14,1502,189.5,12,0
2026-03-13,SKU-APPL-201,All-Weather Technical Parka Jacket,Apparel,16,1489,189.5,12,0
2026-03-14,SKU-APPL-201,All-Weather Technical Parka Jacket,Apparel,33,1461,189.5,12,0
2026-03-15,SKU-APPL-201,All-Weather Technical Parka Jacket,Apparel,30,1436,189.5,12,0
2026-03-16,SKU-APPL-201,All-Weather Technical Parka Jacket,Apparel,19,1420,189.5,12,0
2026-03-17,SKU-APPL-201,All-Weather Technical Parka Jacket,Apparel,22,1402,189.5,12,0
2026-03-18,SKU-APPL-201,All-Weather Technical Parka Jacket,Apparel,17,1388,189.5,12,0
2026-03-19,SKU-APPL-201,All-Weather Technical Parka Jacket,Apparel,20,1371,189.5,12,0
2026-03-20,SKU-APPL-201,All-Weather Technical Parka Jacket,Apparel,18,1356,189.5,12,0
2026-03-21,SKU-APPL-201,All-Weather Technical Parka Jacket,Apparel,30,1331,189.5,12,0
2026-03-22,SKU-APPL-201,All-Weather Technical Parka Jacket,Apparel,26,1309,189.5,12,0
2026-03-23,SKU-APPL-201,All-Weather Technical Parka Jacket,Apparel,12,1299,166.76,12,1
2026-03-24,SKU-APPL-201,All-Weather Technical Parka Jacket,Apparel,24,1279,166.76,12,1
2026-03-25,SKU-APPL-201,All-Weather Technical Parka Jacket,Apparel,31,1587,166.76,12,1
2026-03-26,SKU-APPL-201,All-Weather Technical Parka Jacket,Apparel,29,1563,166.76,12,1
2026-03-27,SKU-APPL-201,All-Weather Technical Parka Jacket,Apparel,23,1544,189.5,12,0
2026-03-28,SKU-APPL-201,All-Weather Technical Parka Jacket,Apparel,35,1515,189.5,12,0
2026-03-29,SKU-APPL-201,All-Weather Technical Parka Jacket,Apparel,29,1491,189.5,12,0
2026-03-30,SKU-APPL-201,All-Weather Technical Parka Jacket,Apparel,19,1475,189.5,12,0
2026-03-31,SKU-APPL-201,All-Weather Technical Parka Jacket,Apparel,15,1463,189.5,12,0
2026-04-01,SKU-APPL-201,All-Weather Technical Parka Jacket,Apparel,16,1450,189.5,12,0
2026-04-02,SKU-APPL-201,All-Weather Technical Parka Jacket,Apparel,21,1433,189.5,12,0
2026-04-03,SKU-APPL-201,All-Weather Technical Parka Jacket,Apparel,24,1413,189.5,12,0
2026-04-04,SKU-APPL-201,All-Weather Technical Parka Jacket,Apparel,28,1390,189.5,12,0
2026-04-05,SKU-APPL-201,All-Weather Technical Parka Jacket,Apparel,26,1368,189.5,12,0
2026-04-06,SKU-APPL-201,All-Weather Technical Parka Jacket,Apparel,18,1353,189.5,12,0
2026-04-07,SKU-APPL-201,All-Weather Technical Parka Jacket,Apparel,21,1336,189.5,12,0
2026-04-08,SKU-APPL-201,All-Weather Technical Parka Jacket,Apparel,11,1327,189.5,12,0
2026-04-09,SKU-APPL-201,All-Weather Technical Parka Jacket,Apparel,6,1322,189.5,12,0
2026-04-10,SKU-APPL-201,All-Weather Technical Parka Jacket,Apparel,15,1644,189.5,12,0
2026-04-11,SKU-APPL-201,All-Weather Technical Parka Jacket,Apparel,22,1626,189.5,12,0
2026-04-12,SKU-APPL-201,All-Weather Technical Parka Jacket,Apparel,26,1604,189.5,12,0
2026-04-13,SKU-APPL-201,All-Weather Technical Parka Jacket,Apparel,17,1590,189.5,12,0
2026-04-14,SKU-APPL-201,All-Weather Technical Parka Jacket,Apparel,15,1578,189.5,12,0
2026-04-15,SKU-APPL-201,All-Weather Technical Parka Jacket,Apparel,25,1557,189.5,12,0
2026-04-16,SKU-APPL-201,All-Weather Technical Parka Jacket,Apparel,19,1541,189.5,12,0
2026-04-17,SKU-APPL-201,All-Weather Technical Parka Jacket,Apparel,19,1525,189.5,12,0
2026-04-18,SKU-APPL-201,All-Weather Technical Parka Jacket,Apparel,31,1499,189.5,12,0
2026-04-19,SKU-APPL-201,All-Weather Technical Parka Jacket,Apparel,22,1481,189.5,12,0
2026-04-20,SKU-APPL-201,All-Weather Technical Parka Jacket,Apparel,23,1462,189.5,12,0
2026-04-21,SKU-APPL-201,All-Weather Technical Parka Jacket,Apparel,17,1448,189.5,12,0
2026-04-22,SKU-APPL-201,All-Weather Technical Parka Jacket,Apparel,21,1431,189.5,12,0
2026-04-23,SKU-APPL-201,All-Weather Technical Parka Jacket,Apparel,12,1421,189.5,12,0
2026-04-24,SKU-APPL-201,All-Weather Technical Parka Jacket,Apparel,10,1413,189.5,12,0
2026-04-25,SKU-APPL-201,All-Weather Technical Parka Jacket,Apparel,32,1386,189.5,12,0
2026-04-26,SKU-APPL-201,All-Weather Technical Parka Jacket,Apparel,29,1696,189.5,12,0
2026-04-27,SKU-APPL-201,All-Weather Technical Parka Jacket,Apparel,13,1685,189.5,12,0
2026-04-28,SKU-APPL-201,All-Weather Technical Parka Jacket,Apparel,13,1674,189.5,12,0
2026-04-29,SKU-APPL-201,All-Weather Technical Parka Jacket,Apparel,23,1655,189.5,12,0
2026-04-30,SKU-APPL-201,All-Weather Technical Parka Jacket,Apparel,11,1646,189.5,12,0
2026-05-01,SKU-APPL-201,All-Weather Technical Parka Jacket,Apparel,25,1625,189.5,12,0
2026-05-02,SKU-APPL-201,All-Weather Technical Parka Jacket,Apparel,23,1606,189.5,12,0
2026-05-03,SKU-APPL-201,All-Weather Technical Parka Jacket,Apparel,30,1581,189.5,12,0
2026-05-04,SKU-APPL-201,All-Weather Technical Parka Jacket,Apparel,15,1569,189.5,12,0
2026-05-05,SKU-APPL-201,All-Weather Technical Parka Jacket,Apparel,20,1552,189.5,12,0
2026-05-06,SKU-APPL-201,All-Weather Technical Parka Jacket,Apparel,14,1541,189.5,12,0
2026-05-07,SKU-APPL-201,All-Weather Technical Parka Jacket,Apparel,16,1528,189.5,12,0
2026-05-08,SKU-APPL-201,All-Weather Technical Parka Jacket,Apparel,17,1514,189.5,12,0
2026-05-09,SKU-APPL-201,All-Weather Technical Parka Jacket,Apparel,22,1496,189.5,12,0
2026-05-10,SKU-APPL-201,All-Weather Technical Parka Jacket,Apparel,40,1462,166.76,12,1
2026-05-11,SKU-APPL-201,All-Weather Technical Parka Jacket,Apparel,20,1445,166.76,12,1
2026-05-12,SKU-APPL-201,All-Weather Technical Parka Jacket,Apparel,21,1762,166.76,12,1
2026-05-13,SKU-APPL-201,All-Weather Technical Parka Jacket,Apparel,17,1748,166.76,12,1
2026-05-14,SKU-APPL-201,All-Weather Technical Parka Jacket,Apparel,4,1745,189.5,12,0
2026-05-15,SKU-APPL-201,All-Weather Technical Parka Jacket,Apparel,15,1733,189.5,12,0
2026-05-16,SKU-APPL-201,All-Weather Technical Parka Jacket,Apparel,38,1701,189.5,12,0
2026-05-17,SKU-APPL-201,All-Weather Technical Parka Jacket,Apparel,30,1676,189.5,12,0
2026-05-18,SKU-APPL-201,All-Weather Technical Parka Jacket,Apparel,16,1663,189.5,12,0
2026-05-19,SKU-APPL-201,All-Weather Technical Parka Jacket,Apparel,15,1651,189.5,12,0
2026-05-20,SKU-APPL-201,All-Weather Technical Parka Jacket,Apparel,16,1638,189.5,12,0
2026-05-21,SKU-APPL-201,All-Weather Technical Parka Jacket,Apparel,19,1622,189.5,12,0
2026-05-22,SKU-APPL-201,All-Weather Technical Parka Jacket,Apparel,10,1614,189.5,12,0
2026-05-23,SKU-APPL-201,All-Weather Technical Parka Jacket,Apparel,31,1588,189.5,12,0
2026-05-24,SKU-APPL-201,All-Weather Technical Parka Jacket,Apparel,29,1564,189.5,12,0
2026-05-25,SKU-APPL-201,All-Weather Technical Parka Jacket,Apparel,20,1547,189.5,12,0
2026-05-26,SKU-APPL-201,All-Weather Technical Parka Jacket,Apparel,18,1532,189.5,12,0
2026-05-27,SKU-APPL-201,All-Weather Technical Parka Jacket,Apparel,16,1519,189.5,12,0
2026-05-28,SKU-APPL-201,All-Weather Technical Parka Jacket,Apparel,19,1837,189.5,12,0
2026-05-29,SKU-APPL-201,All-Weather Technical Parka Jacket,Apparel,19,1821,189.5,12,0
2026-05-30,SKU-APPL-201,All-Weather Technical Parka Jacket,Apparel,23,1802,189.5,12,0
2026-05-31,SKU-APPL-201,All-Weather Technical Parka Jacket,Apparel,22,1784,189.5,12,0
2026-06-01,SKU-APPL-201,All-Weather Technical Parka Jacket,Apparel,16,1771,189.5,12,0
2026-06-02,SKU-APPL-201,All-Weather Technical Parka Jacket,Apparel,23,1752,189.5,12,0
2026-06-03,SKU-APPL-201,All-Weather Technical Parka Jacket,Apparel,9,1745,189.5,12,0
2026-06-04,SKU-APPL-201,All-Weather Technical Parka Jacket,Apparel,8,1739,189.5,12,0
2026-06-05,SKU-APPL-201,All-Weather Technical Parka Jacket,Apparel,16,1726,189.5,12,0
2026-06-06,SKU-APPL-201,All-Weather Technical Parka Jacket,Apparel,25,1705,189.5,12,0
2026-06-07,SKU-APPL-201,All-Weather Technical Parka Jacket,Apparel,25,1684,189.5,12,0
2026-06-08,SKU-APPL-201,All-Weather Technical Parka Jacket,Apparel,16,1671,189.5,12,0
2026-06-09,SKU-APPL-201,All-Weather Technical Parka Jacket,Apparel,14,1660,189.5,12,0
2026-06-10,SKU-APPL-201,All-Weather Technical Parka Jacket,Apparel,22,1642,189.5,12,0
2026-06-11,SKU-APPL-201,All-Weather Technical Parka Jacket,Apparel,7,1637,189.5,12,0
2026-06-12,SKU-APPL-201,All-Weather Technical Parka Jacket,Apparel,11,1628,189.5,12,0
2026-06-13,SKU-APPL-201,All-Weather Technical Parka Jacket,Apparel,23,1943,189.5,12,0
2026-06-14,SKU-APPL-201,All-Weather Technical Parka Jacket,Apparel,15,1931,189.5,12,0
2026-06-15,SKU-APPL-201,All-Weather Technical Parka Jacket,Apparel,14,1920,189.5,12,0
2026-06-16,SKU-APPL-201,All-Weather Technical Parka Jacket,Apparel,23,1901,189.5,12,0
2026-06-17,SKU-APPL-201,All-Weather Technical Parka Jacket,Apparel,15,1889,189.5,12,0
2026-06-18,SKU-APPL-201,All-Weather Technical Parka Jacket,Apparel,16,1876,189.5,12,0
2026-06-19,SKU-APPL-201,All-Weather Technical Parka Jacket,Apparel,8,1870,189.5,12,0
2026-06-20,SKU-APPL-201,All-Weather Technical Parka Jacket,Apparel,20,1853,189.5,12,0
2026-06-21,SKU-APPL-201,All-Weather Technical Parka Jacket,Apparel,21,1836,189.5,12,0
2026-06-22,SKU-APPL-201,All-Weather Technical Parka Jacket,Apparel,13,1825,189.5,12,0
2026-06-23,SKU-APPL-201,All-Weather Technical Parka Jacket,Apparel,21,1808,189.5,12,0
2026-06-24,SKU-APPL-201,All-Weather Technical Parka Jacket,Apparel,17,1794,189.5,12,0
2025-01-01,SKU-APPL-202,Performance Running Shoes Pro,Apparel,49,34,129.0,8,0
2025-01-02,SKU-APPL-202,Performance Running Shoes Pro,Apparel,65,0,129.0,8,0
2025-01-03,SKU-APPL-202,Performance Running Shoes Pro,Apparel,69,0,129.0,8,0
2025-01-04,SKU-APPL-202,Performance Running Shoes Pro,Apparel,108,0,129.0,8,0
2025-01-05,SKU-APPL-202,Performance Running Shoes Pro,Apparel,114,0,129.0,8,0
2025-01-06,SKU-APPL-202,Performance Running Shoes Pro,Apparel,51,0,129.0,8,0
2025-01-07,SKU-APPL-202,Performance Running Shoes Pro,Apparel,54,0,129.0,8,0
2025-01-08,SKU-APPL-202,Performance Running Shoes Pro,Apparel,49,0,129.0,8,0
2025-01-09,SKU-APPL-202,Performance Running Shoes Pro,Apparel,61,0,129.0,8,0
2025-01-10,SKU-APPL-202,Performance Running Shoes Pro,Apparel,70,0,129.0,8,0
2025-01-11,SKU-APPL-202,Performance Running Shoes Pro,Apparel,109,0,129.0,8,0
2025-01-12,SKU-APPL-202,Performance Running Shoes Pro,Apparel,96,0,129.0,8,0
2025-01-13,SKU-APPL-202,Performance Running Shoes Pro,Apparel,61,655,129.0,8,0
2025-01-14,SKU-APPL-202,Performance Running Shoes Pro,Apparel,67,599,129.0,8,0
2025-01-15,SKU-APPL-202,Performance Running Shoes Pro,Apparel,79,532,113.52,8,1
2025-01-16,SKU-APPL-202,Performance Running Shoes Pro,Apparel,114,436,113.52,8,1
2025-01-17,SKU-APPL-202,Performance Running Shoes Pro,Apparel,70,377,113.52,8,1
2025-01-18,SKU-APPL-202,Performance Running Shoes Pro,Apparel,136,262,113.52,8,1
2025-01-19,SKU-APPL-202,Performance Running Shoes Pro,Apparel,124,157,129.0,8,0
2025-01-20,SKU-APPL-202,Performance Running Shoes Pro,Apparel,67,101,129.0,8,0
2025-01-21,SKU-APPL-202,Performance Running Shoes Pro,Apparel,65,46,129.0,8,0
2025-01-22,SKU-APPL-202,Performance Running Shoes Pro,Apparel,63,0,129.0,8,0
2025-01-23,SKU-APPL-202,Performance Running Shoes Pro,Apparel,65,0,129.0,8,0
2025-01-24,SKU-APPL-202,Performance Running Shoes Pro,Apparel,84,0,129.0,8,0
2025-01-25,SKU-APPL-202,Performance Running Shoes Pro,Apparel,75,643,129.0,8,0
2025-01-26,SKU-APPL-202,Performance Running Shoes Pro,Apparel,121,541,129.0,8,0
2025-01-27,SKU-APPL-202,Performance Running Shoes Pro,Apparel,51,498,129.0,8,0
2025-01-28,SKU-APPL-202,Performance Running Shoes Pro,Apparel,65,443,129.0,8,0
2025-01-29,SKU-APPL-202,Performance Running Shoes Pro,Apparel,64,389,129.0,8,0
2025-01-30,SKU-APPL-202,Performance Running Shoes Pro,Apparel,76,325,129.0,8,0
2025-01-31,SKU-APPL-202,Performance Running Shoes Pro,Apparel,50,283,129.0,8,0
2025-02-01,SKU-APPL-202,Performance Running Shoes Pro,Apparel,110,190,129.0,8,0
2025-02-02,SKU-APPL-202,Performance Running Shoes Pro,Apparel,129,81,129.0,8,0
2025-02-03,SKU-APPL-202,Performance Running Shoes Pro,Apparel,54,36,129.0,8,0
2025-02-04,SKU-APPL-202,Performance Running Shoes Pro,Apparel,72,0,129.0,8,0
2025-02-05,SKU-APPL-202,Performance Running Shoes Pro,Apparel,62,0,129.0,8,0
2025-02-06,SKU-APPL-202,Performance Running Shoes Pro,Apparel,76,642,129.0,8,0
2025-02-07,SKU-APPL-202,Performance Running Shoes Pro,Apparel,71,582,129.0,8,0
2025-02-08,SKU-APPL-202,Performance Running Shoes Pro,Apparel,99,498,129.0,8,0
2025-02-09,SKU-APPL-202,Performance Running Shoes Pro,Apparel,113,402,129.0,8,0
2025-02-10,SKU-APPL-202,Performance Running Shoes Pro,Apparel,93,323,129.0,8,0
2025-02-11,SKU-APPL-202,Performance Running Shoes Pro,Apparel,69,265,129.0,8,0
2025-02-12,SKU-APPL-202,Performance Running Shoes Pro,Apparel,81,197,129.0,8,0
2025-02-13,SKU-APPL-202,Performance Running Shoes Pro,Apparel,57,149,129.0,8,0
2025-02-14,SKU-APPL-202,Performance Running Shoes Pro,Apparel,61,98,129.0,8,0
2025-02-15,SKU-APPL-202,Performance Running Shoes Pro,Apparel,114,2,129.0,8,0
2025-02-16,SKU-APPL-202,Performance Running Shoes Pro,Apparel,127,0,129.0,8,0
2025-02-17,SKU-APPL-202,Performance Running Shoes Pro,Apparel,77,0,129.0,8,0
2025-02-18,SKU-APPL-202,Performance Running Shoes Pro,Apparel,69,648,129.0,8,0
2025-02-19,SKU-APPL-202,Performance Running Shoes Pro,Apparel,73,586,129.0,8,0
2025-02-20,SKU-APPL-202,Performance Running Shoes Pro,Apparel,58,537,129.0,8,0
2025-02-21,SKU-APPL-202,Performance Running Shoes Pro,Apparel,81,469,129.0,8,0
2025-02-22,SKU-APPL-202,Performance Running Shoes Pro,Apparel,121,367,129.0,8,0
2025-02-23,SKU-APPL-202,Performance Running Shoes Pro,Apparel,106,277,129.0,8,0
2025-02-24,SKU-APPL-202,Performance Running Shoes Pro,Apparel,69,219,129.0,8,0
2025-02-25,SKU-APPL-202,Performance Running Shoes Pro,Apparel,78,153,129.0,8,0
2025-02-26,SKU-APPL-202,Performance Running Shoes Pro,Apparel,69,95,129.0,8,0
2025-02-27,SKU-APPL-202,Performance Running Shoes Pro,Apparel,74,33,129.0,8,0
2025-02-28,SKU-APPL-202,Performance Running Shoes Pro,Apparel,100,0,129.0,8,0
2025-03-01,SKU-APPL-202,Performance Running Shoes Pro,Apparel,110,0,129.0,8,0
2025-03-02,SKU-APPL-202,Performance Running Shoes Pro,Apparel,108,615,129.0,8,0
2025-03-03,SKU-APPL-202,Performance Running Shoes Pro,Apparel,68,558,129.0,8,0
2025-03-04,SKU-APPL-202,Performance Running Shoes Pro,Apparel,111,464,113.52,8,1
2025-03-05,SKU-APPL-202,Performance Running Shoes Pro,Apparel,100,379,113.52,8,1
2025-03-06,SKU-APPL-202,Performance Running Shoes Pro,Apparel,94,300,113.52,8,1
2025-03-07,SKU-APPL-202,Performance Running Shoes Pro,Apparel,118,200,113.52,8,1
2025-03-08,SKU-APPL-202,Performance Running Shoes Pro,Apparel,131,89,129.0,8,0
2025-03-09,SKU-APPL-202,Performance Running Shoes Pro,Apparel,107,0,129.0,8,0
2025-03-10,SKU-APPL-202,Performance Running Shoes Pro,Apparel,54,0,129.0,8,0
2025-03-11,SKU-APPL-202,Performance Running Shoes Pro,Apparel,89,0,129.0,8,0
2025-03-12,SKU-APPL-202,Performance Running Shoes Pro,Apparel,68,0,129.0,8,0
2025-03-13,SKU-APPL-202,Performance Running Shoes Pro,Apparel,86,0,129.0,8,0
2025-03-14,SKU-APPL-202,Performance Running Shoes Pro,Apparel,53,661,129.0,8,0
2025-03-15,SKU-APPL-202,Performance Running Shoes Pro,Apparel,126,554,129.0,8,0
2025-03-16,SKU-APPL-202,Performance Running Shoes Pro,Apparel,101,469,129.0,8,0
2025-03-17,SKU-APPL-202,Performance Running Shoes Pro,Apparel,86,396,129.0,8,0
2025-03-18,SKU-APPL-202,Performance Running Shoes Pro,Apparel,77,331,129.0,8,0
2025-03-19,SKU-APPL-202,Performance Running Shoes Pro,Apparel,66,275,129.0,8,0
2025-03-20,SKU-APPL-202,Performance Running Shoes Pro,Apparel,73,213,129.0,8,0
2025-03-21,SKU-APPL-202,Performance Running Shoes Pro,Apparel,86,140,129.0,8,0
2025-03-22,SKU-APPL-202,Performance Running Shoes Pro,Apparel,118,40,129.0,8,0
2025-03-23,SKU-APPL-202,Performance Running Shoes Pro,Apparel,124,0,129.0,8,0
2025-03-24,SKU-APPL-202,Performance Running Shoes Pro,Apparel,102,0,129.0,8,0
2025-03-25,SKU-APPL-202,Performance Running Shoes Pro,Apparel,59,0,129.0,8,0
2025-03-26,SKU-APPL-202,Performance Running Shoes Pro,Apparel,97,624,129.0,8,0
2025-03-27,SKU-APPL-202,Performance Running Shoes Pro,Apparel,79,557,129.0,8,0
2025-03-28,SKU-APPL-202,Performance Running Shoes Pro,Apparel,67,501,129.0,8,0
2025-03-29,SKU-APPL-202,Performance Running Shoes Pro,Apparel,101,416,129.0,8,0
2025-03-30,SKU-APPL-202,Performance Running Shoes Pro,Apparel,115,319,129.0,8,0
2025-03-31,SKU-APPL-202,Performance Running Shoes Pro,Apparel,89,244,129.0,8,0
2025-04-01,SKU-APPL-202,Performance Running Shoes Pro,Apparel,77,179,129.0,8,0
2025-04-02,SKU-APPL-202,Performance Running Shoes Pro,Apparel,97,97,129.0,8,0
2025-04-03,SKU-APPL-202,Performance Running Shoes Pro,Apparel,61,46,129.0,8,0
2025-04-04,SKU-APPL-202,Performance Running Shoes Pro,Apparel,78,0,129.0,8,0
2025-04-05,SKU-APPL-202,Performance Running Shoes Pro,Apparel,103,0,129.0,8,0
2025-04-06,SKU-APPL-202,Performance Running Shoes Pro,Apparel,122,0,129.0,8,0
2025-04-07,SKU-APPL-202,Performance Running Shoes Pro,Apparel,89,631,129.0,8,0
2025-04-08,SKU-APPL-202,Performance Running Shoes Pro,Apparel,74,569,129.0,8,0
2025-04-09,SKU-APPL-202,Performance Running Shoes Pro,Apparel,48,529,129.0,8,0
2025-04-10,SKU-APPL-202,Performance Running Shoes Pro,Apparel,81,461,129.0,8,0
2025-04-11,SKU-APPL-202,Performance Running Shoes Pro,Apparel,84,390,129.0,8,0
2025-04-12,SKU-APPL-202,Performance Running Shoes Pro,Apparel,123,286,129.0,8,0
2025-04-13,SKU-APPL-202,Performance Running Shoes Pro,Apparel,133,173,129.0,8,0
2025-04-14,SKU-APPL-202,Performance Running Shoes Pro,Apparel,66,117,129.0,8,0
2025-04-15,SKU-APPL-202,Performance Running Shoes Pro,Apparel,87,44,129.0,8,0
2025-04-16,SKU-APPL-202,Performance Running Shoes Pro,Apparel,93,0,129.0,8,0
2025-04-17,SKU-APPL-202,Performance Running Shoes Pro,Apparel,58,0,129.0,8,0
2025-04-18,SKU-APPL-202,Performance Running Shoes Pro,Apparel,83,0,129.0,8,0
2025-04-19,SKU-APPL-202,Performance Running Shoes Pro,Apparel,112,611,129.0,8,0
2025-04-20,SKU-APPL-202,Performance Running Shoes Pro,Apparel,117,512,129.0,8,0
2025-04-21,SKU-APPL-202,Performance Running Shoes Pro,Apparel,111,418,113.52,8,1
2025-04-22,SKU-APPL-202,Performance Running Shoes Pro,Apparel,101,333,113.52,8,1
2025-04-23,SKU-APPL-202,Performance Running Shoes Pro,Apparel,98,250,113.52,8,1
2025-04-24,SKU-APPL-202,Performance Running Shoes Pro,Apparel,107,160,113.52,8,1
2025-04-25,SKU-APPL-202,Performance Running Shoes Pro,Apparel,66,104,129.0,8,0
2025-04-26,SKU-APPL-202,Performance Running Shoes Pro,Apparel,105,15,129.0,8,0
2025-04-27,SKU-APPL-202,Performance Running Shoes Pro,Apparel,126,0,129.0,8,0
2025-04-28,SKU-APPL-202,Performance Running Shoes Pro,Apparel,65,0,129.0,8,0
2025-04-29,SKU-APPL-202,Performance Running Shoes Pro,Apparel,87,0,129.0,8,0
2025-04-30,SKU-APPL-202,Performance Running Shoes Pro,Apparel,84,0,129.0,8,0
2025-05-01,SKU-APPL-202,Performance Running Shoes Pro,Apparel,58,657,129.0,8,0
2025-05-02,SKU-APPL-202,Performance Running Shoes Pro,Apparel,71,597,129.0,8,0
2025-05-03,SKU-APPL-202,Performance Running Shoes Pro,Apparel,132,485,129.0,8,0
2025-05-04,SKU-APPL-202,Performance Running Shoes Pro,Apparel,106,395,129.0,8,0
2025-05-05,SKU-APPL-202,Performance Running Shoes Pro,Apparel,73,333,129.0,8,0
2025-05-06,SKU-APPL-202,Performance Running Shoes Pro,Apparel,84,262,129.0,8,0
2025-05-07,SKU-APPL-202,Performance Running Shoes Pro,Apparel,88,188,129.0,8,0
2025-05-08,SKU-APPL-202,Performance Running Shoes Pro,Apparel,75,125,129.0,8,0
2025-05-09,SKU-APPL-202,Performance Running Shoes Pro,Apparel,71,65,129.0,8,0
2025-05-10,SKU-APPL-202,Performance Running Shoes Pro,Apparel,134,0,129.0,8,0
2025-05-11,SKU-APPL-202,Performance Running Shoes Pro,Apparel,138,0,129.0,8,0
2025-05-12,SKU-APPL-202,Performance Running Shoes Pro,Apparel,90,0,129.0,8,0
2025-05-13,SKU-APPL-202,Performance Running Shoes Pro,Apparel,79,639,129.0,8,0
2025-05-14,SKU-APPL-202,Performance Running Shoes Pro,Apparel,68,582,129.0,8,0
2025-05-15,SKU-APPL-202,Performance Running Shoes Pro,Apparel,68,525,129.0,8,0
2025-05-16,SKU-APPL-202,Performance Running Shoes Pro,Apparel,84,454,129.0,8,0
2025-05-17,SKU-APPL-202,Performance Running Shoes Pro,Apparel,121,352,129.0,8,0
2025-05-18,SKU-APPL-202,Performance Running Shoes Pro,Apparel,133,239,129.0,8,0
2025-05-19,SKU-APPL-202,Performance Running Shoes Pro,Apparel,85,167,129.0,8,0
2025-05-20,SKU-APPL-202,Performance Running Shoes Pro,Apparel,59,117,129.0,8,0
2025-05-21,SKU-APPL-202,Performance Running Shoes Pro,Apparel,90,41,129.0,8,0
2025-05-22,SKU-APPL-202,Performance Running Shoes Pro,Apparel,65,0,129.0,8,0
2025-05-23,SKU-APPL-202,Performance Running Shoes Pro,Apparel,72,0,129.0,8,0
2025-05-24,SKU-APPL-202,Performance Running Shoes Pro,Apparel,118,0,129.0,8,0
2025-05-25,SKU-APPL-202,Performance Running Shoes Pro,Apparel,139,588,129.0,8,0
2025-05-26,SKU-APPL-202,Performance Running Shoes Pro,Apparel,114,492,129.0,8,0
2025-05-27,SKU-APPL-202,Performance Running Shoes Pro,Apparel,84,421,129.0,8,0
2025-05-28,SKU-APPL-202,Performance Running Shoes Pro,Apparel,74,359,129.0,8,0
2025-05-29,SKU-APPL-202,Performance Running Shoes Pro,Apparel,83,289,129.0,8,0
2025-05-30,SKU-APPL-202,Performance Running Shoes Pro,Apparel,87,216,129.0,8,0
2025-05-31,SKU-APPL-202,Performance Running Shoes Pro,Apparel,110,123,129.0,8,0
2025-06-01,SKU-APPL-202,Performance Running Shoes Pro,Apparel,135,9,129.0,8,0
2025-06-02,SKU-APPL-202,Performance Running Shoes Pro,Apparel,78,0,129.0,8,0
2025-06-03,SKU-APPL-202,Performance Running Shoes Pro,Apparel,82,0,129.0,8,0
2025-06-04,SKU-APPL-202,Performance Running Shoes Pro,Apparel,83,0,129.0,8,0
2025-06-05,SKU-APPL-202,Performance Running Shoes Pro,Apparel,80,0,129.0,8,0
2025-06-06,SKU-APPL-202,Performance Running Shoes Pro,Apparel,85,634,129.0,8,0
2025-06-07,SKU-APPL-202,Performance Running Shoes Pro,Apparel,105,545,129.0,8,0
2025-06-08,SKU-APPL-202,Performance Running Shoes Pro,Apparel,145,422,113.52,8,1
2025-06-09,SKU-APPL-202,Performance Running Shoes Pro,Apparel,88,348,113.52,8,1
2025-06-10,SKU-APPL-202,Performance Running Shoes Pro,Apparel,106,258,113.52,8,1
2025-06-11,SKU-APPL-202,Performance Running Shoes Pro,Apparel,110,165,113.52,8,1
2025-06-12,SKU-APPL-202,Performance Running Shoes Pro,Apparel,80,97,129.0,8,0
2025-06-13,SKU-APPL-202,Performance Running Shoes Pro,Apparel,94,18,129.0,8,0
2025-06-14,SKU-APPL-202,Performance Running Shoes Pro,Apparel,111,0,129.0,8,0
2025-06-15,SKU-APPL-202,Performance Running Shoes Pro,Apparel,119,0,129.0,8,0
2025-06-16,SKU-APPL-202,Performance Running Shoes Pro,Apparel,61,0,129.0,8,0
2025-06-17,SKU-APPL-202,Performance Running Shoes Pro,Apparel,69,0,129.0,8,0
2025-06-18,SKU-APPL-202,Performance Running Shoes Pro,Apparel,82,637,129.0,8,0
2025-06-19,SKU-APPL-202,Performance Running Shoes Pro,Apparel,83,567,129.0,8,0
2025-06-20,SKU-APPL-202,Performance Running Shoes Pro,Apparel,69,509,129.0,8,0
2025-06-21,SKU-APPL-202,Performance Running Shoes Pro,Apparel,108,418,129.0,8,0
2025-06-22,SKU-APPL-202,Performance Running Shoes Pro,Apparel,91,341,129.0,8,0
2025-06-23,SKU-APPL-202,Performance Running Shoes Pro,Apparel,68,284,129.0,8,0
2025-06-24,SKU-APPL-202,Performance Running Shoes Pro,Apparel,83,214,129.0,8,0
2025-06-25,SKU-APPL-202,Performance Running Shoes Pro,Apparel,79,147,129.0,8,0
2025-06-26,SKU-APPL-202,Performance Running Shoes Pro,Apparel,78,81,129.0,8,0
2025-06-27,SKU-APPL-202,Performance Running Shoes Pro,Apparel,72,20,129.0,8,0
2025-06-28,SKU-APPL-202,Performance Running Shoes Pro,Apparel,108,0,129.0,8,0
2025-06-29,SKU-APPL-202,Performance Running Shoes Pro,Apparel,99,0,129.0,8,0
2025-06-30,SKU-APPL-202,Performance Running Shoes Pro,Apparel,80,638,129.0,8,0
2025-07-01,SKU-APPL-202,Performance Running Shoes Pro,Apparel,76,574,129.0,8,0
2025-07-02,SKU-APPL-202,Performance Running Shoes Pro,Apparel,77,509,129.0,8,0
2025-07-03,SKU-APPL-202,Performance Running Shoes Pro,Apparel,65,454,129.0,8,0
2025-07-04,SKU-APPL-202,Performance Running Shoes Pro,Apparel,45,416,129.0,8,0
2025-07-05,SKU-APPL-202,Performance Running Shoes Pro,Apparel,119,315,129.0,8,0
2025-07-06,SKU-APPL-202,Performance Running Shoes Pro,Apparel,100,230,129.0,8,0
2025-07-07,SKU-APPL-202,Performance Running Shoes Pro,Apparel,60,179,129.0,8,0
2025-07-08,SKU-APPL-202,Performance Running Shoes Pro,Apparel,78,113,129.0,8,0
2025-07-09,SKU-APPL-202,Performance Running Shoes Pro,Apparel,65,58,129.0,8,0
2025-07-10,SKU-APPL-202,Performance Running Shoes Pro,Apparel,82,0,129.0,8,0
2025-07-11,SKU-APPL-202,Performance Running Shoes Pro,Apparel,77,0,129.0,8,0
2025-07-12,SKU-APPL-202,Performance Running Shoes Pro,Apparel,112,611,129.0,8,0
2025-07-13,SKU-APPL-202,Performance Running Shoes Pro,Apparel,87,538,129.0,8,0
2025-07-14,SKU-APPL-202,Performance Running Shoes Pro,Apparel,84,467,129.0,8,0
2025-07-15,SKU-APPL-202,Performance Running Shoes Pro,Apparel,72,406,129.0,8,0
2025-07-16,SKU-APPL-202,Performance Running Shoes Pro,Apparel,64,352,129.0,8,0
2025-07-17,SKU-APPL-202,Performance Running Shoes Pro,Apparel,70,293,129.0,8,0
2025-07-18,SKU-APPL-202,Performance Running Shoes Pro,Apparel,47,254,129.0,8,0
2025-07-19,SKU-APPL-202,Performance Running Shoes Pro,Apparel,107,164,129.0,8,0
2025-07-20,SKU-APPL-202,Performance Running Shoes Pro,Apparel,90,88,129.0,8,0
2025-07-21,SKU-APPL-202,Performance Running Shoes Pro,Apparel,52,44,129.0,8,0
2025-07-22,SKU-APPL-202,Performance Running Shoes Pro,Apparel,49,3,129.0,8,0
2025-07-23,SKU-APPL-202,Performance Running Shoes Pro,Apparel,81,0,129.0,8,0
2025-07-24,SKU-APPL-202,Performance Running Shoes Pro,Apparel,60,655,129.0,8,0
2025-07-25,SKU-APPL-202,Performance Running Shoes Pro,Apparel,86,582,129.0,8,0
2025-07-26,SKU-APPL-202,Performance Running Shoes Pro,Apparel,129,473,113.52,8,1
2025-07-27,SKU-APPL-202,Performance Running Shoes Pro,Apparel,115,376,113.52,8,1
2025-07-28,SKU-APPL-202,Performance Running Shoes Pro,Apparel,77,311,113.52,8,1
2025-07-29,SKU-APPL-202,Performance Running Shoes Pro,Apparel,105,222,113.52,8,1
2025-07-30,SKU-APPL-202,Performance Running Shoes Pro,Apparel,65,167,129.0,8,0
2025-07-31,SKU-APPL-202,Performance Running Shoes Pro,Apparel,60,116,129.0,8,0
2025-08-01,SKU-APPL-202,Performance Running Shoes Pro,Apparel,68,59,129.0,8,0
2025-08-02,SKU-APPL-202,Performance Running Shoes Pro,Apparel,105,0,129.0,8,0
2025-08-03,SKU-APPL-202,Performance Running Shoes Pro,Apparel,112,0,129.0,8,0
2025-08-04,SKU-APPL-202,Performance Running Shoes Pro,Apparel,83,0,129.0,8,0
2025-08-05,SKU-APPL-202,Performance Running Shoes Pro,Apparel,61,655,129.0,8,0
2025-08-06,SKU-APPL-202,Performance Running Shoes Pro,Apparel,49,614,129.0,8,0
2025-08-07,SKU-APPL-202,Performance Running Shoes Pro,Apparel,60,563,129.0,8,0
2025-08-08,SKU-APPL-202,Performance Running Shoes Pro,Apparel,68,506,129.0,8,0
2025-08-09,SKU-APPL-202,Performance Running Shoes Pro,Apparel,86,433,129.0,8,0
2025-08-10,SKU-APPL-202,Performance Running Shoes Pro,Apparel,86,360,129.0,8,0
2025-08-11,SKU-APPL-202,Performance Running Shoes Pro,Apparel,69,302,129.0,8,0
2025-08-12,SKU-APPL-202,Performance Running Shoes Pro,Apparel,64,248,129.0,8,0
2025-08-13,SKU-APPL-202,Performance Running Shoes Pro,Apparel,65,193,129.0,8,0
2025-08-14,SKU-APPL-202,Performance Running Shoes Pro,Apparel,55,147,129.0,8,0
2025-08-15,SKU-APPL-202,Performance Running Shoes Pro,Apparel,61,96,129.0,8,0
2025-08-16,SKU-APPL-202,Performance Running Shoes Pro,Apparel,85,24,129.0,8,0
2025-08-17,SKU-APPL-202,Performance Running Shoes Pro,Apparel,107,640,129.0,8,0
2025-08-18,SKU-APPL-202,Performance Running Shoes Pro,Apparel,76,576,129.0,8,0
2025-08-19,SKU-APPL-202,Performance Running Shoes Pro,Apparel,42,541,129.0,8,0
2025-08-20,SKU-APPL-202,Performance Running Shoes Pro,Apparel,52,497,129.0,8,0
2025-08-21,SKU-APPL-202,Performance Running Shoes Pro,Apparel,46,458,129.0,8,0
2025-08-22,SKU-APPL-202,Performance Running Shoes Pro,Apparel,56,411,129.0,8,0
2025-08-23,SKU-APPL-202,Performance Running Shoes Pro,Apparel,94,332,129.0,8,0
2025-08-24,SKU-APPL-202,Performance Running Shoes Pro,Apparel,77,267,129.0,8,0
2025-08-25,SKU-APPL-202,Performance Running Shoes Pro,Apparel,52,223,129.0,8,0
2025-08-26,SKU-APPL-202,Performance Running Shoes Pro,Apparel,51,180,129.0,8,0
2025-08-27,SKU-APPL-202,Performance Running Shoes Pro,Apparel,65,125,129.0,8,0
2025-08-28,SKU-APPL-202,Performance Running Shoes Pro,Apparel,64,71,129.0,8,0
2025-08-29,SKU-APPL-202,Performance Running Shoes Pro,Apparel,54,732,129.0,8,0
2025-08-30,SKU-APPL-202,Performance Running Shoes Pro,Apparel,96,651,129.0,8,0
2025-08-31,SKU-APPL-202,Performance Running Shoes Pro,Apparel,87,578,129.0,8,0
2025-09-01,SKU-APPL-202,Performance Running Shoes Pro,Apparel,59,528,129.0,8,0
2025-09-02,SKU-APPL-202,Performance Running Shoes Pro,Apparel,83,458,129.0,8,0
2025-09-03,SKU-APPL-202,Performance Running Shoes Pro,Apparel,78,392,129.0,8,0
2025-09-04,SKU-APPL-202,Performance Running Shoes Pro,Apparel,47,353,129.0,8,0
2025-09-05,SKU-APPL-202,Performance Running Shoes Pro,Apparel,72,292,129.0,8,0
2025-09-06,SKU-APPL-202,Performance Running Shoes Pro,Apparel,103,205,129.0,8,0
2025-09-07,SKU-APPL-202,Performance Running Shoes Pro,Apparel,79,138,129.0,8,0
2025-09-08,SKU-APPL-202,Performance Running Shoes Pro,Apparel,72,77,129.0,8,0
2025-09-09,SKU-APPL-202,Performance Running Shoes Pro,Apparel,81,9,129.0,8,0
2025-09-10,SKU-APPL-202,Performance Running Shoes Pro,Apparel,49,674,129.0,8,0
2025-09-11,SKU-APPL-202,Performance Running Shoes Pro,Apparel,51,631,129.0,8,0
2025-09-12,SKU-APPL-202,Performance Running Shoes Pro,Apparel,96,550,113.52,8,1
2025-09-13,SKU-APPL-202,Performance Running Shoes Pro,Apparel,129,441,113.52,8,1
2025-09-14,SKU-APPL-202,Performance Running Shoes Pro,Apparel,132,329,113.52,8,1
2025-09-15,SKU-APPL-202,Performance Running Shoes Pro,Apparel,88,255,113.52,8,1
2025-09-16,SKU-APPL-202,Performance Running Shoes Pro,Apparel,67,199,129.0,8,0
2025-09-17,SKU-APPL-202,Performance Running Shoes Pro,Apparel,46,160,129.0,8,0
2025-09-18,SKU-APPL-202,Performance Running Shoes Pro,Apparel,74,98,129.0,8,0
2025-09-19,SKU-APPL-202,Performance Running Shoes Pro,Apparel,76,34,129.0,8,0
2025-09-20,SKU-APPL-202,Performance Running Shoes Pro,Apparel,90,0,129.0,8,0
2025-09-21,SKU-APPL-202,Performance Running Shoes Pro,Apparel,92,0,129.0,8,0
2025-09-22,SKU-APPL-202,Performance Running Shoes Pro,Apparel,43,670,129.0,8,0
2025-09-23,SKU-APPL-202,Performance Running Shoes Pro,Apparel,68,613,129.0,8,0
2025-09-24,SKU-APPL-202,Performance Running Shoes Pro,Apparel,69,555,129.0,8,0
2025-09-25,SKU-APPL-202,Performance Running Shoes Pro,Apparel,61,504,129.0,8,0
2025-09-26,SKU-APPL-202,Performance Running Shoes Pro,Apparel,75,441,129.0,8,0
2025-09-27,SKU-APPL-202,Performance Running Shoes Pro,Apparel,89,366,129.0,8,0
2025-09-28,SKU-APPL-202,Performance Running Shoes Pro,Apparel,100,281,129.0,8,0
2025-09-29,SKU-APPL-202,Performance Running Shoes Pro,Apparel,50,239,129.0,8,0
2025-09-30,SKU-APPL-202,Performance Running Shoes Pro,Apparel,62,187,129.0,8,0
2025-10-01,SKU-APPL-202,Performance Running Shoes Pro,Apparel,60,136,129.0,8,0
2025-10-02,SKU-APPL-202,Performance Running Shoes Pro,Apparel,65,81,129.0,8,0
2025-10-03,SKU-APPL-202,Performance Running Shoes Pro,Apparel,58,32,129.0,8,0
2025-10-04,SKU-APPL-202,Performance Running Shoes Pro,Apparel,92,660,129.0,8,0
2025-10-05,SKU-APPL-202,Performance Running Shoes Pro,Apparel,103,573,129.0,8,0
2025-10-06,SKU-APPL-202,Performance Running Shoes Pro,Apparel,57,525,129.0,8,0
2025-10-07,SKU-APPL-202,Performance Running Shoes Pro,Apparel,43,489,129.0,8,0
2025-10-08,SKU-APPL-202,Performance Running Shoes Pro,Apparel,83,419,129.0,8,0
2025-10-09,SKU-APPL-202,Performance Running Shoes Pro,Apparel,79,352,129.0,8,0
2025-10-10,SKU-APPL-202,Performance Running Shoes Pro,Apparel,47,313,129.0,8,0
2025-10-11,SKU-APPL-202,Performance Running Shoes Pro,Apparel,102,227,129.0,8,0
2025-10-12,SKU-APPL-202,Performance Running Shoes Pro,Apparel,88,153,129.0,8,0
2025-10-13,SKU-APPL-202,Performance Running Shoes Pro,Apparel,66,97,129.0,8,0
2025-10-14,SKU-APPL-202,Performance Running Shoes Pro,Apparel,66,41,129.0,8,0
2025-10-15,SKU-APPL-202,Performance Running Shoes Pro,Apparel,60,0,129.0,8,0
2025-10-16,SKU-APPL-202,Performance Running Shoes Pro,Apparel,54,661,129.0,8,0
2025-10-17,SKU-APPL-202,Performance Running Shoes Pro,Apparel,55,615,129.0,8,0
2025-10-18,SKU-APPL-202,Performance Running Shoes Pro,Apparel,84,544,129.0,8,0
2025-10-19,SKU-APPL-202,Performance Running Shoes Pro,Apparel,85,472,129.0,8,0
2025-10-20,SKU-APPL-202,Performance Running Shoes Pro,Apparel,63,419,129.0,8,0
2025-10-21,SKU-APPL-202,Performance Running Shoes Pro,Apparel,55,373,129.0,8,0
2025-10-22,SKU-APPL-202,Performance Running Shoes Pro,Apparel,72,312,129.0,8,0
2025-10-23,SKU-APPL-202,Performance Running Shoes Pro,Apparel,82,243,129.0,8,0
2025-10-24,SKU-APPL-202,Performance Running Shoes Pro,Apparel,57,195,129.0,8,0
2025-10-25,SKU-APPL-202,Performance Running Shoes Pro,Apparel,99,111,129.0,8,0
2025-10-26,SKU-APPL-202,Performance Running Shoes Pro,Apparel,102,25,129.0,8,0
2025-10-27,SKU-APPL-202,Performance Running Shoes Pro,Apparel,70,0,129.0,8,0
2025-10-28,SKU-APPL-202,Performance Running Shoes Pro,Apparel,66,650,129.0,8,0
2025-10-29,SKU-APPL-202,Performance Running Shoes Pro,Apparel,74,588,129.0,8,0
2025-10-30,SKU-APPL-202,Performance Running Shoes Pro,Apparel,93,509,113.52,8,1
2025-10-31,SKU-APPL-202,Performance Running Shoes Pro,Apparel,73,447,113.52,8,1
2025-11-01,SKU-APPL-202,Performance Running Shoes Pro,Apparel,143,326,113.52,8,1
2025-11-02,SKU-APPL-202,Performance Running Shoes Pro,Apparel,143,205,113.52,8,1
2025-11-03,SKU-APPL-202,Performance Running Shoes Pro,Apparel,56,158,129.0,8,0
2025-11-04,SKU-APPL-202,Performance Running Shoes Pro,Apparel,66,102,129.0,8,0
2025-11-05,SKU-APPL-202,Performance Running Shoes Pro,Apparel,74,40,129.0,8,0
2025-11-06,SKU-APPL-202,Performance Running Shoes Pro,Apparel,64,0,129.0,8,0
2025-11-07,SKU-APPL-202,Performance Running Shoes Pro,Apparel,79,0,129.0,8,0
2025-11-08,SKU-APPL-202,Performance Running Shoes Pro,Apparel,128,0,129.0,8,0
2025-11-09,SKU-APPL-202,Performance Running Shoes Pro,Apparel,91,629,129.0,8,0
2025-11-10,SKU-APPL-202,Performance Running Shoes Pro,Apparel,50,587,129.0,8,0
2025-11-11,SKU-APPL-202,Performance Running Shoes Pro,Apparel,71,527,129.0,8,0
2025-11-12,SKU-APPL-202,Performance Running Shoes Pro,Apparel,76,463,129.0,8,0
2025-11-13,SKU-APPL-202,Performance Running Shoes Pro,Apparel,65,408,129.0,8,0
2025-11-14,SKU-APPL-202,Performance Running Shoes Pro,Apparel,85,336,129.0,8,0
2025-11-15,SKU-APPL-202,Performance Running Shoes Pro,Apparel,86,263,129.0,8,0
2025-11-16,SKU-APPL-202,Performance Running Shoes Pro,Apparel,110,170,129.0,8,0
2025-11-17,SKU-APPL-202,Performance Running Shoes Pro,Apparel,61,119,129.0,8,0
2025-11-18,SKU-APPL-202,Performance Running Shoes Pro,Apparel,89,44,129.0,8,0
2025-11-19,SKU-APPL-202,Performance Running Shoes Pro,Apparel,93,0,129.0,8,0
2025-11-20,SKU-APPL-202,Performance Running Shoes Pro,Apparel,60,0,129.0,8,0
2025-11-21,SKU-APPL-202,Performance Running Shoes Pro,Apparel,63,653,129.0,8,0
2025-11-22,SKU-APPL-202,Performance Running Shoes Pro,Apparel,114,557,129.0,8,0
2025-11-23,SKU-APPL-202,Performance Running Shoes Pro,Apparel,100,472,129.0,8,0
2025-11-24,SKU-APPL-202,Performance Running Shoes Pro,Apparel,69,414,129.0,8,0
2025-11-25,SKU-APPL-202,Performance Running Shoes Pro,Apparel,70,355,129.0,8,0
2025-11-26,SKU-APPL-202,Performance Running Shoes Pro,Apparel,47,316,129.0,8,0
2025-11-27,SKU-APPL-202,Performance Running Shoes Pro,Apparel,70,257,129.0,8,0
2025-11-28,SKU-APPL-202,Performance Running Shoes Pro,Apparel,63,204,129.0,8,0
2025-11-29,SKU-APPL-202,Performance Running Shoes Pro,Apparel,101,119,129.0,8,0
2025-11-30,SKU-APPL-202,Performance Running Shoes Pro,Apparel,124,14,129.0,8,0
2025-12-01,SKU-APPL-202,Performance Running Shoes Pro,Apparel,57,0,129.0,8,0
2025-12-02,SKU-APPL-202,Performance Running Shoes Pro,Apparel,82,0,129.0,8,0
2025-12-03,SKU-APPL-202,Performance Running Shoes Pro,Apparel,69,648,129.0,8,0
2025-12-04,SKU-APPL-202,Performance Running Shoes Pro,Apparel,69,590,129.0,8,0
2025-12-05,SKU-APPL-202,Performance Running Shoes Pro,Apparel,82,521,129.0,8,0
2025-12-06,SKU-APPL-202,Performance Running Shoes Pro,Apparel,114,425,129.0,8,0
2025-12-07,SKU-APPL-202,Performance Running Shoes Pro,Apparel,117,326,129.0,8,0
2025-12-08,SKU-APPL-202,Performance Running Shoes Pro,Apparel,85,254,129.0,8,0
2025-12-09,SKU-APPL-202,Performance Running Shoes Pro,Apparel,70,195,129.0,8,0
2025-12-10,SKU-APPL-202,Performance Running Shoes Pro,Apparel,67,139,129.0,8,0
2025-12-11,SKU-APPL-202,Performance Running Shoes Pro,Apparel,61,88,129.0,8,0
2025-12-12,SKU-APPL-202,Performance Running Shoes Pro,Apparel,65,33,129.0,8,0
2025-12-13,SKU-APPL-202,Performance Running Shoes Pro,Apparel,148,0,129.0,8,0
2025-12-14,SKU-APPL-202,Performance Running Shoes Pro,Apparel,128,0,129.0,8,0
2025-12-15,SKU-APPL-202,Performance Running Shoes Pro,Apparel,59,656,129.0,8,0
2025-12-16,SKU-APPL-202,Performance Running Shoes Pro,Apparel,60,605,129.0,8,0
2025-12-17,SKU-APPL-202,Performance Running Shoes Pro,Apparel,108,514,113.52,8,1
2025-12-18,SKU-APPL-202,Performance Running Shoes Pro,Apparel,110,421,113.52,8,1
2025-12-19,SKU-APPL-202,Performance Running Shoes Pro,Apparel,110,328,113.52,8,1
2025-12-20,SKU-APPL-202,Performance Running Shoes Pro,Apparel,153,198,113.52,8,1
2025-12-21,SKU-APPL-202,Performance Running Shoes Pro,Apparel,114,102,129.0,8,0
2025-12-22,SKU-APPL-202,Performance Running Shoes Pro,Apparel,81,34,129.0,8,0
2025-12-23,SKU-APPL-202,Performance Running Shoes Pro,Apparel,79,0,129.0,8,0
2025-12-24,SKU-APPL-202,Performance Running Shoes Pro,Apparel,51,0,129.0,8,0
2025-12-25,SKU-APPL-202,Performance Running Shoes Pro,Apparel,76,0,129.0,8,0
2025-12-26,SKU-APPL-202,Performance Running Shoes Pro,Apparel,68,0,129.0,8,0
2025-12-27,SKU-APPL-202,Performance Running Shoes Pro,Apparel,121,604,129.0,8,0
2025-12-28,SKU-APPL-202,Performance Running Shoes Pro,Apparel,155,473,129.0,8,0
2025-12-29,SKU-APPL-202,Performance Running Shoes Pro,Apparel,84,402,129.0,8,0
2025-12-30,SKU-APPL-202,Performance Running Shoes Pro,Apparel,76,338,129.0,8,0
2025-12-31,SKU-APPL-202,Performance Running Shoes Pro,Apparel,91,261,129.0,8,0
2026-01-01,SKU-APPL-202,Performance Running Shoes Pro,Apparel,86,188,129.0,8,0
2026-01-02,SKU-APPL-202,Performance Running Shoes Pro,Apparel,86,115,129.0,8,0
2026-01-03,SKU-APPL-202,Performance Running Shoes Pro,Apparel,129,6,129.0,8,0
2026-01-04,SKU-APPL-202,Performance Running Shoes Pro,Apparel,147,0,129.0,8,0
2026-01-05,SKU-APPL-202,Performance Running Shoes Pro,Apparel,68,0,129.0,8,0
2026-01-06,SKU-APPL-202,Performance Running Shoes Pro,Apparel,88,0,129.0,8,0
2026-01-07,SKU-APPL-202,Performance Running Shoes Pro,Apparel,71,0,129.0,8,0
2026-01-08,SKU-APPL-202,Performance Running Shoes Pro,Apparel,89,631,129.0,8,0
2026-01-09,SKU-APPL-202,Performance Running Shoes Pro,Apparel,72,570,129.0,8,0
2026-01-10,SKU-APPL-202,Performance Running Shoes Pro,Apparel,120,468,129.0,8,0
2026-01-11,SKU-APPL-202,Performance Running Shoes Pro,Apparel,122,365,129.0,8,0
2026-01-12,SKU-APPL-202,Performance Running Shoes Pro,Apparel,95,285,129.0,8,0
2026-01-13,SKU-APPL-202,Performance Running Shoes Pro,Apparel,95,205,129.0,8,0
2026-01-14,SKU-APPL-202,Performance Running Shoes Pro,Apparel,69,147,129.0,8,0
2026-01-15,SKU-APPL-202,Performance Running Shoes Pro,Apparel,85,75,129.0,8,0
2026-01-16,SKU-APPL-202,Performance Running Shoes Pro,Apparel,76,11,129.0,8,0
2026-01-17,SKU-APPL-202,Performance Running Shoes Pro,Apparel,113,0,129.0,8,0
2026-01-18,SKU-APPL-202,Performance Running Shoes Pro,Apparel,126,0,129.0,8,0
2026-01-19,SKU-APPL-202,Performance Running Shoes Pro,Apparel,82,0,129.0,8,0
2026-01-20,SKU-APPL-202,Performance Running Shoes Pro,Apparel,115,609,129.0,8,0
2026-01-21,SKU-APPL-202,Performance Running Shoes Pro,Apparel,92,531,129.0,8,0
2026-01-22,SKU-APPL-202,Performance Running Shoes Pro,Apparel,70,472,129.0,8,0
2026-01-23,SKU-APPL-202,Performance Running Shoes Pro,Apparel,80,404,129.0,8,0
2026-01-24,SKU-APPL-202,Performance Running Shoes Pro,Apparel,143,283,129.0,8,0
2026-01-25,SKU-APPL-202,Performance Running Shoes Pro,Apparel,156,151,129.0,8,0
2026-01-26,SKU-APPL-202,Performance Running Shoes Pro,Apparel,69,93,129.0,8,0
2026-01-27,SKU-APPL-202,Performance Running Shoes Pro,Apparel,66,37,129.0,8,0
2026-01-28,SKU-APPL-202,Performance Running Shoes Pro,Apparel,111,0,129.0,8,0
2026-01-29,SKU-APPL-202,Performance Running Shoes Pro,Apparel,93,0,129.0,8,0
2026-01-30,SKU-APPL-202,Performance Running Shoes Pro,Apparel,79,0,129.0,8,0
2026-01-31,SKU-APPL-202,Performance Running Shoes Pro,Apparel,140,0,129.0,8,0
2026-02-01,SKU-APPL-202,Performance Running Shoes Pro,Apparel,103,619,129.0,8,0
2026-02-02,SKU-APPL-202,Performance Running Shoes Pro,Apparel,90,543,129.0,8,0
2026-02-03,SKU-APPL-202,Performance Running Shoes Pro,Apparel,125,437,113.52,8,1
2026-02-04,SKU-APPL-202,Performance Running Shoes Pro,Apparel,133,324,113.52,8,1
2026-02-05,SKU-APPL-202,Performance Running Shoes Pro,Apparel,110,231,113.52,8,1
2026-02-06,SKU-APPL-202,Performance Running Shoes Pro,Apparel,124,126,113.52,8,1
2026-02-07,SKU-APPL-202,Performance Running Shoes Pro,Apparel,126,19,129.0,8,0
2026-02-08,SKU-APPL-202,Performance Running Shoes Pro,Apparel,140,0,129.0,8,0
2026-02-09,SKU-APPL-202,Performance Running Shoes Pro,Apparel,81,0,129.0,8,0
2026-02-10,SKU-APPL-202,Performance Running Shoes Pro,Apparel,87,0,129.0,8,0
2026-02-11,SKU-APPL-202,Performance Running Shoes Pro,Apparel,80,0,129.0,8,0
2026-02-12,SKU-APPL-202,Performance Running Shoes Pro,Apparel,100,0,129.0,8,0
2026-02-13,SKU-APPL-202,Performance Running Shoes Pro,Apparel,103,619,129.0,8,0
2026-02-14,SKU-APPL-202,Performance Running Shoes Pro,Apparel,136,504,129.0,8,0
2026-02-15,SKU-APPL-202,Performance Running Shoes Pro,Apparel,140,385,129.0,8,0
2026-02-16,SKU-APPL-202,Performance Running Shoes Pro,Apparel,76,321,129.0,8,0
2026-02-17,SKU-APPL-202,Performance Running Shoes Pro,Apparel,90,245,129.0,8,0
2026-02-18,SKU-APPL-202,Performance Running Shoes Pro,Apparel,93,166,129.0,8,0
2026-02-19,SKU-APPL-202,Performance Running Shoes Pro,Apparel,125,60,129.0,8,0
2026-02-20,SKU-APPL-202,Performance Running Shoes Pro,Apparel,81,0,129.0,8,0
2026-02-21,SKU-APPL-202,Performance Running Shoes Pro,Apparel,159,0,129.0,8,0
2026-02-22,SKU-APPL-202,Performance Running Shoes Pro,Apparel,154,0,129.0,8,0
2026-02-23,SKU-APPL-202,Performance Running Shoes Pro,Apparel,98,0,129.0,8,0
2026-02-24,SKU-APPL-202,Performance Running Shoes Pro,Apparel,116,0,129.0,8,0
2026-02-25,SKU-APPL-202,Performance Running Shoes Pro,Apparel,100,621,129.0,8,0
2026-02-26,SKU-APPL-202,Performance Running Shoes Pro,Apparel,100,536,129.0,8,0
2026-02-27,SKU-APPL-202,Performance Running Shoes Pro,Apparel,95,456,129.0,8,0
2026-02-28,SKU-APPL-202,Performance Running Shoes Pro,Apparel,158,322,129.0,8,0
2026-03-01,SKU-APPL-202,Performance Running Shoes Pro,Apparel,157,189,129.0,8,0
2026-03-02,SKU-APPL-202,Performance Running Shoes Pro,Apparel,89,114,129.0,8,0
2026-03-03,SKU-APPL-202,Performance Running Shoes Pro,Apparel,81,46,129.0,8,0
2026-03-04,SKU-APPL-202,Performance Running Shoes Pro,Apparel,94,0,129.0,8,0
2026-03-05,SKU-APPL-202,Performance Running Shoes Pro,Apparel,87,0,129.0,8,0
2026-03-06,SKU-APPL-202,Performance Running Shoes Pro,Apparel,96,0,129.0,8,0
2026-03-07,SKU-APPL-202,Performance Running Shoes Pro,Apparel,161,0,129.0,8,0
2026-03-08,SKU-APPL-202,Performance Running Shoes Pro,Apparel,140,0,129.0,8,0
2026-03-09,SKU-APPL-202,Performance Running Shoes Pro,Apparel,97,624,129.0,8,0
2026-03-10,SKU-APPL-202,Performance Running Shoes Pro,Apparel,98,541,129.0,8,0
2026-03-11,SKU-APPL-202,Performance Running Shoes Pro,Apparel,108,450,129.0,8,0
2026-03-12,SKU-APPL-202,Performance Running Shoes Pro,Apparel,71,390,129.0,8,0
2026-03-13,SKU-APPL-202,Performance Running Shoes Pro,Apparel,91,313,129.0,8,0
2026-03-14,SKU-APPL-202,Performance Running Shoes Pro,Apparel,150,186,129.0,8,0
2026-03-15,SKU-APPL-202,Performance Running Shoes Pro,Apparel,162,49,129.0,8,0
2026-03-16,SKU-APPL-202,Performance Running Shoes Pro,Apparel,93,0,129.0,8,0
2026-03-17,SKU-APPL-202,Performance Running Shoes Pro,Apparel,76,0,129.0,8,0
2026-03-18,SKU-APPL-202,Performance Running Shoes Pro,Apparel,106,0,129.0,8,0
2026-03-19,SKU-APPL-202,Performance Running Shoes Pro,Apparel,91,0,129.0,8,0
2026-03-20,SKU-APPL-202,Performance Running Shoes Pro,Apparel,85,0,129.0,8,0
2026-03-21,SKU-APPL-202,Performance Running Shoes Pro,Apparel,141,587,129.0,8,0
2026-03-22,SKU-APPL-202,Performance Running Shoes Pro,Apparel,147,463,129.0,8,0
2026-03-23,SKU-APPL-202,Performance Running Shoes Pro,Apparel,127,356,113.52,8,1
2026-03-24,SKU-APPL-202,Performance Running Shoes Pro,Apparel,108,265,113.52,8,1
2026-03-25,SKU-APPL-202,Performance Running Shoes Pro,Apparel,145,142,113.52,8,1
2026-03-26,SKU-APPL-202,Performance Running Shoes Pro,Apparel,150,15,113.52,8,1
2026-03-27,SKU-APPL-202,Performance Running Shoes Pro,Apparel,107,0,129.0,8,0
2026-03-28,SKU-APPL-202,Performance Running Shoes Pro,Apparel,136,0,129.0,8,0
2026-03-29,SKU-APPL-202,Performance Running Shoes Pro,Apparel,147,0,129.0,8,0
2026-03-30,SKU-APPL-202,Performance Running Shoes Pro,Apparel,100,0,129.0,8,0
2026-03-31,SKU-APPL-202,Performance Running Shoes Pro,Apparel,107,0,129.0,8,0
2026-04-01,SKU-APPL-202,Performance Running Shoes Pro,Apparel,108,0,129.0,8,0
2026-04-02,SKU-APPL-202,Performance Running Shoes Pro,Apparel,91,629,129.0,8,0
2026-04-03,SKU-APPL-202,Performance Running Shoes Pro,Apparel,101,544,129.0,8,0
2026-04-04,SKU-APPL-202,Performance Running Shoes Pro,Apparel,156,412,129.0,8,0
2026-04-05,SKU-APPL-202,Performance Running Shoes Pro,Apparel,168,270,129.0,8,0
2026-04-06,SKU-APPL-202,Performance Running Shoes Pro,Apparel,109,178,129.0,8,0
2026-04-07,SKU-APPL-202,Performance Running Shoes Pro,Apparel,110,85,129.0,8,0
2026-04-08,SKU-APPL-202,Performance Running Shoes Pro,Apparel,101,0,129.0,8,0
2026-04-09,SKU-APPL-202,Performance Running Shoes Pro,Apparel,117,0,129.0,8,0
2026-04-10,SKU-APPL-202,Performance Running Shoes Pro,Apparel,105,0,129.0,8,0
2026-04-11,SKU-APPL-202,Performance Running Shoes Pro,Apparel,140,0,129.0,8,0
2026-04-12,SKU-APPL-202,Performance Running Shoes Pro,Apparel,167,0,129.0,8,0
2026-04-13,SKU-APPL-202,Performance Running Shoes Pro,Apparel,109,0,129.0,8,0
2026-04-14,SKU-APPL-202,Performance Running Shoes Pro,Apparel,95,626,129.0,8,0
2026-04-15,SKU-APPL-202,Performance Running Shoes Pro,Apparel,95,546,129.0,8,0
2026-04-16,SKU-APPL-202,Performance Running Shoes Pro,Apparel,104,458,129.0,8,0
2026-04-17,SKU-APPL-202,Performance Running Shoes Pro,Apparel,106,368,129.0,8,0
2026-04-18,SKU-APPL-202,Performance Running Shoes Pro,Apparel,153,238,129.0,8,0
2026-04-19,SKU-APPL-202,Performance Running Shoes Pro,Apparel,154,108,129.0,8,0
2026-04-20,SKU-APPL-202,Performance Running Shoes Pro,Apparel,121,6,129.0,8,0
2026-04-21,SKU-APPL-202,Performance Running Shoes Pro,Apparel,113,0,129.0,8,0
2026-04-22,SKU-APPL-202,Performance Running Shoes Pro,Apparel,103,0,129.0,8,0
2026-04-23,SKU-APPL-202,Performance Running Shoes Pro,Apparel,112,0,129.0,8,0
2026-04-24,SKU-APPL-202,Performance Running Shoes Pro,Apparel,88,0,129.0,8,0
2026-04-25,SKU-APPL-202,Performance Running Shoes Pro,Apparel,155,0,129.0,8,0
2026-04-26,SKU-APPL-202,Performance Running Shoes Pro,Apparel,172,560,129.0,8,0
2026-04-27,SKU-APPL-202,Performance Running Shoes Pro,Apparel,97,478,129.0,8,0
2026-04-28,SKU-APPL-202,Performance Running Shoes Pro,Apparel,90,402,129.0,8,0
2026-04-29,SKU-APPL-202,Performance Running Shoes Pro,Apparel,92,324,129.0,8,0
2026-04-30,SKU-APPL-202,Performance Running Shoes Pro,Apparel,87,251,129.0,8,0
2026-05-01,SKU-APPL-202,Performance Running Shoes Pro,Apparel,90,175,129.0,8,0
2026-05-02,SKU-APPL-202,Performance Running Shoes Pro,Apparel,145,52,129.0,8,0
2026-05-03,SKU-APPL-202,Performance Running Shoes Pro,Apparel,133,0,129.0,8,0
2026-05-04,SKU-APPL-202,Performance Running Shoes Pro,Apparel,100,0,129.0,8,0
2026-05-05,SKU-APPL-202,Performance Running Shoes Pro,Apparel,110,0,129.0,8,0
2026-05-06,SKU-APPL-202,Performance Running Shoes Pro,Apparel,88,0,129.0,8,0
2026-05-07,SKU-APPL-202,Performance Running Shoes Pro,Apparel,118,0,129.0,8,0
2026-05-08,SKU-APPL-202,Performance Running Shoes Pro,Apparel,105,617,129.0,8,0
2026-05-09,SKU-APPL-202,Performance Running Shoes Pro,Apparel,161,481,129.0,8,0
2026-05-10,SKU-APPL-202,Performance Running Shoes Pro,Apparel,193,317,113.52,8,1
2026-05-11,SKU-APPL-202,Performance Running Shoes Pro,Apparel,144,195,113.52,8,1
2026-05-12,SKU-APPL-202,Performance Running Shoes Pro,Apparel,120,93,113.52,8,1
2026-05-13,SKU-APPL-202,Performance Running Shoes Pro,Apparel,144,0,113.52,8,1
2026-05-14,SKU-APPL-202,Performance Running Shoes Pro,Apparel,101,0,129.0,8,0
2026-05-15,SKU-APPL-202,Performance Running Shoes Pro,Apparel,105,0,129.0,8,0
2026-05-16,SKU-APPL-202,Performance Running Shoes Pro,Apparel,133,0,129.0,8,0
2026-05-17,SKU-APPL-202,Performance Running Shoes Pro,Apparel,136,0,129.0,8,0
2026-05-18,SKU-APPL-202,Performance Running Shoes Pro,Apparel,105,0,129.0,8,0
2026-05-19,SKU-APPL-202,Performance Running Shoes Pro,Apparel,86,0,129.0,8,0
2026-05-20,SKU-APPL-202,Performance Running Shoes Pro,Apparel,103,619,129.0,8,0
2026-05-21,SKU-APPL-202,Performance Running Shoes Pro,Apparel,81,551,129.0,8,0
2026-05-22,SKU-APPL-202,Performance Running Shoes Pro,Apparel,108,460,129.0,8,0
2026-05-23,SKU-APPL-202,Performance Running Shoes Pro,Apparel,131,349,129.0,8,0
2026-05-24,SKU-APPL-202,Performance Running Shoes Pro,Apparel,152,220,129.0,8,0
2026-05-25,SKU-APPL-202,Performance Running Shoes Pro,Apparel,104,132,129.0,8,0
2026-05-26,SKU-APPL-202,Performance Running Shoes Pro,Apparel,88,58,129.0,8,0
2026-05-27,SKU-APPL-202,Performance Running Shoes Pro,Apparel,104,0,129.0,8,0
2026-05-28,SKU-APPL-202,Performance Running Shoes Pro,Apparel,100,0,129.0,8,0
2026-05-29,SKU-APPL-202,Performance Running Shoes Pro,Apparel,90,0,129.0,8,0
2026-05-30,SKU-APPL-202,Performance Running Shoes Pro,Apparel,132,0,129.0,8,0
2026-05-31,SKU-APPL-202,Performance Running Shoes Pro,Apparel,120,0,129.0,8,0
2026-06-01,SKU-APPL-202,Performance Running Shoes Pro,Apparel,100,621,129.0,8,0
2026-06-02,SKU-APPL-202,Performance Running Shoes Pro,Apparel,77,556,129.0,8,0
2026-06-03,SKU-APPL-202,Performance Running Shoes Pro,Apparel,97,474,129.0,8,0
2026-06-04,SKU-APPL-202,Performance Running Shoes Pro,Apparel,92,396,129.0,8,0
2026-06-05,SKU-APPL-202,Performance Running Shoes Pro,Apparel,103,309,129.0,8,0
2026-06-06,SKU-APPL-202,Performance Running Shoes Pro,Apparel,139,191,129.0,8,0
2026-06-07,SKU-APPL-202,Performance Running Shoes Pro,Apparel,138,74,129.0,8,0
2026-06-08,SKU-APPL-202,Performance Running Shoes Pro,Apparel,103,0,129.0,8,0
2026-06-09,SKU-APPL-202,Performance Running Shoes Pro,Apparel,98,0,129.0,8,0
2026-06-10,SKU-APPL-202,Performance Running Shoes Pro,Apparel,98,0,129.0,8,0
2026-06-11,SKU-APPL-202,Performance Running Shoes Pro,Apparel,99,0,129.0,8,0
2026-06-12,SKU-APPL-202,Performance Running Shoes Pro,Apparel,75,0,129.0,8,0
2026-06-13,SKU-APPL-202,Performance Running Shoes Pro,Apparel,240,502,129.0,8,0
2026-06-14,SKU-APPL-202,Performance Running Shoes Pro,Apparel,238,300,129.0,8,0
2026-06-15,SKU-APPL-202,Performance Running Shoes Pro,Apparel,141,181,129.0,8,0
2026-06-16,SKU-APPL-202,Performance Running Shoes Pro,Apparel,150,54,129.0,8,0
2026-06-17,SKU-APPL-202,Performance Running Shoes Pro,Apparel,152,0,129.0,8,0
2026-06-18,SKU-APPL-202,Performance Running Shoes Pro,Apparel,151,0,129.0,8,0
2026-06-19,SKU-APPL-202,Performance Running Shoes Pro,Apparel,156,0,129.0,8,0
2026-06-20,SKU-APPL-202,Performance Running Shoes Pro,Apparel,245,0,129.0,8,0
2026-06-21,SKU-APPL-202,Performance Running Shoes Pro,Apparel,240,0,129.0,8,0
2026-06-22,SKU-APPL-202,Performance Running Shoes Pro,Apparel,135,0,129.0,8,0
2026-06-23,SKU-APPL-202,Performance Running Shoes Pro,Apparel,158,0,129.0,8,0
2026-06-24,SKU-APPL-202,Performance Running Shoes Pro,Apparel,166,0,129.0,8,0
2025-01-01,SKU-HOME-301,Stainless Steel Espresso Machine,Home & Kitchen,20,18,349.0,15,0
2025-01-02,SKU-HOME-301,Stainless Steel Espresso Machine,Home & Kitchen,22,0,349.0,15,0
2025-01-03,SKU-HOME-301,Stainless Steel Espresso Machine,Home & Kitchen,26,0,349.0,15,0
2025-01-04,SKU-HOME-301,Stainless Steel Espresso Machine,Home & Kitchen,29,0,349.0,15,0
2025-01-05,SKU-HOME-301,Stainless Steel Espresso Machine,Home & Kitchen,26,0,349.0,15,0
2025-01-06,SKU-HOME-301,Stainless Steel Espresso Machine,Home & Kitchen,23,0,349.0,15,0
2025-01-07,SKU-HOME-301,Stainless Steel Espresso Machine,Home & Kitchen,19,0,349.0,15,0
2025-01-08,SKU-HOME-301,Stainless Steel Espresso Machine,Home & Kitchen,19,0,349.0,15,0
2025-01-09,SKU-HOME-301,Stainless Steel Espresso Machine,Home & Kitchen,17,0,349.0,15,0
2025-01-10,SKU-HOME-301,Stainless Steel Espresso Machine,Home & Kitchen,25,0,349.0,15,0
2025-01-11,SKU-HOME-301,Stainless Steel Espresso Machine,Home & Kitchen,22,0,349.0,15,0
2025-01-12,SKU-HOME-301,Stainless Steel Espresso Machine,Home & Kitchen,31,0,349.0,15,0
2025-01-13,SKU-HOME-301,Stainless Steel Espresso Machine,Home & Kitchen,21,0,349.0,15,0
2025-01-14,SKU-HOME-301,Stainless Steel Espresso Machine,Home & Kitchen,13,0,349.0,15,0
2025-01-15,SKU-HOME-301,Stainless Steel Espresso Machine,Home & Kitchen,27,0,307.12,15,1
2025-01-16,SKU-HOME-301,Stainless Steel Espresso Machine,Home & Kitchen,17,0,307.12,15,1
2025-01-17,SKU-HOME-301,Stainless Steel Espresso Machine,Home & Kitchen,28,0,307.12,15,1
2025-01-18,SKU-HOME-301,Stainless Steel Espresso Machine,Home & Kitchen,38,0,307.12,15,1
2025-01-19,SKU-HOME-301,Stainless Steel Espresso Machine,Home & Kitchen,24,0,349.0,15,0
2025-01-20,SKU-HOME-301,Stainless Steel Espresso Machine,Home & Kitchen,20,307,349.0,15,0
2025-01-21,SKU-HOME-301,Stainless Steel Espresso Machine,Home & Kitchen,27,285,349.0,15,0
2025-01-22,SKU-HOME-301,Stainless Steel Espresso Machine,Home & Kitchen,17,271,349.0,15,0
2025-01-23,SKU-HOME-301,Stainless Steel Espresso Machine,Home & Kitchen,15,259,349.0,15,0
2025-01-24,SKU-HOME-301,Stainless Steel Espresso Machine,Home & Kitchen,25,238,349.0,15,0
2025-01-25,SKU-HOME-301,Stainless Steel Espresso Machine,Home & Kitchen,34,210,349.0,15,0
2025-01-26,SKU-HOME-301,Stainless Steel Espresso Machine,Home & Kitchen,27,188,349.0,15,0
2025-01-27,SKU-HOME-301,Stainless Steel Espresso Machine,Home & Kitchen,24,168,349.0,15,0
2025-01-28,SKU-HOME-301,Stainless Steel Espresso Machine,Home & Kitchen,25,147,349.0,15,0
2025-01-29,SKU-HOME-301,Stainless Steel Espresso Machine,Home & Kitchen,17,133,349.0,15,0
2025-01-30,SKU-HOME-301,Stainless Steel Espresso Machine,Home & Kitchen,18,118,349.0,15,0
2025-01-31,SKU-HOME-301,Stainless Steel Espresso Machine,Home & Kitchen,25,97,349.0,15,0
2025-02-01,SKU-HOME-301,Stainless Steel Espresso Machine,Home & Kitchen,34,69,349.0,15,0
2025-02-02,SKU-HOME-301,Stainless Steel Espresso Machine,Home & Kitchen,29,45,349.0,15,0
2025-02-03,SKU-HOME-301,Stainless Steel Espresso Machine,Home & Kitchen,17,31,349.0,15,0
2025-02-04,SKU-HOME-301,Stainless Steel Espresso Machine,Home & Kitchen,28,8,349.0,15,0
2025-02-05,SKU-HOME-301,Stainless Steel Espresso Machine,Home & Kitchen,18,0,349.0,15,0
2025-02-06,SKU-HOME-301,Stainless Steel Espresso Machine,Home & Kitchen,19,0,349.0,15,0
2025-02-07,SKU-HOME-301,Stainless Steel Espresso Machine,Home & Kitchen,22,0,349.0,15,0
2025-02-08,SKU-HOME-301,Stainless Steel Espresso Machine,Home & Kitchen,34,296,349.0,15,0
2025-02-09,SKU-HOME-301,Stainless Steel Espresso Machine,Home & Kitchen,31,270,349.0,15,0
2025-02-10,SKU-HOME-301,Stainless Steel Espresso Machine,Home & Kitchen,22,252,349.0,15,0
2025-02-11,SKU-HOME-301,Stainless Steel Espresso Machine,Home & Kitchen,22,234,349.0,15,0
2025-02-12,SKU-HOME-301,Stainless Steel Espresso Machine,Home & Kitchen,21,217,349.0,15,0
2025-02-13,SKU-HOME-301,Stainless Steel Espresso Machine,Home & Kitchen,23,198,349.0,15,0
2025-02-14,SKU-HOME-301,Stainless Steel Espresso Machine,Home & Kitchen,11,189,349.0,15,0
2025-02-15,SKU-HOME-301,Stainless Steel Espresso Machine,Home & Kitchen,27,167,349.0,15,0
2025-02-16,SKU-HOME-301,Stainless Steel Espresso Machine,Home & Kitchen,29,143,349.0,15,0
2025-02-17,SKU-HOME-301,Stainless Steel Espresso Machine,Home & Kitchen,16,130,349.0,15,0
2025-02-18,SKU-HOME-301,Stainless Steel Espresso Machine,Home & Kitchen,23,111,349.0,15,0
2025-02-19,SKU-HOME-301,Stainless Steel Espresso Machine,Home & Kitchen,20,94,349.0,15,0
2025-02-20,SKU-HOME-301,Stainless Steel Espresso Machine,Home & Kitchen,28,71,349.0,15,0
2025-02-21,SKU-HOME-301,Stainless Steel Espresso Machine,Home & Kitchen,27,49,349.0,15,0
2025-02-22,SKU-HOME-301,Stainless Steel Espresso Machine,Home & Kitchen,27,27,349.0,15,0
2025-02-23,SKU-HOME-301,Stainless Steel Espresso Machine,Home & Kitchen,28,4,349.0,15,0
2025-02-24,SKU-HOME-301,Stainless Steel Espresso Machine,Home & Kitchen,21,0,349.0,15,0
2025-02-25,SKU-HOME-301,Stainless Steel Espresso Machine,Home & Kitchen,19,0,349.0,15,0
2025-02-26,SKU-HOME-301,Stainless Steel Espresso Machine,Home & Kitchen,22,0,349.0,15,0
2025-02-27,SKU-HOME-301,Stainless Steel Espresso Machine,Home & Kitchen,18,309,349.0,15,0
2025-02-28,SKU-HOME-301,Stainless Steel Espresso Machine,Home & Kitchen,17,295,349.0,15,0
2025-03-01,SKU-HOME-301,Stainless Steel Espresso Machine,Home & Kitchen,31,269,349.0,15,0
2025-03-02,SKU-HOME-301,Stainless Steel Espresso Machine,Home & Kitchen,32,242,349.0,15,0
2025-03-03,SKU-HOME-301,Stainless Steel Espresso Machine,Home & Kitchen,18,227,349.0,15,0
2025-03-04,SKU-HOME-301,Stainless Steel Espresso Machine,Home & Kitchen,33,199,307.12,15,1
2025-03-05,SKU-HOME-301,Stainless Steel Espresso Machine,Home & Kitchen,27,177,307.12,15,1
2025-03-06,SKU-HOME-301,Stainless Steel Espresso Machine,Home & Kitchen,30,152,307.12,15,1
2025-03-07,SKU-HOME-301,Stainless Steel Espresso Machine,Home & Kitchen,33,124,307.12,15,1
2025-03-08,SKU-HOME-301,Stainless Steel Espresso Machine,Home & Kitchen,29,100,349.0,15,0
2025-03-09,SKU-HOME-301,Stainless Steel Espresso Machine,Home & Kitchen,31,74,349.0,15,0
2025-03-10,SKU-HOME-301,Stainless Steel Espresso Machine,Home & Kitchen,20,57,349.0,15,0
2025-03-11,SKU-HOME-301,Stainless Steel Espresso Machine,Home & Kitchen,21,40,349.0,15,0
2025-03-12,SKU-HOME-301,Stainless Steel Espresso Machine,Home & Kitchen,21,23,349.0,15,0
2025-03-13,SKU-HOME-301,Stainless Steel Espresso Machine,Home & Kitchen,19,7,349.0,15,0
2025-03-14,SKU-HOME-301,Stainless Steel Espresso Machine,Home & Kitchen,21,0,349.0,15,0
2025-03-15,SKU-HOME-301,Stainless Steel Espresso Machine,Home & Kitchen,23,0,349.0,15,0
2025-03-16,SKU-HOME-301,Stainless Steel Espresso Machine,Home & Kitchen,28,0,349.0,15,0
2025-03-17,SKU-HOME-301,Stainless Steel Espresso Machine,Home & Kitchen,21,0,349.0,15,0
2025-03-18,SKU-HOME-301,Stainless Steel Espresso Machine,Home & Kitchen,21,307,349.0,15,0
2025-03-19,SKU-HOME-301,Stainless Steel Espresso Machine,Home & Kitchen,21,290,349.0,15,0
2025-03-20,SKU-HOME-301,Stainless Steel Espresso Machine,Home & Kitchen,22,272,349.0,15,0
2025-03-21,SKU-HOME-301,Stainless Steel Espresso Machine,Home & Kitchen,24,252,349.0,15,0
2025-03-22,SKU-HOME-301,Stainless Steel Espresso Machine,Home & Kitchen,33,224,349.0,15,0
2025-03-23,SKU-HOME-301,Stainless Steel Espresso Machine,Home & Kitchen,27,202,349.0,15,0
2025-03-24,SKU-HOME-301,Stainless Steel Espresso Machine,Home & Kitchen,17,188,349.0,15,0
2025-03-25,SKU-HOME-301,Stainless Steel Espresso Machine,Home & Kitchen,18,173,349.0,15,0
2025-03-26,SKU-HOME-301,Stainless Steel Espresso Machine,Home & Kitchen,20,156,349.0,15,0
2025-03-27,SKU-HOME-301,Stainless Steel Espresso Machine,Home & Kitchen,21,139,349.0,15,0
2025-03-28,SKU-HOME-301,Stainless Steel Espresso Machine,Home & Kitchen,19,123,349.0,15,0
2025-03-29,SKU-HOME-301,Stainless Steel Espresso Machine,Home & Kitchen,25,102,349.0,15,0
2025-03-30,SKU-HOME-301,Stainless Steel Espresso Machine,Home & Kitchen,28,79,349.0,15,0
2025-03-31,SKU-HOME-301,Stainless Steel Espresso Machine,Home & Kitchen,23,60,349.0,15,0
2025-04-01,SKU-HOME-301,Stainless Steel Espresso Machine,Home & Kitchen,25,39,349.0,15,0
2025-04-02,SKU-HOME-301,Stainless Steel Espresso Machine,Home & Kitchen,20,22,349.0,15,0
2025-04-03,SKU-HOME-301,Stainless Steel Espresso Machine,Home & Kitchen,21,5,349.0,15,0
2025-04-04,SKU-HOME-301,Stainless Steel Espresso Machine,Home & Kitchen,19,0,349.0,15,0
2025-04-05,SKU-HOME-301,Stainless Steel Espresso Machine,Home & Kitchen,30,0,349.0,15,0
2025-04-06,SKU-HOME-301,Stainless Steel Espresso Machine,Home & Kitchen,27,302,349.0,15,0
2025-04-07,SKU-HOME-301,Stainless Steel Espresso Machine,Home & Kitchen,25,281,349.0,15,0
2025-04-08,SKU-HOME-301,Stainless Steel Espresso Machine,Home & Kitchen,15,269,349.0,15,0
2025-04-09,SKU-HOME-301,Stainless Steel Espresso Machine,Home & Kitchen,21,252,349.0,15,0
2025-04-10,SKU-HOME-301,Stainless Steel Espresso Machine,Home & Kitchen,24,232,349.0,15,0
2025-04-11,SKU-HOME-301,Stainless Steel Espresso Machine,Home & Kitchen,23,213,349.0,15,0
2025-04-12,SKU-HOME-301,Stainless Steel Espresso Machine,Home & Kitchen,41,179,349.0,15,0
2025-04-13,SKU-HOME-301,Stainless Steel Espresso Machine,Home & Kitchen,32,152,349.0,15,0
2025-04-14,SKU-HOME-301,Stainless Steel Espresso Machine,Home & Kitchen,18,137,349.0,15,0
2025-04-15,SKU-HOME-301,Stainless Steel Espresso Machine,Home & Kitchen,22,119,349.0,15,0
2025-04-16,SKU-HOME-301,Stainless Steel Espresso Machine,Home & Kitchen,15,107,349.0,15,0
2025-04-17,SKU-HOME-301,Stainless Steel Espresso Machine,Home & Kitchen,22,89,349.0,15,0
2025-04-18,SKU-HOME-301,Stainless Steel Espresso Machine,Home & Kitchen,19,73,349.0,15,0
2025-04-19,SKU-HOME-301,Stainless Steel Espresso Machine,Home & Kitchen,34,45,349.0,15,0
2025-04-20,SKU-HOME-301,Stainless Steel Espresso Machine,Home & Kitchen,28,22,349.0,15,0
2025-04-21,SKU-HOME-301,Stainless Steel Espresso Machine,Home & Kitchen,30,0,307.12,15,1
2025-04-22,SKU-HOME-301,Stainless Steel Espresso Machine,Home & Kitchen,28,0,307.12,15,1
2025-04-23,SKU-HOME-301,Stainless Steel Espresso Machine,Home & Kitchen,37,0,307.12,15,1
2025-04-24,SKU-HOME-301,Stainless Steel Espresso Machine,Home & Kitchen,29,0,307.12,15,1
2025-04-25,SKU-HOME-301,Stainless Steel Espresso Machine,Home & Kitchen,30,299,349.0,15,0
2025-04-26,SKU-HOME-301,Stainless Steel Espresso Machine,Home & Kitchen,33,271,349.0,15,0
2025-04-27,SKU-HOME-301,Stainless Steel Espresso Machine,Home & Kitchen,32,244,349.0,15,0
2025-04-28,SKU-HOME-301,Stainless Steel Espresso Machine,Home & Kitchen,24,224,349.0,15,0
2025-04-29,SKU-HOME-301,Stainless Steel Espresso Machine,Home & Kitchen,24,204,349.0,15,0
2025-04-30,SKU-HOME-301,Stainless Steel Espresso Machine,Home & Kitchen,15,192,349.0,15,0
2025-05-01,SKU-HOME-301,Stainless Steel Espresso Machine,Home & Kitchen,21,175,349.0,15,0
2025-05-02,SKU-HOME-301,Stainless Steel Espresso Machine,Home & Kitchen,26,153,349.0,15,0
2025-05-03,SKU-HOME-301,Stainless Steel Espresso Machine,Home & Kitchen,30,128,349.0,15,0
2025-05-04,SKU-HOME-301,Stainless Steel Espresso Machine,Home & Kitchen,24,108,349.0,15,0
2025-05-05,SKU-HOME-301,Stainless Steel Espresso Machine,Home & Kitchen,22,90,349.0,15,0
2025-05-06,SKU-HOME-301,Stainless Steel Espresso Machine,Home & Kitchen,29,66,349.0,15,0
2025-05-07,SKU-HOME-301,Stainless Steel Espresso Machine,Home & Kitchen,27,44,349.0,15,0
2025-05-08,SKU-HOME-301,Stainless Steel Espresso Machine,Home & Kitchen,22,26,349.0,15,0
2025-05-09,SKU-HOME-301,Stainless Steel Espresso Machine,Home & Kitchen,26,4,349.0,15,0
2025-05-10,SKU-HOME-301,Stainless Steel Espresso Machine,Home & Kitchen,28,0,349.0,15,0
2025-05-11,SKU-HOME-301,Stainless Steel Espresso Machine,Home & Kitchen,23,0,349.0,15,0
2025-05-12,SKU-HOME-301,Stainless Steel Espresso Machine,Home & Kitchen,18,0,349.0,15,0
2025-05-13,SKU-HOME-301,Stainless Steel Espresso Machine,Home & Kitchen,28,0,349.0,15,0
2025-05-14,SKU-HOME-301,Stainless Steel Espresso Machine,Home & Kitchen,21,307,349.0,15,0
2025-05-15,SKU-HOME-301,Stainless Steel Espresso Machine,Home & Kitchen,21,290,349.0,15,0
2025-05-16,SKU-HOME-301,Stainless Steel Espresso Machine,Home & Kitchen,21,273,349.0,15,0
2025-05-17,SKU-HOME-301,Stainless Steel Espresso Machine,Home & Kitchen,37,242,349.0,15,0
2025-05-18,SKU-HOME-301,Stainless Steel Espresso Machine,Home & Kitchen,36,212,349.0,15,0
2025-05-19,SKU-HOME-301,Stainless Steel Espresso Machine,Home & Kitchen,31,186,349.0,15,0
2025-05-20,SKU-HOME-301,Stainless Steel Espresso Machine,Home & Kitchen,21,169,349.0,15,0
2025-05-21,SKU-HOME-301,Stainless Steel Espresso Machine,Home & Kitchen,23,150,349.0,15,0
2025-05-22,SKU-HOME-301,Stainless Steel Espresso Machine,Home & Kitchen,16,137,349.0,15,0
2025-05-23,SKU-HOME-301,Stainless Steel Espresso Machine,Home & Kitchen,28,114,349.0,15,0
2025-05-24,SKU-HOME-301,Stainless Steel Espresso Machine,Home & Kitchen,24,94,349.0,15,0
2025-05-25,SKU-HOME-301,Stainless Steel Espresso Machine,Home & Kitchen,30,69,349.0,15,0
2025-05-26,SKU-HOME-301,Stainless Steel Espresso Machine,Home & Kitchen,17,55,349.0,15,0
2025-05-27,SKU-HOME-301,Stainless Steel Espresso Machine,Home & Kitchen,19,39,349.0,15,0
2025-05-28,SKU-HOME-301,Stainless Steel Espresso Machine,Home & Kitchen,18,24,349.0,15,0
2025-05-29,SKU-HOME-301,Stainless Steel Espresso Machine,Home & Kitchen,19,8,349.0,15,0
2025-05-30,SKU-HOME-301,Stainless Steel Espresso Machine,Home & Kitchen,19,0,349.0,15,0
2025-05-31,SKU-HOME-301,Stainless Steel Espresso Machine,Home & Kitchen,27,0,349.0,15,0
2025-06-01,SKU-HOME-301,Stainless Steel Espresso Machine,Home & Kitchen,32,0,349.0,15,0
2025-06-02,SKU-HOME-301,Stainless Steel Espresso Machine,Home & Kitchen,17,310,349.0,15,0
2025-06-03,SKU-HOME-301,Stainless Steel Espresso Machine,Home & Kitchen,22,292,349.0,15,0
2025-06-04,SKU-HOME-301,Stainless Steel Espresso Machine,Home & Kitchen,26,270,349.0,15,0
2025-06-05,SKU-HOME-301,Stainless Steel Espresso Machine,Home & Kitchen,19,254,349.0,15,0
2025-06-06,SKU-HOME-301,Stainless Steel Espresso Machine,Home & Kitchen,18,239,349.0,15,0
2025-06-07,SKU-HOME-301,Stainless Steel Espresso Machine,Home & Kitchen,27,217,349.0,15,0
2025-06-08,SKU-HOME-301,Stainless Steel Espresso Machine,Home & Kitchen,43,181,307.12,15,1
2025-06-09,SKU-HOME-301,Stainless Steel Espresso Machine,Home & Kitchen,29,157,307.12,15,1
2025-06-10,SKU-HOME-301,Stainless Steel Espresso Machine,Home & Kitchen,26,135,307.12,15,1
2025-06-11,SKU-HOME-301,Stainless Steel Espresso Machine,Home & Kitchen,30,110,307.12,15,1
2025-06-12,SKU-HOME-301,Stainless Steel Espresso Machine,Home & Kitchen,16,97,349.0,15,0
2025-06-13,SKU-HOME-301,Stainless Steel Espresso Machine,Home & Kitchen,23,78,349.0,15,0
2025-06-14,SKU-HOME-301,Stainless Steel Espresso Machine,Home & Kitchen,30,53,349.0,15,0
2025-06-15,SKU-HOME-301,Stainless Steel Espresso Machine,Home & Kitchen,27,31,349.0,15,0
2025-06-16,SKU-HOME-301,Stainless Steel Espresso Machine,Home & Kitchen,17,17,349.0,15,0
2025-06-17,SKU-HOME-301,Stainless Steel Espresso Machine,Home & Kitchen,17,3,349.0,15,0
2025-06-18,SKU-HOME-301,Stainless Steel Espresso Machine,Home & Kitchen,23,0,349.0,15,0
2025-06-19,SKU-HOME-301,Stainless Steel Espresso Machine,Home & Kitchen,25,0,349.0,15,0
2025-06-20,SKU-HOME-301,Stainless Steel Espresso Machine,Home & Kitchen,18,0,349.0,15,0
2025-06-21,SKU-HOME-301,Stainless Steel Espresso Machine,Home & Kitchen,29,300,349.0,15,0
2025-06-22,SKU-HOME-301,Stainless Steel Espresso Machine,Home & Kitchen,19,284,349.0,15,0
2025-06-23,SKU-HOME-301,Stainless Steel Espresso Machine,Home & Kitchen,18,269,349.0,15,0
2025-06-24,SKU-HOME-301,Stainless Steel Espresso Machine,Home & Kitchen,20,252,349.0,15,0
2025-06-25,SKU-HOME-301,Stainless Steel Espresso Machine,Home & Kitchen,17,238,349.0,15,0
2025-06-26,SKU-HOME-301,Stainless Steel Espresso Machine,Home & Kitchen,16,225,349.0,15,0
2025-06-27,SKU-HOME-301,Stainless Steel Espresso Machine,Home & Kitchen,17,211,349.0,15,0
2025-06-28,SKU-HOME-301,Stainless Steel Espresso Machine,Home & Kitchen,28,188,349.0,15,0
2025-06-29,SKU-HOME-301,Stainless Steel Espresso Machine,Home & Kitchen,26,166,349.0,15,0
2025-06-30,SKU-HOME-301,Stainless Steel Espresso Machine,Home & Kitchen,11,157,349.0,15,0
2025-07-01,SKU-HOME-301,Stainless Steel Espresso Machine,Home & Kitchen,11,148,349.0,15,0
2025-07-02,SKU-HOME-301,Stainless Steel Espresso Machine,Home & Kitchen,17,134,349.0,15,0
2025-07-03,SKU-HOME-301,Stainless Steel Espresso Machine,Home & Kitchen,22,116,349.0,15,0
2025-07-04,SKU-HOME-301,Stainless Steel Espresso Machine,Home & Kitchen,9,109,349.0,15,0
2025-07-05,SKU-HOME-301,Stainless Steel Espresso Machine,Home & Kitchen,25,88,349.0,15,0
2025-07-06,SKU-HOME-301,Stainless Steel Espresso Machine,Home & Kitchen,24,68,349.0,15,0
2025-07-07,SKU-HOME-301,Stainless Steel Espresso Machine,Home & Kitchen,25,47,349.0,15,0
2025-07-08,SKU-HOME-301,Stainless Steel Espresso Machine,Home & Kitchen,18,32,349.0,15,0
2025-07-09,SKU-HOME-301,Stainless Steel Espresso Machine,Home & Kitchen,21,15,349.0,15,0
2025-07-10,SKU-HOME-301,Stainless Steel Espresso Machine,Home & Kitchen,20,322,349.0,15,0
2025-07-11,SKU-HOME-301,Stainless Steel Espresso Machine,Home & Kitchen,11,313,349.0,15,0
2025-07-12,SKU-HOME-301,Stainless Steel Espresso Machine,Home & Kitchen,29,289,349.0,15,0
2025-07-13,SKU-HOME-301,Stainless Steel Espresso Machine,Home & Kitchen,27,267,349.0,15,0
2025-07-14,SKU-HOME-301,Stainless Steel Espresso Machine,Home & Kitchen,21,250,349.0,15,0
2025-07-15,SKU-HOME-301,Stainless Steel Espresso Machine,Home & Kitchen,35,221,349.0,15,0
2025-07-16,SKU-HOME-301,Stainless Steel Espresso Machine,Home & Kitchen,11,212,349.0,15,0
2025-07-17,SKU-HOME-301,Stainless Steel Espresso Machine,Home & Kitchen,26,190,349.0,15,0
2025-07-18,SKU-HOME-301,Stainless Steel Espresso Machine,Home & Kitchen,18,175,349.0,15,0
2025-07-19,SKU-HOME-301,Stainless Steel Espresso Machine,Home & Kitchen,27,153,349.0,15,0
2025-07-20,SKU-HOME-301,Stainless Steel Espresso Machine,Home & Kitchen,25,132,349.0,15,0
2025-07-21,SKU-HOME-301,Stainless Steel Espresso Machine,Home & Kitchen,17,118,349.0,15,0
2025-07-22,SKU-HOME-301,Stainless Steel Espresso Machine,Home & Kitchen,17,104,349.0,15,0
2025-07-23,SKU-HOME-301,Stainless Steel Espresso Machine,Home & Kitchen,20,87,349.0,15,0
2025-07-24,SKU-HOME-301,Stainless Steel Espresso Machine,Home & Kitchen,13,76,349.0,15,0
2025-07-25,SKU-HOME-301,Stainless Steel Espresso Machine,Home & Kitchen,22,58,349.0,15,0
2025-07-26,SKU-HOME-301,Stainless Steel Espresso Machine,Home & Kitchen,32,31,307.12,15,1
2025-07-27,SKU-HOME-301,Stainless Steel Espresso Machine,Home & Kitchen,29,7,307.12,15,1
2025-07-28,SKU-HOME-301,Stainless Steel Espresso Machine,Home & Kitchen,23,0,307.12,15,1
2025-07-29,SKU-HOME-301,Stainless Steel Espresso Machine,Home & Kitchen,30,299,307.12,15,1
2025-07-30,SKU-HOME-301,Stainless Steel Espresso Machine,Home & Kitchen,16,286,349.0,15,0
2025-07-31,SKU-HOME-301,Stainless Steel Espresso Machine,Home & Kitchen,20,269,349.0,15,0
2025-08-01,SKU-HOME-301,Stainless Steel Espresso Machine,Home & Kitchen,15,257,349.0,15,0
2025-08-02,SKU-HOME-301,Stainless Steel Espresso Machine,Home & Kitchen,28,234,349.0,15,0
2025-08-03,SKU-HOME-301,Stainless Steel Espresso Machine,Home & Kitchen,27,212,349.0,15,0
2025-08-04,SKU-HOME-301,Stainless Steel Espresso Machine,Home & Kitchen,26,190,349.0,15,0
2025-08-05,SKU-HOME-301,Stainless Steel Espresso Machine,Home & Kitchen,17,176,349.0,15,0
2025-08-06,SKU-HOME-301,Stainless Steel Espresso Machine,Home & Kitchen,21,159,349.0,15,0
2025-08-07,SKU-HOME-301,Stainless Steel Espresso Machine,Home & Kitchen,18,144,349.0,15,0
2025-08-08,SKU-HOME-301,Stainless Steel Espresso Machine,Home & Kitchen,23,125,349.0,15,0
2025-08-09,SKU-HOME-301,Stainless Steel Espresso Machine,Home & Kitchen,21,108,349.0,15,0
2025-08-10,SKU-HOME-301,Stainless Steel Espresso Machine,Home & Kitchen,27,86,349.0,15,0
2025-08-11,SKU-HOME-301,Stainless Steel Espresso Machine,Home & Kitchen,17,72,349.0,15,0
2025-08-12,SKU-HOME-301,Stainless Steel Espresso Machine,Home & Kitchen,18,57,349.0,15,0
2025-08-13,SKU-HOME-301,Stainless Steel Espresso Machine,Home & Kitchen,18,42,349.0,15,0
2025-08-14,SKU-HOME-301,Stainless Steel Espresso Machine,Home & Kitchen,19,26,349.0,15,0
2025-08-15,SKU-HOME-301,Stainless Steel Espresso Machine,Home & Kitchen,17,12,349.0,15,0
2025-08-16,SKU-HOME-301,Stainless Steel Espresso Machine,Home & Kitchen,25,0,349.0,15,0
2025-08-17,SKU-HOME-301,Stainless Steel Espresso Machine,Home & Kitchen,30,299,349.0,15,0
2025-08-18,SKU-HOME-301,Stainless Steel Espresso Machine,Home & Kitchen,22,281,349.0,15,0
2025-08-19,SKU-HOME-301,Stainless Steel Espresso Machine,Home & Kitchen,21,264,349.0,15,0
2025-08-20,SKU-HOME-301,Stainless Steel Espresso Machine,Home & Kitchen,16,251,349.0,15,0
2025-08-21,SKU-HOME-301,Stainless Steel Espresso Machine,Home & Kitchen,14,240,349.0,15,0
2025-08-22,SKU-HOME-301,Stainless Steel Espresso Machine,Home & Kitchen,21,223,349.0,15,0
2025-08-23,SKU-HOME-301,Stainless Steel Espresso Machine,Home & Kitchen,27,201,349.0,15,0
2025-08-24,SKU-HOME-301,Stainless Steel Espresso Machine,Home & Kitchen,29,177,349.0,15,0
2025-08-25,SKU-HOME-301,Stainless Steel Espresso Machine,Home & Kitchen,15,165,349.0,15,0
2025-08-26,SKU-HOME-301,Stainless Steel Espresso Machine,Home & Kitchen,16,152,349.0,15,0
2025-08-27,SKU-HOME-301,Stainless Steel Espresso Machine,Home & Kitchen,11,143,349.0,15,0
2025-08-28,SKU-HOME-301,Stainless Steel Espresso Machine,Home & Kitchen,16,130,349.0,15,0
2025-08-29,SKU-HOME-301,Stainless Steel Espresso Machine,Home & Kitchen,21,113,349.0,15,0
2025-08-30,SKU-HOME-301,Stainless Steel Espresso Machine,Home & Kitchen,21,96,349.0,15,0
2025-08-31,SKU-HOME-301,Stainless Steel Espresso Machine,Home & Kitchen,26,74,349.0,15,0
2025-09-01,SKU-HOME-301,Stainless Steel Espresso Machine,Home & Kitchen,16,61,349.0,15,0
2025-09-02,SKU-HOME-301,Stainless Steel Espresso Machine,Home & Kitchen,19,45,349.0,15,0
2025-09-03,SKU-HOME-301,Stainless Steel Espresso Machine,Home & Kitchen,13,34,349.0,15,0
2025-09-04,SKU-HOME-301,Stainless Steel Espresso Machine,Home & Kitchen,18,19,349.0,15,0
2025-09-05,SKU-HOME-301,Stainless Steel Espresso Machine,Home & Kitchen,5,339,349.0,15,0
2025-09-06,SKU-HOME-301,Stainless Steel Espresso Machine,Home & Kitchen,22,321,349.0,15,0
2025-09-07,SKU-HOME-301,Stainless Steel Espresso Machine,Home & Kitchen,17,307,349.0,15,0
2025-09-08,SKU-HOME-301,Stainless Steel Espresso Machine,Home & Kitchen,22,289,349.0,15,0
2025-09-09,SKU-HOME-301,Stainless Steel Espresso Machine,Home & Kitchen,20,272,349.0,15,0
2025-09-10,SKU-HOME-301,Stainless Steel Espresso Machine,Home & Kitchen,19,256,349.0,15,0
2025-09-11,SKU-HOME-301,Stainless Steel Espresso Machine,Home & Kitchen,23,237,349.0,15,0
2025-09-12,SKU-HOME-301,Stainless Steel Espresso Machine,Home & Kitchen,19,221,307.12,15,1
2025-09-13,SKU-HOME-301,Stainless Steel Espresso Machine,Home & Kitchen,38,189,307.12,15,1
2025-09-14,SKU-HOME-301,Stainless Steel Espresso Machine,Home & Kitchen,35,160,307.12,15,1
2025-09-15,SKU-HOME-301,Stainless Steel Espresso Machine,Home & Kitchen,22,142,307.12,15,1
2025-09-16,SKU-HOME-301,Stainless Steel Espresso Machine,Home & Kitchen,22,124,349.0,15,0
2025-09-17,SKU-HOME-301,Stainless Steel Espresso Machine,Home & Kitchen,13,113,349.0,15,0
2025-09-18,SKU-HOME-301,Stainless Steel Espresso Machine,Home & Kitchen,14,102,349.0,15,0
2025-09-19,SKU-HOME-301,Stainless Steel Espresso Machine,Home & Kitchen,15,90,349.0,15,0
2025-09-20,SKU-HOME-301,Stainless Steel Espresso Machine,Home & Kitchen,21,73,349.0,15,0
2025-09-21,SKU-HOME-301,Stainless Steel Espresso Machine,Home & Kitchen,19,57,349.0,15,0
2025-09-22,SKU-HOME-301,Stainless Steel Espresso Machine,Home & Kitchen,22,39,349.0,15,0
2025-09-23,SKU-HOME-301,Stainless Steel Espresso Machine,Home & Kitchen,16,26,349.0,15,0
2025-09-24,SKU-HOME-301,Stainless Steel Espresso Machine,Home & Kitchen,18,335,349.0,15,0
2025-09-25,SKU-HOME-301,Stainless Steel Espresso Machine,Home & Kitchen,15,323,349.0,15,0
2025-09-26,SKU-HOME-301,Stainless Steel Espresso Machine,Home & Kitchen,10,315,349.0,15,0
2025-09-27,SKU-HOME-301,Stainless Steel Espresso Machine,Home & Kitchen,24,295,349.0,15,0
2025-09-28,SKU-HOME-301,Stainless Steel Espresso Machine,Home & Kitchen,15,283,349.0,15,0
2025-09-29,SKU-HOME-301,Stainless Steel Espresso Machine,Home & Kitchen,17,269,349.0,15,0
2025-09-30,SKU-HOME-301,Stainless Steel Espresso Machine,Home & Kitchen,12,259,349.0,15,0
2025-10-01,SKU-HOME-301,Stainless Steel Espresso Machine,Home & Kitchen,25,238,349.0,15,0
2025-10-02,SKU-HOME-301,Stainless Steel Espresso Machine,Home & Kitchen,21,221,349.0,15,0
2025-10-03,SKU-HOME-301,Stainless Steel Espresso Machine,Home & Kitchen,17,207,349.0,15,0
2025-10-04,SKU-HOME-301,Stainless Steel Espresso Machine,Home & Kitchen,28,184,349.0,15,0
2025-10-05,SKU-HOME-301,Stainless Steel Espresso Machine,Home & Kitchen,20,167,349.0,15,0
2025-10-06,SKU-HOME-301,Stainless Steel Espresso Machine,Home & Kitchen,19,151,349.0,15,0
2025-10-07,SKU-HOME-301,Stainless Steel Espresso Machine,Home & Kitchen,18,136,349.0,15,0
2025-10-08,SKU-HOME-301,Stainless Steel Espresso Machine,Home & Kitchen,18,121,349.0,15,0
2025-10-09,SKU-HOME-301,Stainless Steel Espresso Machine,Home & Kitchen,22,103,349.0,15,0
2025-10-10,SKU-HOME-301,Stainless Steel Espresso Machine,Home & Kitchen,20,86,349.0,15,0
2025-10-11,SKU-HOME-301,Stainless Steel Espresso Machine,Home & Kitchen,24,66,349.0,15,0
2025-10-12,SKU-HOME-301,Stainless Steel Espresso Machine,Home & Kitchen,17,52,349.0,15,0
2025-10-13,SKU-HOME-301,Stainless Steel Espresso Machine,Home & Kitchen,13,365,349.0,15,0
2025-10-14,SKU-HOME-301,Stainless Steel Espresso Machine,Home & Kitchen,17,351,349.0,15,0
2025-10-15,SKU-HOME-301,Stainless Steel Espresso Machine,Home & Kitchen,18,336,349.0,15,0
2025-10-16,SKU-HOME-301,Stainless Steel Espresso Machine,Home & Kitchen,13,325,349.0,15,0
2025-10-17,SKU-HOME-301,Stainless Steel Espresso Machine,Home & Kitchen,27,303,349.0,15,0
2025-10-18,SKU-HOME-301,Stainless Steel Espresso Machine,Home & Kitchen,29,279,349.0,15,0
2025-10-19,SKU-HOME-301,Stainless Steel Espresso Machine,Home & Kitchen,26,257,349.0,15,0
2025-10-20,SKU-HOME-301,Stainless Steel Espresso Machine,Home & Kitchen,18,242,349.0,15,0
2025-10-21,SKU-HOME-301,Stainless Steel Espresso Machine,Home & Kitchen,17,228,349.0,15,0
2025-10-22,SKU-HOME-301,Stainless Steel Espresso Machine,Home & Kitchen,14,217,349.0,15,0
2025-10-23,SKU-HOME-301,Stainless Steel Espresso Machine,Home & Kitchen,18,202,349.0,15,0
2025-10-24,SKU-HOME-301,Stainless Steel Espresso Machine,Home & Kitchen,19,186,349.0,15,0
2025-10-25,SKU-HOME-301,Stainless Steel Espresso Machine,Home & Kitchen,19,170,349.0,15,0
2025-10-26,SKU-HOME-301,Stainless Steel Espresso Machine,Home & Kitchen,25,149,349.0,15,0
2025-10-27,SKU-HOME-301,Stainless Steel Espresso Machine,Home & Kitchen,17,135,349.0,15,0
2025-10-28,SKU-HOME-301,Stainless Steel Espresso Machine,Home & Kitchen,10,127,349.0,15,0
2025-10-29,SKU-HOME-301,Stainless Steel Espresso Machine,Home & Kitchen,14,116,349.0,15,0
2025-10-30,SKU-HOME-301,Stainless Steel Espresso Machine,Home & Kitchen,22,98,307.12,15,1
2025-10-31,SKU-HOME-301,Stainless Steel Espresso Machine,Home & Kitchen,31,72,307.12,15,1
2025-11-01,SKU-HOME-301,Stainless Steel Espresso Machine,Home & Kitchen,35,367,307.12,15,1
2025-11-02,SKU-HOME-301,Stainless Steel Espresso Machine,Home & Kitchen,27,345,307.12,15,1
2025-11-03,SKU-HOME-301,Stainless Steel Espresso Machine,Home & Kitchen,20,328,349.0,15,0
2025-11-04,SKU-HOME-301,Stainless Steel Espresso Machine,Home & Kitchen,12,318,349.0,15,0
2025-11-05,SKU-HOME-301,Stainless Steel Espresso Machine,Home & Kitchen,22,300,349.0,15,0
2025-11-06,SKU-HOME-301,Stainless Steel Espresso Machine,Home & Kitchen,16,287,349.0,15,0
2025-11-07,SKU-HOME-301,Stainless Steel Espresso Machine,Home & Kitchen,18,272,349.0,15,0
2025-11-08,SKU-HOME-301,Stainless Steel Espresso Machine,Home & Kitchen,30,247,349.0,15,0
2025-11-09,SKU-HOME-301,Stainless Steel Espresso Machine,Home & Kitchen,19,231,349.0,15,0
2025-11-10,SKU-HOME-301,Stainless Steel Espresso Machine,Home & Kitchen,13,220,349.0,15,0
2025-11-11,SKU-HOME-301,Stainless Steel Espresso Machine,Home & Kitchen,16,207,349.0,15,0
2025-11-12,SKU-HOME-301,Stainless Steel Espresso Machine,Home & Kitchen,22,189,349.0,15,0
2025-11-13,SKU-HOME-301,Stainless Steel Espresso Machine,Home & Kitchen,12,179,349.0,15,0
2025-11-14,SKU-HOME-301,Stainless Steel Espresso Machine,Home & Kitchen,7,174,349.0,15,0
2025-11-15,SKU-HOME-301,Stainless Steel Espresso Machine,Home & Kitchen,23,155,349.0,15,0
2025-11-16,SKU-HOME-301,Stainless Steel Espresso Machine,Home & Kitchen,27,133,349.0,15,0
2025-11-17,SKU-HOME-301,Stainless Steel Espresso Machine,Home & Kitchen,23,114,349.0,15,0
2025-11-18,SKU-HOME-301,Stainless Steel Espresso Machine,Home & Kitchen,17,100,349.0,15,0
2025-11-19,SKU-HOME-301,Stainless Steel Espresso Machine,Home & Kitchen,17,86,349.0,15,0
2025-11-20,SKU-HOME-301,Stainless Steel Espresso Machine,Home & Kitchen,23,391,349.0,15,0
2025-11-21,SKU-HOME-301,Stainless Steel Espresso Machine,Home & Kitchen,11,382,349.0,15,0
2025-11-22,SKU-HOME-301,Stainless Steel Espresso Machine,Home & Kitchen,24,362,349.0,15,0
2025-11-23,SKU-HOME-301,Stainless Steel Espresso Machine,Home & Kitchen,26,340,349.0,15,0
2025-11-24,SKU-HOME-301,Stainless Steel Espresso Machine,Home & Kitchen,21,323,349.0,15,0
2025-11-25,SKU-HOME-301,Stainless Steel Espresso Machine,Home & Kitchen,17,309,349.0,15,0
2025-11-26,SKU-HOME-301,Stainless Steel Espresso Machine,Home & Kitchen,19,293,349.0,15,0
2025-11-27,SKU-HOME-301,Stainless Steel Espresso Machine,Home & Kitchen,9,286,349.0,15,0
2025-11-28,SKU-HOME-301,Stainless Steel Espresso Machine,Home & Kitchen,17,272,349.0,15,0
2025-11-29,SKU-HOME-301,Stainless Steel Espresso Machine,Home & Kitchen,28,249,349.0,15,0
2025-11-30,SKU-HOME-301,Stainless Steel Espresso Machine,Home & Kitchen,22,231,349.0,15,0
2025-12-01,SKU-HOME-301,Stainless Steel Espresso Machine,Home & Kitchen,20,214,349.0,15,0
2025-12-02,SKU-HOME-301,Stainless Steel Espresso Machine,Home & Kitchen,21,197,349.0,15,0
2025-12-03,SKU-HOME-301,Stainless Steel Espresso Machine,Home & Kitchen,18,182,349.0,15,0
2025-12-04,SKU-HOME-301,Stainless Steel Espresso Machine,Home & Kitchen,20,165,349.0,15,0
2025-12-05,SKU-HOME-301,Stainless Steel Espresso Machine,Home & Kitchen,16,152,349.0,15,0
2025-12-06,SKU-HOME-301,Stainless Steel Espresso Machine,Home & Kitchen,26,130,349.0,15,0
2025-12-07,SKU-HOME-301,Stainless Steel Espresso Machine,Home & Kitchen,29,106,349.0,15,0
2025-12-08,SKU-HOME-301,Stainless Steel Espresso Machine,Home & Kitchen,21,89,349.0,15,0
2025-12-09,SKU-HOME-301,Stainless Steel Espresso Machine,Home & Kitchen,18,398,349.0,15,0
2025-12-10,SKU-HOME-301,Stainless Steel Espresso Machine,Home & Kitchen,21,381,349.0,15,0
2025-12-11,SKU-HOME-301,Stainless Steel Espresso Machine,Home & Kitchen,23,362,349.0,15,0
2025-12-12,SKU-HOME-301,Stainless Steel Espresso Machine,Home & Kitchen,12,352,349.0,15,0
2025-12-13,SKU-HOME-301,Stainless Steel Espresso Machine,Home & Kitchen,32,325,349.0,15,0
2025-12-14,SKU-HOME-301,Stainless Steel Espresso Machine,Home & Kitchen,26,303,349.0,15,0
2025-12-15,SKU-HOME-301,Stainless Steel Espresso Machine,Home & Kitchen,22,285,349.0,15,0
2025-12-16,SKU-HOME-301,Stainless Steel Espresso Machine,Home & Kitchen,25,264,349.0,15,0
2025-12-17,SKU-HOME-301,Stainless Steel Espresso Machine,Home & Kitchen,22,246,307.12,15,1
2025-12-18,SKU-HOME-301,Stainless Steel Espresso Machine,Home & Kitchen,25,225,307.12,15,1
2025-12-19,SKU-HOME-301,Stainless Steel Espresso Machine,Home & Kitchen,27,203,307.12,15,1
2025-12-20,SKU-HOME-301,Stainless Steel Espresso Machine,Home & Kitchen,35,174,307.12,15,1
2025-12-21,SKU-HOME-301,Stainless Steel Espresso Machine,Home & Kitchen,35,145,349.0,15,0
2025-12-22,SKU-HOME-301,Stainless Steel Espresso Machine,Home & Kitchen,18,130,349.0,15,0
2025-12-23,SKU-HOME-301,Stainless Steel Espresso Machine,Home & Kitchen,19,114,349.0,15,0
2025-12-24,SKU-HOME-301,Stainless Steel Espresso Machine,Home & Kitchen,22,96,349.0,15,0
2025-12-25,SKU-HOME-301,Stainless Steel Espresso Machine,Home & Kitchen,16,83,349.0,15,0
2025-12-26,SKU-HOME-301,Stainless Steel Espresso Machine,Home & Kitchen,20,66,349.0,15,0
2025-12-27,SKU-HOME-301,Stainless Steel Espresso Machine,Home & Kitchen,30,41,349.0,15,0
2025-12-28,SKU-HOME-301,Stainless Steel Espresso Machine,Home & Kitchen,28,342,349.0,15,0
2025-12-29,SKU-HOME-301,Stainless Steel Espresso Machine,Home & Kitchen,21,325,349.0,15,0
2025-12-30,SKU-HOME-301,Stainless Steel Espresso Machine,Home & Kitchen,19,309,349.0,15,0
2025-12-31,SKU-HOME-301,Stainless Steel Espresso Machine,Home & Kitchen,16,296,349.0,15,0
2026-01-01,SKU-HOME-301,Stainless Steel Espresso Machine,Home & Kitchen,23,277,349.0,15,0
2026-01-02,SKU-HOME-301,Stainless Steel Espresso Machine,Home & Kitchen,29,253,349.0,15,0
2026-01-03,SKU-HOME-301,Stainless Steel Espresso Machine,Home & Kitchen,30,228,349.0,15,0
2026-01-04,SKU-HOME-301,Stainless Steel Espresso Machine,Home & Kitchen,31,202,349.0,15,0
2026-01-05,SKU-HOME-301,Stainless Steel Espresso Machine,Home & Kitchen,25,181,349.0,15,0
2026-01-06,SKU-HOME-301,Stainless Steel Espresso Machine,Home & Kitchen,17,167,349.0,15,0
2026-01-07,SKU-HOME-301,Stainless Steel Espresso Machine,Home & Kitchen,29,143,349.0,15,0
2026-01-08,SKU-HOME-301,Stainless Steel Espresso Machine,Home & Kitchen,23,124,349.0,15,0
2026-01-09,SKU-HOME-301,Stainless Steel Espresso Machine,Home & Kitchen,29,100,349.0,15,0
2026-01-10,SKU-HOME-301,Stainless Steel Espresso Machine,Home & Kitchen,27,78,349.0,15,0
2026-01-11,SKU-HOME-301,Stainless Steel Espresso Machine,Home & Kitchen,38,46,349.0,15,0
2026-01-12,SKU-HOME-301,Stainless Steel Espresso Machine,Home & Kitchen,26,24,349.0,15,0
2026-01-13,SKU-HOME-301,Stainless Steel Espresso Machine,Home & Kitchen,25,3,349.0,15,0
2026-01-14,SKU-HOME-301,Stainless Steel Espresso Machine,Home & Kitchen,24,0,349.0,15,0
2026-01-15,SKU-HOME-301,Stainless Steel Espresso Machine,Home & Kitchen,22,0,349.0,15,0
2026-01-16,SKU-HOME-301,Stainless Steel Espresso Machine,Home & Kitchen,28,301,349.0,15,0
2026-01-17,SKU-HOME-301,Stainless Steel Espresso Machine,Home & Kitchen,32,274,349.0,15,0
2026-01-18,SKU-HOME-301,Stainless Steel Espresso Machine,Home & Kitchen,23,255,349.0,15,0
2026-01-19,SKU-HOME-301,Stainless Steel Espresso Machine,Home & Kitchen,19,239,349.0,15,0
2026-01-20,SKU-HOME-301,Stainless Steel Espresso Machine,Home & Kitchen,22,221,349.0,15,0
2026-01-21,SKU-HOME-301,Stainless Steel Espresso Machine,Home & Kitchen,24,201,349.0,15,0
2026-01-22,SKU-HOME-301,Stainless Steel Espresso Machine,Home & Kitchen,23,182,349.0,15,0
2026-01-23,SKU-HOME-301,Stainless Steel Espresso Machine,Home & Kitchen,28,159,349.0,15,0
2026-01-24,SKU-HOME-301,Stainless Steel Espresso Machine,Home & Kitchen,24,139,349.0,15,0
2026-01-25,SKU-HOME-301,Stainless Steel Espresso Machine,Home & Kitchen,32,112,349.0,15,0
2026-01-26,SKU-HOME-301,Stainless Steel Espresso Machine,Home & Kitchen,16,99,349.0,15,0
2026-01-27,SKU-HOME-301,Stainless Steel Espresso Machine,Home & Kitchen,27,77,349.0,15,0
2026-01-28,SKU-HOME-301,Stainless Steel Espresso Machine,Home & Kitchen,23,58,349.0,15,0
2026-01-29,SKU-HOME-301,Stainless Steel Espresso Machine,Home & Kitchen,25,37,349.0,15,0
2026-01-30,SKU-HOME-301,Stainless Steel Espresso Machine,Home & Kitchen,20,20,349.0,15,0
2026-01-31,SKU-HOME-301,Stainless Steel Espresso Machine,Home & Kitchen,37,0,349.0,15,0
2026-02-01,SKU-HOME-301,Stainless Steel Espresso Machine,Home & Kitchen,37,0,349.0,15,0
2026-02-02,SKU-HOME-301,Stainless Steel Espresso Machine,Home & Kitchen,26,0,349.0,15,0
2026-02-03,SKU-HOME-301,Stainless Steel Espresso Machine,Home & Kitchen,32,0,307.12,15,1
2026-02-04,SKU-HOME-301,Stainless Steel Espresso Machine,Home & Kitchen,35,295,307.12,15,1
2026-02-05,SKU-HOME-301,Stainless Steel Espresso Machine,Home & Kitchen,30,270,307.12,15,1
2026-02-06,SKU-HOME-301,Stainless Steel Espresso Machine,Home & Kitchen,36,240,307.12,15,1
2026-02-07,SKU-HOME-301,Stainless Steel Espresso Machine,Home & Kitchen,40,206,349.0,15,0
2026-02-08,SKU-HOME-301,Stainless Steel Espresso Machine,Home & Kitchen,37,175,349.0,15,0
2026-02-09,SKU-HOME-301,Stainless Steel Espresso Machine,Home & Kitchen,22,157,349.0,15,0
2026-02-10,SKU-HOME-301,Stainless Steel Espresso Machine,Home & Kitchen,26,135,349.0,15,0
2026-02-11,SKU-HOME-301,Stainless Steel Espresso Machine,Home & Kitchen,20,118,349.0,15,0
2026-02-12,SKU-HOME-301,Stainless Steel Espresso Machine,Home & Kitchen,27,96,349.0,15,0
2026-02-13,SKU-HOME-301,Stainless Steel Espresso Machine,Home & Kitchen,27,74,349.0,15,0
2026-02-14,SKU-HOME-301,Stainless Steel Espresso Machine,Home & Kitchen,26,52,349.0,15,0
2026-02-15,SKU-HOME-301,Stainless Steel Espresso Machine,Home & Kitchen,29,28,349.0,15,0
2026-02-16,SKU-HOME-301,Stainless Steel Espresso Machine,Home & Kitchen,24,8,349.0,15,0
2026-02-17,SKU-HOME-301,Stainless Steel Espresso Machine,Home & Kitchen,24,0,349.0,15,0
2026-02-18,SKU-HOME-301,Stainless Steel Espresso Machine,Home & Kitchen,20,0,349.0,15,0
2026-02-19,SKU-HOME-301,Stainless Steel Espresso Machine,Home & Kitchen,27,0,349.0,15,0
2026-02-20,SKU-HOME-301,Stainless Steel Espresso Machine,Home & Kitchen,26,0,349.0,15,0
2026-02-21,SKU-HOME-301,Stainless Steel Espresso Machine,Home & Kitchen,33,0,349.0,15,0
2026-02-22,SKU-HOME-301,Stainless Steel Espresso Machine,Home & Kitchen,31,0,349.0,15,0
2026-02-23,SKU-HOME-301,Stainless Steel Espresso Machine,Home & Kitchen,30,299,349.0,15,0
2026-02-24,SKU-HOME-301,Stainless Steel Espresso Machine,Home & Kitchen,32,272,349.0,15,0
2026-02-25,SKU-HOME-301,Stainless Steel Espresso Machine,Home & Kitchen,24,252,349.0,15,0
2026-02-26,SKU-HOME-301,Stainless Steel Espresso Machine,Home & Kitchen,23,233,349.0,15,0
2026-02-27,SKU-HOME-301,Stainless Steel Espresso Machine,Home & Kitchen,28,210,349.0,15,0
2026-02-28,SKU-HOME-301,Stainless Steel Espresso Machine,Home & Kitchen,33,182,349.0,15,0
2026-03-01,SKU-HOME-301,Stainless Steel Espresso Machine,Home & Kitchen,34,154,349.0,15,0
2026-03-02,SKU-HOME-301,Stainless Steel Espresso Machine,Home & Kitchen,29,130,349.0,15,0
2026-03-03,SKU-HOME-301,Stainless Steel Espresso Machine,Home & Kitchen,18,115,349.0,15,0
2026-03-04,SKU-HOME-301,Stainless Steel Espresso Machine,Home & Kitchen,31,89,349.0,15,0
2026-03-05,SKU-HOME-301,Stainless Steel Espresso Machine,Home & Kitchen,26,67,349.0,15,0
2026-03-06,SKU-HOME-301,Stainless Steel Espresso Machine,Home & Kitchen,24,47,349.0,15,0
2026-03-07,SKU-HOME-301,Stainless Steel Espresso Machine,Home & Kitchen,35,18,349.0,15,0
2026-03-08,SKU-HOME-301,Stainless Steel Espresso Machine,Home & Kitchen,35,0,349.0,15,0
2026-03-09,SKU-HOME-301,Stainless Steel Espresso Machine,Home & Kitchen,19,0,349.0,15,0
2026-03-10,SKU-HOME-301,Stainless Steel Espresso Machine,Home & Kitchen,32,0,349.0,15,0
2026-03-11,SKU-HOME-301,Stainless Steel Espresso Machine,Home & Kitchen,26,0,349.0,15,0
2026-03-12,SKU-HOME-301,Stainless Steel Espresso Machine,Home & Kitchen,28,0,349.0,15,0
2026-03-13,SKU-HOME-301,Stainless Steel Espresso Machine,Home & Kitchen,30,0,349.0,15,0
2026-03-14,SKU-HOME-301,Stainless Steel Espresso Machine,Home & Kitchen,31,298,349.0,15,0
2026-03-15,SKU-HOME-301,Stainless Steel Espresso Machine,Home & Kitchen,37,267,349.0,15,0
2026-03-16,SKU-HOME-301,Stainless Steel Espresso Machine,Home & Kitchen,25,246,349.0,15,0
2026-03-17,SKU-HOME-301,Stainless Steel Espresso Machine,Home & Kitchen,30,221,349.0,15,0
2026-03-18,SKU-HOME-301,Stainless Steel Espresso Machine,Home & Kitchen,18,206,349.0,15,0
2026-03-19,SKU-HOME-301,Stainless Steel Espresso Machine,Home & Kitchen,26,184,349.0,15,0
2026-03-20,SKU-HOME-301,Stainless Steel Espresso Machine,Home & Kitchen,24,164,349.0,15,0
2026-03-21,SKU-HOME-301,Stainless Steel Espresso Machine,Home & Kitchen,37,133,349.0,15,0
2026-03-22,SKU-HOME-301,Stainless Steel Espresso Machine,Home & Kitchen,38,101,349.0,15,0
2026-03-23,SKU-HOME-301,Stainless Steel Espresso Machine,Home & Kitchen,33,73,307.12,15,1
2026-03-24,SKU-HOME-301,Stainless Steel Espresso Machine,Home & Kitchen,33,45,307.12,15,1
2026-03-25,SKU-HOME-301,Stainless Steel Espresso Machine,Home & Kitchen,35,16,307.12,15,1
2026-03-26,SKU-HOME-301,Stainless Steel Espresso Machine,Home & Kitchen,32,0,307.12,15,1
2026-03-27,SKU-HOME-301,Stainless Steel Espresso Machine,Home & Kitchen,30,0,349.0,15,0
2026-03-28,SKU-HOME-301,Stainless Steel Espresso Machine,Home & Kitchen,34,0,349.0,15,0
2026-03-29,SKU-HOME-301,Stainless Steel Espresso Machine,Home & Kitchen,24,0,349.0,15,0
2026-03-30,SKU-HOME-301,Stainless Steel Espresso Machine,Home & Kitchen,25,0,349.0,15,0
2026-03-31,SKU-HOME-301,Stainless Steel Espresso Machine,Home & Kitchen,22,0,349.0,15,0
2026-04-01,SKU-HOME-301,Stainless Steel Espresso Machine,Home & Kitchen,20,0,349.0,15,0
2026-04-02,SKU-HOME-301,Stainless Steel Espresso Machine,Home & Kitchen,22,306,349.0,15,0
2026-04-03,SKU-HOME-301,Stainless Steel Espresso Machine,Home & Kitchen,27,284,349.0,15,0
2026-04-04,SKU-HOME-301,Stainless Steel Espresso Machine,Home & Kitchen,41,250,349.0,15,0
2026-04-05,SKU-HOME-301,Stainless Steel Espresso Machine,Home & Kitchen,37,219,349.0,15,0
2026-04-06,SKU-HOME-301,Stainless Steel Espresso Machine,Home & Kitchen,24,199,349.0,15,0
2026-04-07,SKU-HOME-301,Stainless Steel Espresso Machine,Home & Kitchen,28,176,349.0,15,0
2026-04-08,SKU-HOME-301,Stainless Steel Espresso Machine,Home & Kitchen,25,155,349.0,15,0
2026-04-09,SKU-HOME-301,Stainless Steel Espresso Machine,Home & Kitchen,24,135,349.0,15,0
2026-04-10,SKU-HOME-301,Stainless Steel Espresso Machine,Home & Kitchen,22,117,349.0,15,0
2026-04-11,SKU-HOME-301,Stainless Steel Espresso Machine,Home & Kitchen,29,93,349.0,15,0
2026-04-12,SKU-HOME-301,Stainless Steel Espresso Machine,Home & Kitchen,34,65,349.0,15,0
2026-04-13,SKU-HOME-301,Stainless Steel Espresso Machine,Home & Kitchen,27,43,349.0,15,0
2026-04-14,SKU-HOME-301,Stainless Steel Espresso Machine,Home & Kitchen,26,21,349.0,15,0
2026-04-15,SKU-HOME-301,Stainless Steel Espresso Machine,Home & Kitchen,25,0,349.0,15,0
2026-04-16,SKU-HOME-301,Stainless Steel Espresso Machine,Home & Kitchen,23,0,349.0,15,0
2026-04-17,SKU-HOME-301,Stainless Steel Espresso Machine,Home & Kitchen,29,0,349.0,15,0
2026-04-18,SKU-HOME-301,Stainless Steel Espresso Machine,Home & Kitchen,31,0,349.0,15,0
2026-04-19,SKU-HOME-301,Stainless Steel Espresso Machine,Home & Kitchen,39,0,349.0,15,0
2026-04-20,SKU-HOME-301,Stainless Steel Espresso Machine,Home & Kitchen,23,0,349.0,15,0
2026-04-21,SKU-HOME-301,Stainless Steel Espresso Machine,Home & Kitchen,24,304,349.0,15,0
2026-04-22,SKU-HOME-301,Stainless Steel Espresso Machine,Home & Kitchen,21,287,349.0,15,0
2026-04-23,SKU-HOME-301,Stainless Steel Espresso Machine,Home & Kitchen,25,266,349.0,15,0
2026-04-24,SKU-HOME-301,Stainless Steel Espresso Machine,Home & Kitchen,30,241,349.0,15,0
2026-04-25,SKU-HOME-301,Stainless Steel Espresso Machine,Home & Kitchen,38,209,349.0,15,0
2026-04-26,SKU-HOME-301,Stainless Steel Espresso Machine,Home & Kitchen,40,175,349.0,15,0
2026-04-27,SKU-HOME-301,Stainless Steel Espresso Machine,Home & Kitchen,29,151,349.0,15,0
2026-04-28,SKU-HOME-301,Stainless Steel Espresso Machine,Home & Kitchen,22,133,349.0,15,0
2026-04-29,SKU-HOME-301,Stainless Steel Espresso Machine,Home & Kitchen,25,112,349.0,15,0
2026-04-30,SKU-HOME-301,Stainless Steel Espresso Machine,Home & Kitchen,23,93,349.0,15,0
2026-05-01,SKU-HOME-301,Stainless Steel Espresso Machine,Home & Kitchen,32,66,349.0,15,0
2026-05-02,SKU-HOME-301,Stainless Steel Espresso Machine,Home & Kitchen,31,40,349.0,15,0
2026-05-03,SKU-HOME-301,Stainless Steel Espresso Machine,Home & Kitchen,39,7,349.0,15,0
2026-05-04,SKU-HOME-301,Stainless Steel Espresso Machine,Home & Kitchen,30,0,349.0,15,0
2026-05-05,SKU-HOME-301,Stainless Steel Espresso Machine,Home & Kitchen,34,0,349.0,15,0
2026-05-06,SKU-HOME-301,Stainless Steel Espresso Machine,Home & Kitchen,25,0,349.0,15,0
2026-05-07,SKU-HOME-301,Stainless Steel Espresso Machine,Home & Kitchen,29,0,349.0,15,0
2026-05-08,SKU-HOME-301,Stainless Steel Espresso Machine,Home & Kitchen,35,0,349.0,15,0
2026-05-09,SKU-HOME-301,Stainless Steel Espresso Machine,Home & Kitchen,33,0,349.0,15,0
2026-05-10,SKU-HOME-301,Stainless Steel Espresso Machine,Home & Kitchen,42,289,307.12,15,1
2026-05-11,SKU-HOME-301,Stainless Steel Espresso Machine,Home & Kitchen,28,266,307.12,15,1
2026-05-12,SKU-HOME-301,Stainless Steel Espresso Machine,Home & Kitchen,38,234,307.12,15,1
2026-05-13,SKU-HOME-301,Stainless Steel Espresso Machine,Home & Kitchen,28,211,307.12,15,1
2026-05-14,SKU-HOME-301,Stainless Steel Espresso Machine,Home & Kitchen,25,190,349.0,15,0
2026-05-15,SKU-HOME-301,Stainless Steel Espresso Machine,Home & Kitchen,28,167,349.0,15,0
2026-05-16,SKU-HOME-301,Stainless Steel Espresso Machine,Home & Kitchen,36,137,349.0,15,0
2026-05-17,SKU-HOME-301,Stainless Steel Espresso Machine,Home & Kitchen,37,106,349.0,15,0
2026-05-18,SKU-HOME-301,Stainless Steel Espresso Machine,Home & Kitchen,27,84,349.0,15,0
2026-05-19,SKU-HOME-301,Stainless Steel Espresso Machine,Home & Kitchen,31,58,349.0,15,0
2026-05-20,SKU-HOME-301,Stainless Steel Espresso Machine,Home & Kitchen,22,40,349.0,15,0
2026-05-21,SKU-HOME-301,Stainless Steel Espresso Machine,Home & Kitchen,23,21,349.0,15,0
2026-05-22,SKU-HOME-301,Stainless Steel Espresso Machine,Home & Kitchen,23,2,349.0,15,0
2026-05-23,SKU-HOME-301,Stainless Steel Espresso Machine,Home & Kitchen,38,0,349.0,15,0
2026-05-24,SKU-HOME-301,Stainless Steel Espresso Machine,Home & Kitchen,38,0,349.0,15,0
2026-05-25,SKU-HOME-301,Stainless Steel Espresso Machine,Home & Kitchen,27,0,349.0,15,0
2026-05-26,SKU-HOME-301,Stainless Steel Espresso Machine,Home & Kitchen,30,0,349.0,15,0
2026-05-27,SKU-HOME-301,Stainless Steel Espresso Machine,Home & Kitchen,21,0,349.0,15,0
2026-05-28,SKU-HOME-301,Stainless Steel Espresso Machine,Home & Kitchen,32,0,349.0,15,0
2026-05-29,SKU-HOME-301,Stainless Steel Espresso Machine,Home & Kitchen,31,298,349.0,15,0
2026-05-30,SKU-HOME-301,Stainless Steel Espresso Machine,Home & Kitchen,37,267,349.0,15,0
2026-05-31,SKU-HOME-301,Stainless Steel Espresso Machine,Home & Kitchen,41,233,349.0,15,0
2026-06-01,SKU-HOME-301,Stainless Steel Espresso Machine,Home & Kitchen,19,217,349.0,15,0
2026-06-02,SKU-HOME-301,Stainless Steel Espresso Machine,Home & Kitchen,23,198,349.0,15,0
2026-06-03,SKU-HOME-301,Stainless Steel Espresso Machine,Home & Kitchen,22,180,349.0,15,0
2026-06-04,SKU-HOME-301,Stainless Steel Espresso Machine,Home & Kitchen,28,157,349.0,15,0
2026-06-05,SKU-HOME-301,Stainless Steel Espresso Machine,Home & Kitchen,21,140,349.0,15,0
2026-06-06,SKU-HOME-301,Stainless Steel Espresso Machine,Home & Kitchen,37,109,349.0,15,0
2026-06-07,SKU-HOME-301,Stainless Steel Espresso Machine,Home & Kitchen,39,76,349.0,15,0
2026-06-08,SKU-HOME-301,Stainless Steel Espresso Machine,Home & Kitchen,28,53,349.0,15,0
2026-06-09,SKU-HOME-301,Stainless Steel Espresso Machine,Home & Kitchen,26,31,349.0,15,0
2026-06-10,SKU-HOME-301,Stainless Steel Espresso Machine,Home & Kitchen,21,14,349.0,15,0
2026-06-11,SKU-HOME-301,Stainless Steel Espresso Machine,Home & Kitchen,21,0,349.0,15,0
2026-06-12,SKU-HOME-301,Stainless Steel Espresso Machine,Home & Kitchen,30,0,349.0,15,0
2026-06-13,SKU-HOME-301,Stainless Steel Espresso Machine,Home & Kitchen,36,0,349.0,15,0
2026-06-14,SKU-HOME-301,Stainless Steel Espresso Machine,Home & Kitchen,33,0,349.0,15,0
2026-06-15,SKU-HOME-301,Stainless Steel Espresso Machine,Home & Kitchen,23,0,349.0,15,0
2026-06-16,SKU-HOME-301,Stainless Steel Espresso Machine,Home & Kitchen,16,0,349.0,15,0
2026-06-17,SKU-HOME-301,Stainless Steel Espresso Machine,Home & Kitchen,20,307,349.0,15,0
2026-06-18,SKU-HOME-301,Stainless Steel Espresso Machine,Home & Kitchen,32,280,349.0,15,0
2026-06-19,SKU-HOME-301,Stainless Steel Espresso Machine,Home & Kitchen,19,264,349.0,15,0
2026-06-20,SKU-HOME-301,Stainless Steel Espresso Machine,Home & Kitchen,33,236,349.0,15,0
2026-06-21,SKU-HOME-301,Stainless Steel Espresso Machine,Home & Kitchen,37,205,349.0,15,0
2026-06-22,SKU-HOME-301,Stainless Steel Espresso Machine,Home & Kitchen,19,189,349.0,15,0
2026-06-23,SKU-HOME-301,Stainless Steel Espresso Machine,Home & Kitchen,25,168,349.0,15,0
2026-06-24,SKU-HOME-301,Stainless Steel Espresso Machine,Home & Kitchen,28,145,349.0,15,0
2025-01-01,SKU-HOME-302,Ceramic Non-Stick Cookware Set (10-Pc),Home & Kitchen,30,115,119.99,10,0
2025-01-02,SKU-HOME-302,Ceramic Non-Stick Cookware Set (10-Pc),Home & Kitchen,47,76,119.99,10,0
2025-01-03,SKU-HOME-302,Ceramic Non-Stick Cookware Set (10-Pc),Home & Kitchen,20,59,119.99,10,0
2025-01-04,SKU-HOME-302,Ceramic Non-Stick Cookware Set (10-Pc),Home & Kitchen,49,18,119.99,10,0
2025-01-05,SKU-HOME-302,Ceramic Non-Stick Cookware Set (10-Pc),Home & Kitchen,42,0,119.99,10,0
2025-01-06,SKU-HOME-302,Ceramic Non-Stick Cookware Set (10-Pc),Home & Kitchen,35,0,119.99,10,0
2025-01-07,SKU-HOME-302,Ceramic Non-Stick Cookware Set (10-Pc),Home & Kitchen,33,0,119.99,10,0
2025-01-08,SKU-HOME-302,Ceramic Non-Stick Cookware Set (10-Pc),Home & Kitchen,26,0,119.99,10,0
2025-01-09,SKU-HOME-302,Ceramic Non-Stick Cookware Set (10-Pc),Home & Kitchen,32,0,119.99,10,0
2025-01-10,SKU-HOME-302,Ceramic Non-Stick Cookware Set (10-Pc),Home & Kitchen,20,0,119.99,10,0
2025-01-11,SKU-HOME-302,Ceramic Non-Stick Cookware Set (10-Pc),Home & Kitchen,47,0,119.99,10,0
2025-01-12,SKU-HOME-302,Ceramic Non-Stick Cookware Set (10-Pc),Home & Kitchen,45,0,119.99,10,0
2025-01-13,SKU-HOME-302,Ceramic Non-Stick Cookware Set (10-Pc),Home & Kitchen,35,0,119.99,10,0
2025-01-14,SKU-HOME-302,Ceramic Non-Stick Cookware Set (10-Pc),Home & Kitchen,38,0,119.99,10,0
2025-01-15,SKU-HOME-302,Ceramic Non-Stick Cookware Set (10-Pc),Home & Kitchen,44,362,105.59,10,1
2025-01-16,SKU-HOME-302,Ceramic Non-Stick Cookware Set (10-Pc),Home & Kitchen,43,326,105.59,10,1
2025-01-17,SKU-HOME-302,Ceramic Non-Stick Cookware Set (10-Pc),Home & Kitchen,37,295,105.59,10,1
2025-01-18,SKU-HOME-302,Ceramic Non-Stick Cookware Set (10-Pc),Home & Kitchen,55,249,105.59,10,1
2025-01-19,SKU-HOME-302,Ceramic Non-Stick Cookware Set (10-Pc),Home & Kitchen,51,206,119.99,10,0
2025-01-20,SKU-HOME-302,Ceramic Non-Stick Cookware Set (10-Pc),Home & Kitchen,40,172,119.99,10,0
2025-01-21,SKU-HOME-302,Ceramic Non-Stick Cookware Set (10-Pc),Home & Kitchen,30,147,119.99,10,0
2025-01-22,SKU-HOME-302,Ceramic Non-Stick Cookware Set (10-Pc),Home & Kitchen,32,120,119.99,10,0
2025-01-23,SKU-HOME-302,Ceramic Non-Stick Cookware Set (10-Pc),Home & Kitchen,27,98,119.99,10,0
2025-01-24,SKU-HOME-302,Ceramic Non-Stick Cookware Set (10-Pc),Home & Kitchen,39,65,119.99,10,0
2025-01-25,SKU-HOME-302,Ceramic Non-Stick Cookware Set (10-Pc),Home & Kitchen,49,24,119.99,10,0
2025-01-26,SKU-HOME-302,Ceramic Non-Stick Cookware Set (10-Pc),Home & Kitchen,57,0,119.99,10,0
2025-01-27,SKU-HOME-302,Ceramic Non-Stick Cookware Set (10-Pc),Home & Kitchen,27,0,119.99,10,0
2025-01-28,SKU-HOME-302,Ceramic Non-Stick Cookware Set (10-Pc),Home & Kitchen,30,0,119.99,10,0
2025-01-29,SKU-HOME-302,Ceramic Non-Stick Cookware Set (10-Pc),Home & Kitchen,34,371,119.99,10,0
2025-01-30,SKU-HOME-302,Ceramic Non-Stick Cookware Set (10-Pc),Home & Kitchen,36,341,119.99,10,0
2025-01-31,SKU-HOME-302,Ceramic Non-Stick Cookware Set (10-Pc),Home & Kitchen,31,315,119.99,10,0
2025-02-01,SKU-HOME-302,Ceramic Non-Stick Cookware Set (10-Pc),Home & Kitchen,40,281,119.99,10,0
2025-02-02,SKU-HOME-302,Ceramic Non-Stick Cookware Set (10-Pc),Home & Kitchen,51,238,119.99,10,0
2025-02-03,SKU-HOME-302,Ceramic Non-Stick Cookware Set (10-Pc),Home & Kitchen,37,207,119.99,10,0
2025-02-04,SKU-HOME-302,Ceramic Non-Stick Cookware Set (10-Pc),Home & Kitchen,27,185,119.99,10,0
2025-02-05,SKU-HOME-302,Ceramic Non-Stick Cookware Set (10-Pc),Home & Kitchen,41,151,119.99,10,0
2025-02-06,SKU-HOME-302,Ceramic Non-Stick Cookware Set (10-Pc),Home & Kitchen,40,117,119.99,10,0
2025-02-07,SKU-HOME-302,Ceramic Non-Stick Cookware Set (10-Pc),Home & Kitchen,34,89,119.99,10,0
2025-02-08,SKU-HOME-302,Ceramic Non-Stick Cookware Set (10-Pc),Home & Kitchen,47,50,119.99,10,0
2025-02-09,SKU-HOME-302,Ceramic Non-Stick Cookware Set (10-Pc),Home & Kitchen,50,8,119.99,10,0
2025-02-10,SKU-HOME-302,Ceramic Non-Stick Cookware Set (10-Pc),Home & Kitchen,28,0,119.99,10,0
2025-02-11,SKU-HOME-302,Ceramic Non-Stick Cookware Set (10-Pc),Home & Kitchen,34,0,119.99,10,0
2025-02-12,SKU-HOME-302,Ceramic Non-Stick Cookware Set (10-Pc),Home & Kitchen,20,382,119.99,10,0
2025-02-13,SKU-HOME-302,Ceramic Non-Stick Cookware Set (10-Pc),Home & Kitchen,39,349,119.99,10,0
2025-02-14,SKU-HOME-302,Ceramic Non-Stick Cookware Set (10-Pc),Home & Kitchen,24,329,119.99,10,0
2025-02-15,SKU-HOME-302,Ceramic Non-Stick Cookware Set (10-Pc),Home & Kitchen,56,282,119.99,10,0
2025-02-16,SKU-HOME-302,Ceramic Non-Stick Cookware Set (10-Pc),Home & Kitchen,45,244,119.99,10,0
2025-02-17,SKU-HOME-302,Ceramic Non-Stick Cookware Set (10-Pc),Home & Kitchen,32,217,119.99,10,0
2025-02-18,SKU-HOME-302,Ceramic Non-Stick Cookware Set (10-Pc),Home & Kitchen,30,192,119.99,10,0
2025-02-19,SKU-HOME-302,Ceramic Non-Stick Cookware Set (10-Pc),Home & Kitchen,32,165,119.99,10,0
2025-02-20,SKU-HOME-302,Ceramic Non-Stick Cookware Set (10-Pc),Home & Kitchen,42,130,119.99,10,0
2025-02-21,SKU-HOME-302,Ceramic Non-Stick Cookware Set (10-Pc),Home & Kitchen,19,114,119.99,10,0
2025-02-22,SKU-HOME-302,Ceramic Non-Stick Cookware Set (10-Pc),Home & Kitchen,55,68,119.99,10,0
2025-02-23,SKU-HOME-302,Ceramic Non-Stick Cookware Set (10-Pc),Home & Kitchen,50,26,119.99,10,0
2025-02-24,SKU-HOME-302,Ceramic Non-Stick Cookware Set (10-Pc),Home & Kitchen,27,4,119.99,10,0
2025-02-25,SKU-HOME-302,Ceramic Non-Stick Cookware Set (10-Pc),Home & Kitchen,28,0,119.99,10,0
2025-02-26,SKU-HOME-302,Ceramic Non-Stick Cookware Set (10-Pc),Home & Kitchen,44,362,119.99,10,0
2025-02-27,SKU-HOME-302,Ceramic Non-Stick Cookware Set (10-Pc),Home & Kitchen,29,338,119.99,10,0
2025-02-28,SKU-HOME-302,Ceramic Non-Stick Cookware Set (10-Pc),Home & Kitchen,27,316,119.99,10,0
2025-03-01,SKU-HOME-302,Ceramic Non-Stick Cookware Set (10-Pc),Home & Kitchen,55,270,119.99,10,0
2025-03-02,SKU-HOME-302,Ceramic Non-Stick Cookware Set (10-Pc),Home & Kitchen,50,228,119.99,10,0
2025-03-03,SKU-HOME-302,Ceramic Non-Stick Cookware Set (10-Pc),Home & Kitchen,29,204,119.99,10,0
2025-03-04,SKU-HOME-302,Ceramic Non-Stick Cookware Set (10-Pc),Home & Kitchen,48,164,105.59,10,1
2025-03-05,SKU-HOME-302,Ceramic Non-Stick Cookware Set (10-Pc),Home & Kitchen,40,130,105.59,10,1
2025-03-06,SKU-HOME-302,Ceramic Non-Stick Cookware Set (10-Pc),Home & Kitchen,53,85,105.59,10,1
2025-03-07,SKU-HOME-302,Ceramic Non-Stick Cookware Set (10-Pc),Home & Kitchen,53,40,105.59,10,1
2025-03-08,SKU-HOME-302,Ceramic Non-Stick Cookware Set (10-Pc),Home & Kitchen,52,0,119.99,10,0
2025-03-09,SKU-HOME-302,Ceramic Non-Stick Cookware Set (10-Pc),Home & Kitchen,51,0,119.99,10,0
2025-03-10,SKU-HOME-302,Ceramic Non-Stick Cookware Set (10-Pc),Home & Kitchen,45,0,119.99,10,0
2025-03-11,SKU-HOME-302,Ceramic Non-Stick Cookware Set (10-Pc),Home & Kitchen,35,0,119.99,10,0
2025-03-12,SKU-HOME-302,Ceramic Non-Stick Cookware Set (10-Pc),Home & Kitchen,28,376,119.99,10,0
2025-03-13,SKU-HOME-302,Ceramic Non-Stick Cookware Set (10-Pc),Home & Kitchen,37,345,119.99,10,0
2025-03-14,SKU-HOME-302,Ceramic Non-Stick Cookware Set (10-Pc),Home & Kitchen,47,306,119.99,10,0
2025-03-15,SKU-HOME-302,Ceramic Non-Stick Cookware Set (10-Pc),Home & Kitchen,43,270,119.99,10,0
2025-03-16,SKU-HOME-302,Ceramic Non-Stick Cookware Set (10-Pc),Home & Kitchen,46,231,119.99,10,0
2025-03-17,SKU-HOME-302,Ceramic Non-Stick Cookware Set (10-Pc),Home & Kitchen,37,200,119.99,10,0
2025-03-18,SKU-HOME-302,Ceramic Non-Stick Cookware Set (10-Pc),Home & Kitchen,34,172,119.99,10,0
2025-03-19,SKU-HOME-302,Ceramic Non-Stick Cookware Set (10-Pc),Home & Kitchen,29,148,119.99,10,0
2025-03-20,SKU-HOME-302,Ceramic Non-Stick Cookware Set (10-Pc),Home & Kitchen,42,113,119.99,10,0
2025-03-21,SKU-HOME-302,Ceramic Non-Stick Cookware Set (10-Pc),Home & Kitchen,49,72,119.99,10,0
2025-03-22,SKU-HOME-302,Ceramic Non-Stick Cookware Set (10-Pc),Home & Kitchen,50,30,119.99,10,0
2025-03-23,SKU-HOME-302,Ceramic Non-Stick Cookware Set (10-Pc),Home & Kitchen,43,0,119.99,10,0
2025-03-24,SKU-HOME-302,Ceramic Non-Stick Cookware Set (10-Pc),Home & Kitchen,26,0,119.99,10,0
2025-03-25,SKU-HOME-302,Ceramic Non-Stick Cookware Set (10-Pc),Home & Kitchen,36,0,119.99,10,0
2025-03-26,SKU-HOME-302,Ceramic Non-Stick Cookware Set (10-Pc),Home & Kitchen,41,365,119.99,10,0
2025-03-27,SKU-HOME-302,Ceramic Non-Stick Cookware Set (10-Pc),Home & Kitchen,38,333,119.99,10,0
2025-03-28,SKU-HOME-302,Ceramic Non-Stick Cookware Set (10-Pc),Home & Kitchen,35,304,119.99,10,0
2025-03-29,SKU-HOME-302,Ceramic Non-Stick Cookware Set (10-Pc),Home & Kitchen,45,266,119.99,10,0
2025-03-30,SKU-HOME-302,Ceramic Non-Stick Cookware Set (10-Pc),Home & Kitchen,42,231,119.99,10,0
2025-03-31,SKU-HOME-302,Ceramic Non-Stick Cookware Set (10-Pc),Home & Kitchen,40,197,119.99,10,0
2025-04-01,SKU-HOME-302,Ceramic Non-Stick Cookware Set (10-Pc),Home & Kitchen,40,163,119.99,10,0
2025-04-02,SKU-HOME-302,Ceramic Non-Stick Cookware Set (10-Pc),Home & Kitchen,26,141,119.99,10,0
2025-04-03,SKU-HOME-302,Ceramic Non-Stick Cookware Set (10-Pc),Home & Kitchen,44,104,119.99,10,0
2025-04-04,SKU-HOME-302,Ceramic Non-Stick Cookware Set (10-Pc),Home & Kitchen,38,72,119.99,10,0
2025-04-05,SKU-HOME-302,Ceramic Non-Stick Cookware Set (10-Pc),Home & Kitchen,57,24,119.99,10,0
2025-04-06,SKU-HOME-302,Ceramic Non-Stick Cookware Set (10-Pc),Home & Kitchen,41,0,119.99,10,0
2025-04-07,SKU-HOME-302,Ceramic Non-Stick Cookware Set (10-Pc),Home & Kitchen,27,0,119.99,10,0
2025-04-08,SKU-HOME-302,Ceramic Non-Stick Cookware Set (10-Pc),Home & Kitchen,34,0,119.99,10,0
2025-04-09,SKU-HOME-302,Ceramic Non-Stick Cookware Set (10-Pc),Home & Kitchen,38,367,119.99,10,0
2025-04-10,SKU-HOME-302,Ceramic Non-Stick Cookware Set (10-Pc),Home & Kitchen,46,328,119.99,10,0
2025-04-11,SKU-HOME-302,Ceramic Non-Stick Cookware Set (10-Pc),Home & Kitchen,39,295,119.99,10,0
2025-04-12,SKU-HOME-302,Ceramic Non-Stick Cookware Set (10-Pc),Home & Kitchen,47,256,119.99,10,0
2025-04-13,SKU-HOME-302,Ceramic Non-Stick Cookware Set (10-Pc),Home & Kitchen,42,221,119.99,10,0
2025-04-14,SKU-HOME-302,Ceramic Non-Stick Cookware Set (10-Pc),Home & Kitchen,42,186,119.99,10,0
2025-04-15,SKU-HOME-302,Ceramic Non-Stick Cookware Set (10-Pc),Home & Kitchen,29,162,119.99,10,0
2025-04-16,SKU-HOME-302,Ceramic Non-Stick Cookware Set (10-Pc),Home & Kitchen,44,125,119.99,10,0
2025-04-17,SKU-HOME-302,Ceramic Non-Stick Cookware Set (10-Pc),Home & Kitchen,33,97,119.99,10,0
2025-04-18,SKU-HOME-302,Ceramic Non-Stick Cookware Set (10-Pc),Home & Kitchen,44,60,119.99,10,0
2025-04-19,SKU-HOME-302,Ceramic Non-Stick Cookware Set (10-Pc),Home & Kitchen,52,16,119.99,10,0
2025-04-20,SKU-HOME-302,Ceramic Non-Stick Cookware Set (10-Pc),Home & Kitchen,47,0,119.99,10,0
2025-04-21,SKU-HOME-302,Ceramic Non-Stick Cookware Set (10-Pc),Home & Kitchen,43,0,105.59,10,1
2025-04-22,SKU-HOME-302,Ceramic Non-Stick Cookware Set (10-Pc),Home & Kitchen,44,0,105.59,10,1
2025-04-23,SKU-HOME-302,Ceramic Non-Stick Cookware Set (10-Pc),Home & Kitchen,49,358,105.59,10,1
2025-04-24,SKU-HOME-302,Ceramic Non-Stick Cookware Set (10-Pc),Home & Kitchen,47,319,105.59,10,1
2025-04-25,SKU-HOME-302,Ceramic Non-Stick Cookware Set (10-Pc),Home & Kitchen,31,293,119.99,10,0
2025-04-26,SKU-HOME-302,Ceramic Non-Stick Cookware Set (10-Pc),Home & Kitchen,47,254,119.99,10,0
2025-04-27,SKU-HOME-302,Ceramic Non-Stick Cookware Set (10-Pc),Home & Kitchen,48,214,119.99,10,0
2025-04-28,SKU-HOME-302,Ceramic Non-Stick Cookware Set (10-Pc),Home & Kitchen,21,197,119.99,10,0
2025-04-29,SKU-HOME-302,Ceramic Non-Stick Cookware Set (10-Pc),Home & Kitchen,37,166,119.99,10,0
2025-04-30,SKU-HOME-302,Ceramic Non-Stick Cookware Set (10-Pc),Home & Kitchen,28,143,119.99,10,0
2025-05-01,SKU-HOME-302,Ceramic Non-Stick Cookware Set (10-Pc),Home & Kitchen,27,121,119.99,10,0
2025-05-02,SKU-HOME-302,Ceramic Non-Stick Cookware Set (10-Pc),Home & Kitchen,24,101,119.99,10,0
2025-05-03,SKU-HOME-302,Ceramic Non-Stick Cookware Set (10-Pc),Home & Kitchen,37,70,119.99,10,0
2025-05-04,SKU-HOME-302,Ceramic Non-Stick Cookware Set (10-Pc),Home & Kitchen,39,37,119.99,10,0
2025-05-05,SKU-HOME-302,Ceramic Non-Stick Cookware Set (10-Pc),Home & Kitchen,30,12,119.99,10,0
2025-05-06,SKU-HOME-302,Ceramic Non-Stick Cookware Set (10-Pc),Home & Kitchen,45,0,119.99,10,0
2025-05-07,SKU-HOME-302,Ceramic Non-Stick Cookware Set (10-Pc),Home & Kitchen,31,373,119.99,10,0
2025-05-08,SKU-HOME-302,Ceramic Non-Stick Cookware Set (10-Pc),Home & Kitchen,35,344,119.99,10,0
2025-05-09,SKU-HOME-302,Ceramic Non-Stick Cookware Set (10-Pc),Home & Kitchen,36,314,119.99,10,0
2025-05-10,SKU-HOME-302,Ceramic Non-Stick Cookware Set (10-Pc),Home & Kitchen,48,274,119.99,10,0
2025-05-11,SKU-HOME-302,Ceramic Non-Stick Cookware Set (10-Pc),Home & Kitchen,46,235,119.99,10,0
2025-05-12,SKU-HOME-302,Ceramic Non-Stick Cookware Set (10-Pc),Home & Kitchen,26,213,119.99,10,0
2025-05-13,SKU-HOME-302,Ceramic Non-Stick Cookware Set (10-Pc),Home & Kitchen,42,178,119.99,10,0
2025-05-14,SKU-HOME-302,Ceramic Non-Stick Cookware Set (10-Pc),Home & Kitchen,44,141,119.99,10,0
2025-05-15,SKU-HOME-302,Ceramic Non-Stick Cookware Set (10-Pc),Home & Kitchen,23,122,119.99,10,0
2025-05-16,SKU-HOME-302,Ceramic Non-Stick Cookware Set (10-Pc),Home & Kitchen,27,100,119.99,10,0
2025-05-17,SKU-HOME-302,Ceramic Non-Stick Cookware Set (10-Pc),Home & Kitchen,45,62,119.99,10,0
2025-05-18,SKU-HOME-302,Ceramic Non-Stick Cookware Set (10-Pc),Home & Kitchen,40,28,119.99,10,0
2025-05-19,SKU-HOME-302,Ceramic Non-Stick Cookware Set (10-Pc),Home & Kitchen,36,0,119.99,10,0
2025-05-20,SKU-HOME-302,Ceramic Non-Stick Cookware Set (10-Pc),Home & Kitchen,28,0,119.99,10,0
2025-05-21,SKU-HOME-302,Ceramic Non-Stick Cookware Set (10-Pc),Home & Kitchen,46,360,119.99,10,0
2025-05-22,SKU-HOME-302,Ceramic Non-Stick Cookware Set (10-Pc),Home & Kitchen,40,326,119.99,10,0
2025-05-23,SKU-HOME-302,Ceramic Non-Stick Cookware Set (10-Pc),Home & Kitchen,34,298,119.99,10,0
2025-05-24,SKU-HOME-302,Ceramic Non-Stick Cookware Set (10-Pc),Home & Kitchen,52,254,119.99,10,0
2025-05-25,SKU-HOME-302,Ceramic Non-Stick Cookware Set (10-Pc),Home & Kitchen,52,210,119.99,10,0
2025-05-26,SKU-HOME-302,Ceramic Non-Stick Cookware Set (10-Pc),Home & Kitchen,29,186,119.99,10,0
2025-05-27,SKU-HOME-302,Ceramic Non-Stick Cookware Set (10-Pc),Home & Kitchen,27,164,119.99,10,0
2025-05-28,SKU-HOME-302,Ceramic Non-Stick Cookware Set (10-Pc),Home & Kitchen,33,136,119.99,10,0
2025-05-29,SKU-HOME-302,Ceramic Non-Stick Cookware Set (10-Pc),Home & Kitchen,37,105,119.99,10,0
2025-05-30,SKU-HOME-302,Ceramic Non-Stick Cookware Set (10-Pc),Home & Kitchen,33,77,119.99,10,0
2025-05-31,SKU-HOME-302,Ceramic Non-Stick Cookware Set (10-Pc),Home & Kitchen,35,48,119.99,10,0
2025-06-01,SKU-HOME-302,Ceramic Non-Stick Cookware Set (10-Pc),Home & Kitchen,40,14,119.99,10,0
2025-06-02,SKU-HOME-302,Ceramic Non-Stick Cookware Set (10-Pc),Home & Kitchen,31,0,119.99,10,0
2025-06-03,SKU-HOME-302,Ceramic Non-Stick Cookware Set (10-Pc),Home & Kitchen,31,0,119.99,10,0
2025-06-04,SKU-HOME-302,Ceramic Non-Stick Cookware Set (10-Pc),Home & Kitchen,43,363,119.99,10,0
2025-06-05,SKU-HOME-302,Ceramic Non-Stick Cookware Set (10-Pc),Home & Kitchen,23,344,119.99,10,0
2025-06-06,SKU-HOME-302,Ceramic Non-Stick Cookware Set (10-Pc),Home & Kitchen,34,316,119.99,10,0
2025-06-07,SKU-HOME-302,Ceramic Non-Stick Cookware Set (10-Pc),Home & Kitchen,53,271,119.99,10,0
2025-06-08,SKU-HOME-302,Ceramic Non-Stick Cookware Set (10-Pc),Home & Kitchen,73,209,105.59,10,1
2025-06-09,SKU-HOME-302,Ceramic Non-Stick Cookware Set (10-Pc),Home & Kitchen,40,175,105.59,10,1
2025-06-10,SKU-HOME-302,Ceramic Non-Stick Cookware Set (10-Pc),Home & Kitchen,45,137,105.59,10,1
2025-06-11,SKU-HOME-302,Ceramic Non-Stick Cookware Set (10-Pc),Home & Kitchen,45,99,105.59,10,1
2025-06-12,SKU-HOME-302,Ceramic Non-Stick Cookware Set (10-Pc),Home & Kitchen,32,72,119.99,10,0
2025-06-13,SKU-HOME-302,Ceramic Non-Stick Cookware Set (10-Pc),Home & Kitchen,30,47,119.99,10,0
2025-06-14,SKU-HOME-302,Ceramic Non-Stick Cookware Set (10-Pc),Home & Kitchen,46,8,119.99,10,0
2025-06-15,SKU-HOME-302,Ceramic Non-Stick Cookware Set (10-Pc),Home & Kitchen,28,0,119.99,10,0
2025-06-16,SKU-HOME-302,Ceramic Non-Stick Cookware Set (10-Pc),Home & Kitchen,35,0,119.99,10,0
2025-06-17,SKU-HOME-302,Ceramic Non-Stick Cookware Set (10-Pc),Home & Kitchen,31,0,119.99,10,0
2025-06-18,SKU-HOME-302,Ceramic Non-Stick Cookware Set (10-Pc),Home & Kitchen,29,375,119.99,10,0
2025-06-19,SKU-HOME-302,Ceramic Non-Stick Cookware Set (10-Pc),Home & Kitchen,43,339,119.99,10,0
2025-06-20,SKU-HOME-302,Ceramic Non-Stick Cookware Set (10-Pc),Home & Kitchen,26,317,119.99,10,0
2025-06-21,SKU-HOME-302,Ceramic Non-Stick Cookware Set (10-Pc),Home & Kitchen,40,283,119.99,10,0
2025-06-22,SKU-HOME-302,Ceramic Non-Stick Cookware Set (10-Pc),Home & Kitchen,54,238,119.99,10,0
2025-06-23,SKU-HOME-302,Ceramic Non-Stick Cookware Set (10-Pc),Home & Kitchen,25,217,119.99,10,0
2025-06-24,SKU-HOME-302,Ceramic Non-Stick Cookware Set (10-Pc),Home & Kitchen,27,195,119.99,10,0
2025-06-25,SKU-HOME-302,Ceramic Non-Stick Cookware Set (10-Pc),Home & Kitchen,29,171,119.99,10,0
2025-06-26,SKU-HOME-302,Ceramic Non-Stick Cookware Set (10-Pc),Home & Kitchen,35,142,119.99,10,0
2025-06-27,SKU-HOME-302,Ceramic Non-Stick Cookware Set (10-Pc),Home & Kitchen,31,116,119.99,10,0
2025-06-28,SKU-HOME-302,Ceramic Non-Stick Cookware Set (10-Pc),Home & Kitchen,33,88,119.99,10,0
2025-06-29,SKU-HOME-302,Ceramic Non-Stick Cookware Set (10-Pc),Home & Kitchen,38,56,119.99,10,0
2025-06-30,SKU-HOME-302,Ceramic Non-Stick Cookware Set (10-Pc),Home & Kitchen,26,34,119.99,10,0
2025-07-01,SKU-HOME-302,Ceramic Non-Stick Cookware Set (10-Pc),Home & Kitchen,29,10,119.99,10,0
2025-07-02,SKU-HOME-302,Ceramic Non-Stick Cookware Set (10-Pc),Home & Kitchen,32,382,119.99,10,0
2025-07-03,SKU-HOME-302,Ceramic Non-Stick Cookware Set (10-Pc),Home & Kitchen,31,356,119.99,10,0
2025-07-04,SKU-HOME-302,Ceramic Non-Stick Cookware Set (10-Pc),Home & Kitchen,18,341,119.99,10,0
2025-07-05,SKU-HOME-302,Ceramic Non-Stick Cookware Set (10-Pc),Home & Kitchen,47,302,119.99,10,0
2025-07-06,SKU-HOME-302,Ceramic Non-Stick Cookware Set (10-Pc),Home & Kitchen,42,267,119.99,10,0
2025-07-07,SKU-HOME-302,Ceramic Non-Stick Cookware Set (10-Pc),Home & Kitchen,37,236,119.99,10,0
2025-07-08,SKU-HOME-302,Ceramic Non-Stick Cookware Set (10-Pc),Home & Kitchen,31,210,119.99,10,0
2025-07-09,SKU-HOME-302,Ceramic Non-Stick Cookware Set (10-Pc),Home & Kitchen,35,181,119.99,10,0
2025-07-10,SKU-HOME-302,Ceramic Non-Stick Cookware Set (10-Pc),Home & Kitchen,31,155,119.99,10,0
2025-07-11,SKU-HOME-302,Ceramic Non-Stick Cookware Set (10-Pc),Home & Kitchen,36,125,119.99,10,0
2025-07-12,SKU-HOME-302,Ceramic Non-Stick Cookware Set (10-Pc),Home & Kitchen,42,90,119.99,10,0
2025-07-13,SKU-HOME-302,Ceramic Non-Stick Cookware Set (10-Pc),Home & Kitchen,39,57,119.99,10,0
2025-07-14,SKU-HOME-302,Ceramic Non-Stick Cookware Set (10-Pc),Home & Kitchen,42,22,119.99,10,0
2025-07-15,SKU-HOME-302,Ceramic Non-Stick Cookware Set (10-Pc),Home & Kitchen,33,0,119.99,10,0
2025-07-16,SKU-HOME-302,Ceramic Non-Stick Cookware Set (10-Pc),Home & Kitchen,31,373,119.99,10,0
2025-07-17,SKU-HOME-302,Ceramic Non-Stick Cookware Set (10-Pc),Home & Kitchen,20,356,119.99,10,0
2025-07-18,SKU-HOME-302,Ceramic Non-Stick Cookware Set (10-Pc),Home & Kitchen,20,339,119.99,10,0
2025-07-19,SKU-HOME-302,Ceramic Non-Stick Cookware Set (10-Pc),Home & Kitchen,40,305,119.99,10,0
2025-07-20,SKU-HOME-302,Ceramic Non-Stick Cookware Set (10-Pc),Home & Kitchen,39,272,119.99,10,0
2025-07-21,SKU-HOME-302,Ceramic Non-Stick Cookware Set (10-Pc),Home & Kitchen,24,252,119.99,10,0
2025-07-22,SKU-HOME-302,Ceramic Non-Stick Cookware Set (10-Pc),Home & Kitchen,28,229,119.99,10,0
2025-07-23,SKU-HOME-302,Ceramic Non-Stick Cookware Set (10-Pc),Home & Kitchen,37,198,119.99,10,0
2025-07-24,SKU-HOME-302,Ceramic Non-Stick Cookware Set (10-Pc),Home & Kitchen,31,172,119.99,10,0
2025-07-25,SKU-HOME-302,Ceramic Non-Stick Cookware Set (10-Pc),Home & Kitchen,20,155,119.99,10,0
2025-07-26,SKU-HOME-302,Ceramic Non-Stick Cookware Set (10-Pc),Home & Kitchen,50,113,105.59,10,1
2025-07-27,SKU-HOME-302,Ceramic Non-Stick Cookware Set (10-Pc),Home & Kitchen,46,74,105.59,10,1
2025-07-28,SKU-HOME-302,Ceramic Non-Stick Cookware Set (10-Pc),Home & Kitchen,34,46,105.59,10,1
2025-07-29,SKU-HOME-302,Ceramic Non-Stick Cookware Set (10-Pc),Home & Kitchen,33,18,105.59,10,1
2025-07-30,SKU-HOME-302,Ceramic Non-Stick Cookware Set (10-Pc),Home & Kitchen,24,397,119.99,10,0
2025-07-31,SKU-HOME-302,Ceramic Non-Stick Cookware Set (10-Pc),Home & Kitchen,19,381,119.99,10,0
2025-08-01,SKU-HOME-302,Ceramic Non-Stick Cookware Set (10-Pc),Home & Kitchen,26,359,119.99,10,0
2025-08-02,SKU-HOME-302,Ceramic Non-Stick Cookware Set (10-Pc),Home & Kitchen,33,331,119.99,10,0
2025-08-03,SKU-HOME-302,Ceramic Non-Stick Cookware Set (10-Pc),Home & Kitchen,19,315,119.99,10,0
2025-08-04,SKU-HOME-302,Ceramic Non-Stick Cookware Set (10-Pc),Home & Kitchen,38,283,119.99,10,0
2025-08-05,SKU-HOME-302,Ceramic Non-Stick Cookware Set (10-Pc),Home & Kitchen,33,255,119.99,10,0
2025-08-06,SKU-HOME-302,Ceramic Non-Stick Cookware Set (10-Pc),Home & Kitchen,24,235,119.99,10,0
2025-08-07,SKU-HOME-302,Ceramic Non-Stick Cookware Set (10-Pc),Home & Kitchen,26,213,119.99,10,0
2025-08-08,SKU-HOME-302,Ceramic Non-Stick Cookware Set (10-Pc),Home & Kitchen,19,197,119.99,10,0
2025-08-09,SKU-HOME-302,Ceramic Non-Stick Cookware Set (10-Pc),Home & Kitchen,46,158,119.99,10,0
2025-08-10,SKU-HOME-302,Ceramic Non-Stick Cookware Set (10-Pc),Home & Kitchen,47,119,119.99,10,0
2025-08-11,SKU-HOME-302,Ceramic Non-Stick Cookware Set (10-Pc),Home & Kitchen,27,97,119.99,10,0
2025-08-12,SKU-HOME-302,Ceramic Non-Stick Cookware Set (10-Pc),Home & Kitchen,32,70,119.99,10,0
2025-08-13,SKU-HOME-302,Ceramic Non-Stick Cookware Set (10-Pc),Home & Kitchen,26,447,119.99,10,0
2025-08-14,SKU-HOME-302,Ceramic Non-Stick Cookware Set (10-Pc),Home & Kitchen,17,433,119.99,10,0
2025-08-15,SKU-HOME-302,Ceramic Non-Stick Cookware Set (10-Pc),Home & Kitchen,23,414,119.99,10,0
2025-08-16,SKU-HOME-302,Ceramic Non-Stick Cookware Set (10-Pc),Home & Kitchen,36,384,119.99,10,0
2025-08-17,SKU-HOME-302,Ceramic Non-Stick Cookware Set (10-Pc),Home & Kitchen,32,357,119.99,10,0
2025-08-18,SKU-HOME-302,Ceramic Non-Stick Cookware Set (10-Pc),Home & Kitchen,24,337,119.99,10,0
2025-08-19,SKU-HOME-302,Ceramic Non-Stick Cookware Set (10-Pc),Home & Kitchen,24,317,119.99,10,0
2025-08-20,SKU-HOME-302,Ceramic Non-Stick Cookware Set (10-Pc),Home & Kitchen,24,297,119.99,10,0
2025-08-21,SKU-HOME-302,Ceramic Non-Stick Cookware Set (10-Pc),Home & Kitchen,25,276,119.99,10,0
2025-08-22,SKU-HOME-302,Ceramic Non-Stick Cookware Set (10-Pc),Home & Kitchen,18,261,119.99,10,0
2025-08-23,SKU-HOME-302,Ceramic Non-Stick Cookware Set (10-Pc),Home & Kitchen,30,236,119.99,10,0
2025-08-24,SKU-HOME-302,Ceramic Non-Stick Cookware Set (10-Pc),Home & Kitchen,27,214,119.99,10,0
2025-08-25,SKU-HOME-302,Ceramic Non-Stick Cookware Set (10-Pc),Home & Kitchen,31,188,119.99,10,0
2025-08-26,SKU-HOME-302,Ceramic Non-Stick Cookware Set (10-Pc),Home & Kitchen,12,178,119.99,10,0
2025-08-27,SKU-HOME-302,Ceramic Non-Stick Cookware Set (10-Pc),Home & Kitchen,31,551,119.99,10,0
2025-08-28,SKU-HOME-302,Ceramic Non-Stick Cookware Set (10-Pc),Home & Kitchen,33,523,119.99,10,0
2025-08-29,SKU-HOME-302,Ceramic Non-Stick Cookware Set (10-Pc),Home & Kitchen,23,504,119.99,10,0
2025-08-30,SKU-HOME-302,Ceramic Non-Stick Cookware Set (10-Pc),Home & Kitchen,19,488,119.99,10,0
2025-08-31,SKU-HOME-302,Ceramic Non-Stick Cookware Set (10-Pc),Home & Kitchen,32,461,119.99,10,0
2025-09-01,SKU-HOME-302,Ceramic Non-Stick Cookware Set (10-Pc),Home & Kitchen,24,441,119.99,10,0
2025-09-02,SKU-HOME-302,Ceramic Non-Stick Cookware Set (10-Pc),Home & Kitchen,18,426,119.99,10,0
2025-09-03,SKU-HOME-302,Ceramic Non-Stick Cookware Set (10-Pc),Home & Kitchen,21,409,119.99,10,0
2025-09-04,SKU-HOME-302,Ceramic Non-Stick Cookware Set (10-Pc),Home & Kitchen,33,381,119.99,10,0
2025-09-05,SKU-HOME-302,Ceramic Non-Stick Cookware Set (10-Pc),Home & Kitchen,28,358,119.99,10,0
2025-09-06,SKU-HOME-302,Ceramic Non-Stick Cookware Set (10-Pc),Home & Kitchen,28,335,119.99,10,0
2025-09-07,SKU-HOME-302,Ceramic Non-Stick Cookware Set (10-Pc),Home & Kitchen,24,315,119.99,10,0
2025-09-08,SKU-HOME-302,Ceramic Non-Stick Cookware Set (10-Pc),Home & Kitchen,22,297,119.99,10,0
2025-09-09,SKU-HOME-302,Ceramic Non-Stick Cookware Set (10-Pc),Home & Kitchen,23,278,119.99,10,0
2025-09-10,SKU-HOME-302,Ceramic Non-Stick Cookware Set (10-Pc),Home & Kitchen,27,655,119.99,10,0
2025-09-11,SKU-HOME-302,Ceramic Non-Stick Cookware Set (10-Pc),Home & Kitchen,21,638,119.99,10,0
2025-09-12,SKU-HOME-302,Ceramic Non-Stick Cookware Set (10-Pc),Home & Kitchen,35,609,105.59,10,1
2025-09-13,SKU-HOME-302,Ceramic Non-Stick Cookware Set (10-Pc),Home & Kitchen,57,561,105.59,10,1
2025-09-14,SKU-HOME-302,Ceramic Non-Stick Cookware Set (10-Pc),Home & Kitchen,50,519,105.59,10,1
2025-09-15,SKU-HOME-302,Ceramic Non-Stick Cookware Set (10-Pc),Home & Kitchen,32,492,105.59,10,1
2025-09-16,SKU-HOME-302,Ceramic Non-Stick Cookware Set (10-Pc),Home & Kitchen,23,473,119.99,10,0
2025-09-17,SKU-HOME-302,Ceramic Non-Stick Cookware Set (10-Pc),Home & Kitchen,22,455,119.99,10,0
2025-09-18,SKU-HOME-302,Ceramic Non-Stick Cookware Set (10-Pc),Home & Kitchen,31,429,119.99,10,0
2025-09-19,SKU-HOME-302,Ceramic Non-Stick Cookware Set (10-Pc),Home & Kitchen,20,412,119.99,10,0
2025-09-20,SKU-HOME-302,Ceramic Non-Stick Cookware Set (10-Pc),Home & Kitchen,33,384,119.99,10,0
2025-09-21,SKU-HOME-302,Ceramic Non-Stick Cookware Set (10-Pc),Home & Kitchen,33,356,119.99,10,0
2025-09-22,SKU-HOME-302,Ceramic Non-Stick Cookware Set (10-Pc),Home & Kitchen,21,339,119.99,10,0
2025-09-23,SKU-HOME-302,Ceramic Non-Stick Cookware Set (10-Pc),Home & Kitchen,15,327,119.99,10,0
2025-09-24,SKU-HOME-302,Ceramic Non-Stick Cookware Set (10-Pc),Home & Kitchen,25,705,119.99,10,0
2025-09-25,SKU-HOME-302,Ceramic Non-Stick Cookware Set (10-Pc),Home & Kitchen,23,686,119.99,10,0
2025-09-26,SKU-HOME-302,Ceramic Non-Stick Cookware Set (10-Pc),Home & Kitchen,27,664,119.99,10,0
2025-09-27,SKU-HOME-302,Ceramic Non-Stick Cookware Set (10-Pc),Home & Kitchen,30,639,119.99,10,0
2025-09-28,SKU-HOME-302,Ceramic Non-Stick Cookware Set (10-Pc),Home & Kitchen,40,605,119.99,10,0
2025-09-29,SKU-HOME-302,Ceramic Non-Stick Cookware Set (10-Pc),Home & Kitchen,18,590,119.99,10,0
2025-09-30,SKU-HOME-302,Ceramic Non-Stick Cookware Set (10-Pc),Home & Kitchen,34,562,119.99,10,0
2025-10-01,SKU-HOME-302,Ceramic Non-Stick Cookware Set (10-Pc),Home & Kitchen,13,551,119.99,10,0
2025-10-02,SKU-HOME-302,Ceramic Non-Stick Cookware Set (10-Pc),Home & Kitchen,26,529,119.99,10,0
2025-10-03,SKU-HOME-302,Ceramic Non-Stick Cookware Set (10-Pc),Home & Kitchen,26,507,119.99,10,0
2025-10-04,SKU-HOME-302,Ceramic Non-Stick Cookware Set (10-Pc),Home & Kitchen,28,484,119.99,10,0
2025-10-05,SKU-HOME-302,Ceramic Non-Stick Cookware Set (10-Pc),Home & Kitchen,35,455,119.99,10,0
2025-10-06,SKU-HOME-302,Ceramic Non-Stick Cookware Set (10-Pc),Home & Kitchen,31,429,119.99,10,0
2025-10-07,SKU-HOME-302,Ceramic Non-Stick Cookware Set (10-Pc),Home & Kitchen,10,421,119.99,10,0
2025-10-08,SKU-HOME-302,Ceramic Non-Stick Cookware Set (10-Pc),Home & Kitchen,27,798,119.99,10,0
2025-10-09,SKU-HOME-302,Ceramic Non-Stick Cookware Set (10-Pc),Home & Kitchen,9,791,119.99,10,0
2025-10-10,SKU-HOME-302,Ceramic Non-Stick Cookware Set (10-Pc),Home & Kitchen,18,776,119.99,10,0
2025-10-11,SKU-HOME-302,Ceramic Non-Stick Cookware Set (10-Pc),Home & Kitchen,43,740,119.99,10,0
2025-10-12,SKU-HOME-302,Ceramic Non-Stick Cookware Set (10-Pc),Home & Kitchen,29,716,119.99,10,0
2025-10-13,SKU-HOME-302,Ceramic Non-Stick Cookware Set (10-Pc),Home & Kitchen,16,703,119.99,10,0
2025-10-14,SKU-HOME-302,Ceramic Non-Stick Cookware Set (10-Pc),Home & Kitchen,22,685,119.99,10,0
2025-10-15,SKU-HOME-302,Ceramic Non-Stick Cookware Set (10-Pc),Home & Kitchen,36,655,119.99,10,0
2025-10-16,SKU-HOME-302,Ceramic Non-Stick Cookware Set (10-Pc),Home & Kitchen,13,644,119.99,10,0
2025-10-17,SKU-HOME-302,Ceramic Non-Stick Cookware Set (10-Pc),Home & Kitchen,17,630,119.99,10,0
2025-10-18,SKU-HOME-302,Ceramic Non-Stick Cookware Set (10-Pc),Home & Kitchen,42,595,119.99,10,0
2025-10-19,SKU-HOME-302,Ceramic Non-Stick Cookware Set (10-Pc),Home & Kitchen,44,558,119.99,10,0
2025-10-20,SKU-HOME-302,Ceramic Non-Stick Cookware Set (10-Pc),Home & Kitchen,23,539,119.99,10,0
2025-10-21,SKU-HOME-302,Ceramic Non-Stick Cookware Set (10-Pc),Home & Kitchen,16,526,119.99,10,0
2025-10-22,SKU-HOME-302,Ceramic Non-Stick Cookware Set (10-Pc),Home & Kitchen,36,895,119.99,10,0
2025-10-23,SKU-HOME-302,Ceramic Non-Stick Cookware Set (10-Pc),Home & Kitchen,33,867,119.99,10,0
2025-10-24,SKU-HOME-302,Ceramic Non-Stick Cookware Set (10-Pc),Home & Kitchen,28,844,119.99,10,0
2025-10-25,SKU-HOME-302,Ceramic Non-Stick Cookware Set (10-Pc),Home & Kitchen,28,821,119.99,10,0
2025-10-26,SKU-HOME-302,Ceramic Non-Stick Cookware Set (10-Pc),Home & Kitchen,33,793,119.99,10,0
2025-10-27,SKU-HOME-302,Ceramic Non-Stick Cookware Set (10-Pc),Home & Kitchen,23,774,119.99,10,0
2025-10-28,SKU-HOME-302,Ceramic Non-Stick Cookware Set (10-Pc),Home & Kitchen,26,752,119.99,10,0
2025-10-29,SKU-HOME-302,Ceramic Non-Stick Cookware Set (10-Pc),Home & Kitchen,33,724,119.99,10,0
2025-10-30,SKU-HOME-302,Ceramic Non-Stick Cookware Set (10-Pc),Home & Kitchen,38,692,105.59,10,1
2025-10-31,SKU-HOME-302,Ceramic Non-Stick Cookware Set (10-Pc),Home & Kitchen,26,670,105.59,10,1
2025-11-01,SKU-HOME-302,Ceramic Non-Stick Cookware Set (10-Pc),Home & Kitchen,54,625,105.59,10,1
2025-11-02,SKU-HOME-302,Ceramic Non-Stick Cookware Set (10-Pc),Home & Kitchen,47,586,105.59,10,1
2025-11-03,SKU-HOME-302,Ceramic Non-Stick Cookware Set (10-Pc),Home & Kitchen,28,563,119.99,10,0
2025-11-04,SKU-HOME-302,Ceramic Non-Stick Cookware Set (10-Pc),Home & Kitchen,33,535,119.99,10,0
2025-11-05,SKU-HOME-302,Ceramic Non-Stick Cookware Set (10-Pc),Home & Kitchen,18,919,119.99,10,0
2025-11-06,SKU-HOME-302,Ceramic Non-Stick Cookware Set (10-Pc),Home & Kitchen,24,899,119.99,10,0
2025-11-07,SKU-HOME-302,Ceramic Non-Stick Cookware Set (10-Pc),Home & Kitchen,21,882,119.99,10,0
2025-11-08,SKU-HOME-302,Ceramic Non-Stick Cookware Set (10-Pc),Home & Kitchen,25,861,119.99,10,0
2025-11-09,SKU-HOME-302,Ceramic Non-Stick Cookware Set (10-Pc),Home & Kitchen,36,831,119.99,10,0
2025-11-10,SKU-HOME-302,Ceramic Non-Stick Cookware Set (10-Pc),Home & Kitchen,40,797,119.99,10,0
2025-11-11,SKU-HOME-302,Ceramic Non-Stick Cookware Set (10-Pc),Home & Kitchen,13,786,119.99,10,0
2025-11-12,SKU-HOME-302,Ceramic Non-Stick Cookware Set (10-Pc),Home & Kitchen,24,766,119.99,10,0
2025-11-13,SKU-HOME-302,Ceramic Non-Stick Cookware Set (10-Pc),Home & Kitchen,28,743,119.99,10,0
2025-11-14,SKU-HOME-302,Ceramic Non-Stick Cookware Set (10-Pc),Home & Kitchen,25,722,119.99,10,0
2025-11-15,SKU-HOME-302,Ceramic Non-Stick Cookware Set (10-Pc),Home & Kitchen,34,694,119.99,10,0
2025-11-16,SKU-HOME-302,Ceramic Non-Stick Cookware Set (10-Pc),Home & Kitchen,27,672,119.99,10,0
2025-11-17,SKU-HOME-302,Ceramic Non-Stick Cookware Set (10-Pc),Home & Kitchen,26,650,119.99,10,0
2025-11-18,SKU-HOME-302,Ceramic Non-Stick Cookware Set (10-Pc),Home & Kitchen,20,633,119.99,10,0
2025-11-19,SKU-HOME-302,Ceramic Non-Stick Cookware Set (10-Pc),Home & Kitchen,12,1022,119.99,10,0
2025-11-20,SKU-HOME-302,Ceramic Non-Stick Cookware Set (10-Pc),Home & Kitchen,32,995,119.99,10,0
2025-11-21,SKU-HOME-302,Ceramic Non-Stick Cookware Set (10-Pc),Home & Kitchen,31,969,119.99,10,0
2025-11-22,SKU-HOME-302,Ceramic Non-Stick Cookware Set (10-Pc),Home & Kitchen,36,939,119.99,10,0
2025-11-23,SKU-HOME-302,Ceramic Non-Stick Cookware Set (10-Pc),Home & Kitchen,37,908,119.99,10,0
2025-11-24,SKU-HOME-302,Ceramic Non-Stick Cookware Set (10-Pc),Home & Kitchen,32,881,119.99,10,0
2025-11-25,SKU-HOME-302,Ceramic Non-Stick Cookware Set (10-Pc),Home & Kitchen,27,859,119.99,10,0
2025-11-26,SKU-HOME-302,Ceramic Non-Stick Cookware Set (10-Pc),Home & Kitchen,31,833,119.99,10,0
2025-11-27,SKU-HOME-302,Ceramic Non-Stick Cookware Set (10-Pc),Home & Kitchen,24,813,119.99,10,0
2025-11-28,SKU-HOME-302,Ceramic Non-Stick Cookware Set (10-Pc),Home & Kitchen,33,785,119.99,10,0
2025-11-29,SKU-HOME-302,Ceramic Non-Stick Cookware Set (10-Pc),Home & Kitchen,38,753,119.99,10,0
2025-11-30,SKU-HOME-302,Ceramic Non-Stick Cookware Set (10-Pc),Home & Kitchen,37,722,119.99,10,0
2025-12-01,SKU-HOME-302,Ceramic Non-Stick Cookware Set (10-Pc),Home & Kitchen,18,707,119.99,10,0
2025-12-02,SKU-HOME-302,Ceramic Non-Stick Cookware Set (10-Pc),Home & Kitchen,28,684,119.99,10,0
2025-12-03,SKU-HOME-302,Ceramic Non-Stick Cookware Set (10-Pc),Home & Kitchen,21,1066,119.99,10,0
2025-12-04,SKU-HOME-302,Ceramic Non-Stick Cookware Set (10-Pc),Home & Kitchen,22,1048,119.99,10,0
2025-12-05,SKU-HOME-302,Ceramic Non-Stick Cookware Set (10-Pc),Home & Kitchen,21,1031,119.99,10,0
2025-12-06,SKU-HOME-302,Ceramic Non-Stick Cookware Set (10-Pc),Home & Kitchen,30,1006,119.99,10,0
2025-12-07,SKU-HOME-302,Ceramic Non-Stick Cookware Set (10-Pc),Home & Kitchen,49,965,119.99,10,0
2025-12-08,SKU-HOME-302,Ceramic Non-Stick Cookware Set (10-Pc),Home & Kitchen,34,937,119.99,10,0
2025-12-09,SKU-HOME-302,Ceramic Non-Stick Cookware Set (10-Pc),Home & Kitchen,38,905,119.99,10,0
2025-12-10,SKU-HOME-302,Ceramic Non-Stick Cookware Set (10-Pc),Home & Kitchen,19,889,119.99,10,0
2025-12-11,SKU-HOME-302,Ceramic Non-Stick Cookware Set (10-Pc),Home & Kitchen,27,867,119.99,10,0
2025-12-12,SKU-HOME-302,Ceramic Non-Stick Cookware Set (10-Pc),Home & Kitchen,19,851,119.99,10,0
2025-12-13,SKU-HOME-302,Ceramic Non-Stick Cookware Set (10-Pc),Home & Kitchen,33,823,119.99,10,0
2025-12-14,SKU-HOME-302,Ceramic Non-Stick Cookware Set (10-Pc),Home & Kitchen,32,796,119.99,10,0
2025-12-15,SKU-HOME-302,Ceramic Non-Stick Cookware Set (10-Pc),Home & Kitchen,34,768,119.99,10,0
2025-12-16,SKU-HOME-302,Ceramic Non-Stick Cookware Set (10-Pc),Home & Kitchen,25,747,119.99,10,0
2025-12-17,SKU-HOME-302,Ceramic Non-Stick Cookware Set (10-Pc),Home & Kitchen,43,1110,105.59,10,1
2025-12-18,SKU-HOME-302,Ceramic Non-Stick Cookware Set (10-Pc),Home & Kitchen,40,1076,105.59,10,1
2025-12-19,SKU-HOME-302,Ceramic Non-Stick Cookware Set (10-Pc),Home & Kitchen,51,1033,105.59,10,1
2025-12-20,SKU-HOME-302,Ceramic Non-Stick Cookware Set (10-Pc),Home & Kitchen,43,997,105.59,10,1
2025-12-21,SKU-HOME-302,Ceramic Non-Stick Cookware Set (10-Pc),Home & Kitchen,46,958,119.99,10,0
2025-12-22,SKU-HOME-302,Ceramic Non-Stick Cookware Set (10-Pc),Home & Kitchen,34,930,119.99,10,0
2025-12-23,SKU-HOME-302,Ceramic Non-Stick Cookware Set (10-Pc),Home & Kitchen,22,912,119.99,10,0
2025-12-24,SKU-HOME-302,Ceramic Non-Stick Cookware Set (10-Pc),Home & Kitchen,34,884,119.99,10,0
2025-12-25,SKU-HOME-302,Ceramic Non-Stick Cookware Set (10-Pc),Home & Kitchen,30,859,119.99,10,0
2025-12-26,SKU-HOME-302,Ceramic Non-Stick Cookware Set (10-Pc),Home & Kitchen,26,837,119.99,10,0
2025-12-27,SKU-HOME-302,Ceramic Non-Stick Cookware Set (10-Pc),Home & Kitchen,34,809,119.99,10,0
2025-12-28,SKU-HOME-302,Ceramic Non-Stick Cookware Set (10-Pc),Home & Kitchen,35,780,119.99,10,0
2025-12-29,SKU-HOME-302,Ceramic Non-Stick Cookware Set (10-Pc),Home & Kitchen,40,746,119.99,10,0
2025-12-30,SKU-HOME-302,Ceramic Non-Stick Cookware Set (10-Pc),Home & Kitchen,28,723,119.99,10,0
2025-12-31,SKU-HOME-302,Ceramic Non-Stick Cookware Set (10-Pc),Home & Kitchen,33,1094,119.99,10,0
2026-01-01,SKU-HOME-302,Ceramic Non-Stick Cookware Set (10-Pc),Home & Kitchen,24,1074,119.99,10,0
2026-01-02,SKU-HOME-302,Ceramic Non-Stick Cookware Set (10-Pc),Home & Kitchen,24,1054,119.99,10,0
2026-01-03,SKU-HOME-302,Ceramic Non-Stick Cookware Set (10-Pc),Home & Kitchen,46,1015,119.99,10,0
2026-01-04,SKU-HOME-302,Ceramic Non-Stick Cookware Set (10-Pc),Home & Kitchen,32,988,119.99,10,0
2026-01-05,SKU-HOME-302,Ceramic Non-Stick Cookware Set (10-Pc),Home & Kitchen,26,966,119.99,10,0
2026-01-06,SKU-HOME-302,Ceramic Non-Stick Cookware Set (10-Pc),Home & Kitchen,29,942,119.99,10,0
2026-01-07,SKU-HOME-302,Ceramic Non-Stick Cookware Set (10-Pc),Home & Kitchen,29,918,119.99,10,0
2026-01-08,SKU-HOME-302,Ceramic Non-Stick Cookware Set (10-Pc),Home & Kitchen,28,895,119.99,10,0
2026-01-09,SKU-HOME-302,Ceramic Non-Stick Cookware Set (10-Pc),Home & Kitchen,31,869,119.99,10,0
2026-01-10,SKU-HOME-302,Ceramic Non-Stick Cookware Set (10-Pc),Home & Kitchen,45,831,119.99,10,0
2026-01-11,SKU-HOME-302,Ceramic Non-Stick Cookware Set (10-Pc),Home & Kitchen,45,793,119.99,10,0
2026-01-12,SKU-HOME-302,Ceramic Non-Stick Cookware Set (10-Pc),Home & Kitchen,23,774,119.99,10,0
2026-01-13,SKU-HOME-302,Ceramic Non-Stick Cookware Set (10-Pc),Home & Kitchen,28,751,119.99,10,0
2026-01-14,SKU-HOME-302,Ceramic Non-Stick Cookware Set (10-Pc),Home & Kitchen,36,1120,119.99,10,0
2026-01-15,SKU-HOME-302,Ceramic Non-Stick Cookware Set (10-Pc),Home & Kitchen,35,1091,119.99,10,0
2026-01-16,SKU-HOME-302,Ceramic Non-Stick Cookware Set (10-Pc),Home & Kitchen,21,1074,119.99,10,0
2026-01-17,SKU-HOME-302,Ceramic Non-Stick Cookware Set (10-Pc),Home & Kitchen,43,1038,119.99,10,0
2026-01-18,SKU-HOME-302,Ceramic Non-Stick Cookware Set (10-Pc),Home & Kitchen,30,1013,119.99,10,0
2026-01-19,SKU-HOME-302,Ceramic Non-Stick Cookware Set (10-Pc),Home & Kitchen,30,988,119.99,10,0
2026-01-20,SKU-HOME-302,Ceramic Non-Stick Cookware Set (10-Pc),Home & Kitchen,41,954,119.99,10,0
2026-01-21,SKU-HOME-302,Ceramic Non-Stick Cookware Set (10-Pc),Home & Kitchen,24,934,119.99,10,0
2026-01-22,SKU-HOME-302,Ceramic Non-Stick Cookware Set (10-Pc),Home & Kitchen,25,913,119.99,10,0
2026-01-23,SKU-HOME-302,Ceramic Non-Stick Cookware Set (10-Pc),Home & Kitchen,35,884,119.99,10,0
2026-01-24,SKU-HOME-302,Ceramic Non-Stick Cookware Set (10-Pc),Home & Kitchen,33,856,119.99,10,0
2026-01-25,SKU-HOME-302,Ceramic Non-Stick Cookware Set (10-Pc),Home & Kitchen,38,824,119.99,10,0
2026-01-26,SKU-HOME-302,Ceramic Non-Stick Cookware Set (10-Pc),Home & Kitchen,34,796,119.99,10,0
2026-01-27,SKU-HOME-302,Ceramic Non-Stick Cookware Set (10-Pc),Home & Kitchen,27,774,119.99,10,0
2026-01-28,SKU-HOME-302,Ceramic Non-Stick Cookware Set (10-Pc),Home & Kitchen,29,1149,119.99,10,0
2026-01-29,SKU-HOME-302,Ceramic Non-Stick Cookware Set (10-Pc),Home & Kitchen,35,1120,119.99,10,0
2026-01-30,SKU-HOME-302,Ceramic Non-Stick Cookware Set (10-Pc),Home & Kitchen,33,1092,119.99,10,0
2026-01-31,SKU-HOME-302,Ceramic Non-Stick Cookware Set (10-Pc),Home & Kitchen,44,1055,119.99,10,0
2026-02-01,SKU-HOME-302,Ceramic Non-Stick Cookware Set (10-Pc),Home & Kitchen,41,1021,119.99,10,0
2026-02-02,SKU-HOME-302,Ceramic Non-Stick Cookware Set (10-Pc),Home & Kitchen,33,993,119.99,10,0
2026-02-03,SKU-HOME-302,Ceramic Non-Stick Cookware Set (10-Pc),Home & Kitchen,41,959,105.59,10,1
2026-02-04,SKU-HOME-302,Ceramic Non-Stick Cookware Set (10-Pc),Home & Kitchen,44,922,105.59,10,1
2026-02-05,SKU-HOME-302,Ceramic Non-Stick Cookware Set (10-Pc),Home & Kitchen,39,889,105.59,10,1
2026-02-06,SKU-HOME-302,Ceramic Non-Stick Cookware Set (10-Pc),Home & Kitchen,41,855,105.59,10,1
2026-02-07,SKU-HOME-302,Ceramic Non-Stick Cookware Set (10-Pc),Home & Kitchen,38,823,119.99,10,0
2026-02-08,SKU-HOME-302,Ceramic Non-Stick Cookware Set (10-Pc),Home & Kitchen,43,787,119.99,10,0
2026-02-09,SKU-HOME-302,Ceramic Non-Stick Cookware Set (10-Pc),Home & Kitchen,26,765,119.99,10,0
2026-02-10,SKU-HOME-302,Ceramic Non-Stick Cookware Set (10-Pc),Home & Kitchen,25,744,119.99,10,0
2026-02-11,SKU-HOME-302,Ceramic Non-Stick Cookware Set (10-Pc),Home & Kitchen,33,1115,119.99,10,0
2026-02-12,SKU-HOME-302,Ceramic Non-Stick Cookware Set (10-Pc),Home & Kitchen,33,1087,119.99,10,0
2026-02-13,SKU-HOME-302,Ceramic Non-Stick Cookware Set (10-Pc),Home & Kitchen,36,1057,119.99,10,0
2026-02-14,SKU-HOME-302,Ceramic Non-Stick Cookware Set (10-Pc),Home & Kitchen,41,1023,119.99,10,0
2026-02-15,SKU-HOME-302,Ceramic Non-Stick Cookware Set (10-Pc),Home & Kitchen,47,984,119.99,10,0
2026-02-16,SKU-HOME-302,Ceramic Non-Stick Cookware Set (10-Pc),Home & Kitchen,35,955,119.99,10,0
2026-02-17,SKU-HOME-302,Ceramic Non-Stick Cookware Set (10-Pc),Home & Kitchen,34,927,119.99,10,0
2026-02-18,SKU-HOME-302,Ceramic Non-Stick Cookware Set (10-Pc),Home & Kitchen,27,905,119.99,10,0
2026-02-19,SKU-HOME-302,Ceramic Non-Stick Cookware Set (10-Pc),Home & Kitchen,33,877,119.99,10,0
2026-02-20,SKU-HOME-302,Ceramic Non-Stick Cookware Set (10-Pc),Home & Kitchen,34,849,119.99,10,0
2026-02-21,SKU-HOME-302,Ceramic Non-Stick Cookware Set (10-Pc),Home & Kitchen,45,811,119.99,10,0
2026-02-22,SKU-HOME-302,Ceramic Non-Stick Cookware Set (10-Pc),Home & Kitchen,32,784,119.99,10,0
2026-02-23,SKU-HOME-302,Ceramic Non-Stick Cookware Set (10-Pc),Home & Kitchen,33,756,119.99,10,0
2026-02-24,SKU-HOME-302,Ceramic Non-Stick Cookware Set (10-Pc),Home & Kitchen,45,718,119.99,10,0
2026-02-25,SKU-HOME-302,Ceramic Non-Stick Cookware Set (10-Pc),Home & Kitchen,30,1092,119.99,10,0
2026-02-26,SKU-HOME-302,Ceramic Non-Stick Cookware Set (10-Pc),Home & Kitchen,28,1069,119.99,10,0
2026-02-27,SKU-HOME-302,Ceramic Non-Stick Cookware Set (10-Pc),Home & Kitchen,34,1041,119.99,10,0
2026-02-28,SKU-HOME-302,Ceramic Non-Stick Cookware Set (10-Pc),Home & Kitchen,47,1002,119.99,10,0
2026-03-01,SKU-HOME-302,Ceramic Non-Stick Cookware Set (10-Pc),Home & Kitchen,52,958,119.99,10,0
2026-03-02,SKU-HOME-302,Ceramic Non-Stick Cookware Set (10-Pc),Home & Kitchen,25,937,119.99,10,0
2026-03-03,SKU-HOME-302,Ceramic Non-Stick Cookware Set (10-Pc),Home & Kitchen,37,906,119.99,10,0
2026-03-04,SKU-HOME-302,Ceramic Non-Stick Cookware Set (10-Pc),Home & Kitchen,36,876,119.99,10,0
2026-03-05,SKU-HOME-302,Ceramic Non-Stick Cookware Set (10-Pc),Home & Kitchen,31,850,119.99,10,0
2026-03-06,SKU-HOME-302,Ceramic Non-Stick Cookware Set (10-Pc),Home & Kitchen,34,822,119.99,10,0
2026-03-07,SKU-HOME-302,Ceramic Non-Stick Cookware Set (10-Pc),Home & Kitchen,52,778,119.99,10,0
2026-03-08,SKU-HOME-302,Ceramic Non-Stick Cookware Set (10-Pc),Home & Kitchen,51,735,119.99,10,0
2026-03-09,SKU-HOME-302,Ceramic Non-Stick Cookware Set (10-Pc),Home & Kitchen,26,713,119.99,10,0
2026-03-10,SKU-HOME-302,Ceramic Non-Stick Cookware Set (10-Pc),Home & Kitchen,37,682,119.99,10,0
2026-03-11,SKU-HOME-302,Ceramic Non-Stick Cookware Set (10-Pc),Home & Kitchen,32,1054,119.99,10,0
2026-03-12,SKU-HOME-302,Ceramic Non-Stick Cookware Set (10-Pc),Home & Kitchen,33,1026,119.99,10,0
2026-03-13,SKU-HOME-302,Ceramic Non-Stick Cookware Set (10-Pc),Home & Kitchen,33,998,119.99,10,0
2026-03-14,SKU-HOME-302,Ceramic Non-Stick Cookware Set (10-Pc),Home & Kitchen,45,960,119.99,10,0
2026-03-15,SKU-HOME-302,Ceramic Non-Stick Cookware Set (10-Pc),Home & Kitchen,53,915,119.99,10,0
2026-03-16,SKU-HOME-302,Ceramic Non-Stick Cookware Set (10-Pc),Home & Kitchen,32,888,119.99,10,0
2026-03-17,SKU-HOME-302,Ceramic Non-Stick Cookware Set (10-Pc),Home & Kitchen,26,866,119.99,10,0
2026-03-18,SKU-HOME-302,Ceramic Non-Stick Cookware Set (10-Pc),Home & Kitchen,30,841,119.99,10,0
2026-03-19,SKU-HOME-302,Ceramic Non-Stick Cookware Set (10-Pc),Home & Kitchen,34,813,119.99,10,0
2026-03-20,SKU-HOME-302,Ceramic Non-Stick Cookware Set (10-Pc),Home & Kitchen,40,779,119.99,10,0
2026-03-21,SKU-HOME-302,Ceramic Non-Stick Cookware Set (10-Pc),Home & Kitchen,49,738,119.99,10,0
2026-03-22,SKU-HOME-302,Ceramic Non-Stick Cookware Set (10-Pc),Home & Kitchen,41,704,119.99,10,0
2026-03-23,SKU-HOME-302,Ceramic Non-Stick Cookware Set (10-Pc),Home & Kitchen,59,654,105.59,10,1
2026-03-24,SKU-HOME-302,Ceramic Non-Stick Cookware Set (10-Pc),Home & Kitchen,46,615,105.59,10,1
2026-03-25,SKU-HOME-302,Ceramic Non-Stick Cookware Set (10-Pc),Home & Kitchen,52,970,105.59,10,1
2026-03-26,SKU-HOME-302,Ceramic Non-Stick Cookware Set (10-Pc),Home & Kitchen,43,934,105.59,10,1
2026-03-27,SKU-HOME-302,Ceramic Non-Stick Cookware Set (10-Pc),Home & Kitchen,36,904,119.99,10,0
2026-03-28,SKU-HOME-302,Ceramic Non-Stick Cookware Set (10-Pc),Home & Kitchen,51,861,119.99,10,0
2026-03-29,SKU-HOME-302,Ceramic Non-Stick Cookware Set (10-Pc),Home & Kitchen,53,816,119.99,10,0
2026-03-30,SKU-HOME-302,Ceramic Non-Stick Cookware Set (10-Pc),Home & Kitchen,39,783,119.99,10,0
2026-03-31,SKU-HOME-302,Ceramic Non-Stick Cookware Set (10-Pc),Home & Kitchen,38,751,119.99,10,0
2026-04-01,SKU-HOME-302,Ceramic Non-Stick Cookware Set (10-Pc),Home & Kitchen,31,725,119.99,10,0
2026-04-02,SKU-HOME-302,Ceramic Non-Stick Cookware Set (10-Pc),Home & Kitchen,29,701,119.99,10,0
2026-04-03,SKU-HOME-302,Ceramic Non-Stick Cookware Set (10-Pc),Home & Kitchen,35,672,119.99,10,0
2026-04-04,SKU-HOME-302,Ceramic Non-Stick Cookware Set (10-Pc),Home & Kitchen,51,629,119.99,10,0
2026-04-05,SKU-HOME-302,Ceramic Non-Stick Cookware Set (10-Pc),Home & Kitchen,44,592,119.99,10,0
2026-04-06,SKU-HOME-302,Ceramic Non-Stick Cookware Set (10-Pc),Home & Kitchen,39,559,119.99,10,0
2026-04-07,SKU-HOME-302,Ceramic Non-Stick Cookware Set (10-Pc),Home & Kitchen,41,525,119.99,10,0
2026-04-08,SKU-HOME-302,Ceramic Non-Stick Cookware Set (10-Pc),Home & Kitchen,27,902,119.99,10,0
2026-04-09,SKU-HOME-302,Ceramic Non-Stick Cookware Set (10-Pc),Home & Kitchen,28,879,119.99,10,0
2026-04-10,SKU-HOME-302,Ceramic Non-Stick Cookware Set (10-Pc),Home & Kitchen,32,852,119.99,10,0
2026-04-11,SKU-HOME-302,Ceramic Non-Stick Cookware Set (10-Pc),Home & Kitchen,47,813,119.99,10,0
2026-04-12,SKU-HOME-302,Ceramic Non-Stick Cookware Set (10-Pc),Home & Kitchen,42,778,119.99,10,0
2026-04-13,SKU-HOME-302,Ceramic Non-Stick Cookware Set (10-Pc),Home & Kitchen,41,744,119.99,10,0
2026-04-14,SKU-HOME-302,Ceramic Non-Stick Cookware Set (10-Pc),Home & Kitchen,35,715,119.99,10,0
2026-04-15,SKU-HOME-302,Ceramic Non-Stick Cookware Set (10-Pc),Home & Kitchen,33,687,119.99,10,0
2026-04-16,SKU-HOME-302,Ceramic Non-Stick Cookware Set (10-Pc),Home & Kitchen,24,667,119.99,10,0
2026-04-17,SKU-HOME-302,Ceramic Non-Stick Cookware Set (10-Pc),Home & Kitchen,25,646,119.99,10,0
2026-04-18,SKU-HOME-302,Ceramic Non-Stick Cookware Set (10-Pc),Home & Kitchen,47,607,119.99,10,0
2026-04-19,SKU-HOME-302,Ceramic Non-Stick Cookware Set (10-Pc),Home & Kitchen,33,579,119.99,10,0
2026-04-20,SKU-HOME-302,Ceramic Non-Stick Cookware Set (10-Pc),Home & Kitchen,38,547,119.99,10,0
2026-04-21,SKU-HOME-302,Ceramic Non-Stick Cookware Set (10-Pc),Home & Kitchen,31,521,119.99,10,0
2026-04-22,SKU-HOME-302,Ceramic Non-Stick Cookware Set (10-Pc),Home & Kitchen,52,876,119.99,10,0
2026-04-23,SKU-HOME-302,Ceramic Non-Stick Cookware Set (10-Pc),Home & Kitchen,46,837,119.99,10,0
2026-04-24,SKU-HOME-302,Ceramic Non-Stick Cookware Set (10-Pc),Home & Kitchen,31,811,119.99,10,0
2026-04-25,SKU-HOME-302,Ceramic Non-Stick Cookware Set (10-Pc),Home & Kitchen,44,774,119.99,10,0
2026-04-26,SKU-HOME-302,Ceramic Non-Stick Cookware Set (10-Pc),Home & Kitchen,51,731,119.99,10,0
2026-04-27,SKU-HOME-302,Ceramic Non-Stick Cookware Set (10-Pc),Home & Kitchen,42,696,119.99,10,0
2026-04-28,SKU-HOME-302,Ceramic Non-Stick Cookware Set (10-Pc),Home & Kitchen,22,678,119.99,10,0
2026-04-29,SKU-HOME-302,Ceramic Non-Stick Cookware Set (10-Pc),Home & Kitchen,21,661,119.99,10,0
2026-04-30,SKU-HOME-302,Ceramic Non-Stick Cookware Set (10-Pc),Home & Kitchen,28,638,119.99,10,0
2026-05-01,SKU-HOME-302,Ceramic Non-Stick Cookware Set (10-Pc),Home & Kitchen,35,609,119.99,10,0
2026-05-02,SKU-HOME-302,Ceramic Non-Stick Cookware Set (10-Pc),Home & Kitchen,48,569,119.99,10,0
2026-05-03,SKU-HOME-302,Ceramic Non-Stick Cookware Set (10-Pc),Home & Kitchen,51,526,119.99,10,0
2026-05-04,SKU-HOME-302,Ceramic Non-Stick Cookware Set (10-Pc),Home & Kitchen,25,505,119.99,10,0
2026-05-05,SKU-HOME-302,Ceramic Non-Stick Cookware Set (10-Pc),Home & Kitchen,18,490,119.99,10,0
2026-05-06,SKU-HOME-302,Ceramic Non-Stick Cookware Set (10-Pc),Home & Kitchen,37,858,119.99,10,0
2026-05-07,SKU-HOME-302,Ceramic Non-Stick Cookware Set (10-Pc),Home & Kitchen,27,836,119.99,10,0
2026-05-08,SKU-HOME-302,Ceramic Non-Stick Cookware Set (10-Pc),Home & Kitchen,19,820,119.99,10,0
2026-05-09,SKU-HOME-302,Ceramic Non-Stick Cookware Set (10-Pc),Home & Kitchen,45,782,119.99,10,0
2026-05-10,SKU-HOME-302,Ceramic Non-Stick Cookware Set (10-Pc),Home & Kitchen,64,728,105.59,10,1
2026-05-11,SKU-HOME-302,Ceramic Non-Stick Cookware Set (10-Pc),Home & Kitchen,42,693,105.59,10,1
2026-05-12,SKU-HOME-302,Ceramic Non-Stick Cookware Set (10-Pc),Home & Kitchen,40,659,105.59,10,1
2026-05-13,SKU-HOME-302,Ceramic Non-Stick Cookware Set (10-Pc),Home & Kitchen,41,625,105.59,10,1
2026-05-14,SKU-HOME-302,Ceramic Non-Stick Cookware Set (10-Pc),Home & Kitchen,29,601,119.99,10,0
2026-05-15,SKU-HOME-302,Ceramic Non-Stick Cookware Set (10-Pc),Home & Kitchen,23,582,119.99,10,0
2026-05-16,SKU-HOME-302,Ceramic Non-Stick Cookware Set (10-Pc),Home & Kitchen,39,549,119.99,10,0
2026-05-17,SKU-HOME-302,Ceramic Non-Stick Cookware Set (10-Pc),Home & Kitchen,47,510,119.99,10,0
2026-05-18,SKU-HOME-302,Ceramic Non-Stick Cookware Set (10-Pc),Home & Kitchen,33,482,119.99,10,0
2026-05-19,SKU-HOME-302,Ceramic Non-Stick Cookware Set (10-Pc),Home & Kitchen,32,455,119.99,10,0
2026-05-20,SKU-HOME-302,Ceramic Non-Stick Cookware Set (10-Pc),Home & Kitchen,25,833,119.99,10,0
2026-05-21,SKU-HOME-302,Ceramic Non-Stick Cookware Set (10-Pc),Home & Kitchen,30,808,119.99,10,0
2026-05-22,SKU-HOME-302,Ceramic Non-Stick Cookware Set (10-Pc),Home & Kitchen,18,793,119.99,10,0
2026-05-23,SKU-HOME-302,Ceramic Non-Stick Cookware Set (10-Pc),Home & Kitchen,44,756,119.99,10,0
2026-05-24,SKU-HOME-302,Ceramic Non-Stick Cookware Set (10-Pc),Home & Kitchen,51,713,119.99,10,0
2026-05-25,SKU-HOME-302,Ceramic Non-Stick Cookware Set (10-Pc),Home & Kitchen,22,695,119.99,10,0
2026-05-26,SKU-HOME-302,Ceramic Non-Stick Cookware Set (10-Pc),Home & Kitchen,27,673,119.99,10,0
2026-05-27,SKU-HOME-302,Ceramic Non-Stick Cookware Set (10-Pc),Home & Kitchen,32,646,119.99,10,0
2026-05-28,SKU-HOME-302,Ceramic Non-Stick Cookware Set (10-Pc),Home & Kitchen,38,614,119.99,10,0
2026-05-29,SKU-HOME-302,Ceramic Non-Stick Cookware Set (10-Pc),Home & Kitchen,27,592,119.99,10,0
2026-05-30,SKU-HOME-302,Ceramic Non-Stick Cookware Set (10-Pc),Home & Kitchen,38,560,119.99,10,0
2026-05-31,SKU-HOME-302,Ceramic Non-Stick Cookware Set (10-Pc),Home & Kitchen,30,535,119.99,10,0
2026-06-01,SKU-HOME-302,Ceramic Non-Stick Cookware Set (10-Pc),Home & Kitchen,31,509,119.99,10,0
2026-06-02,SKU-HOME-302,Ceramic Non-Stick Cookware Set (10-Pc),Home & Kitchen,42,474,119.99,10,0
2026-06-03,SKU-HOME-302,Ceramic Non-Stick Cookware Set (10-Pc),Home & Kitchen,31,847,119.99,10,0
2026-06-04,SKU-HOME-302,Ceramic Non-Stick Cookware Set (10-Pc),Home & Kitchen,30,822,119.99,10,0
2026-06-05,SKU-HOME-302,Ceramic Non-Stick Cookware Set (10-Pc),Home & Kitchen,32,795,119.99,10,0
2026-06-06,SKU-HOME-302,Ceramic Non-Stick Cookware Set (10-Pc),Home & Kitchen,41,761,119.99,10,0
2026-06-07,SKU-HOME-302,Ceramic Non-Stick Cookware Set (10-Pc),Home & Kitchen,36,731,119.99,10,0
2026-06-08,SKU-HOME-302,Ceramic Non-Stick Cookware Set (10-Pc),Home & Kitchen,34,703,119.99,10,0
2026-06-09,SKU-HOME-302,Ceramic Non-Stick Cookware Set (10-Pc),Home & Kitchen,31,677,119.99,10,0
2026-06-10,SKU-HOME-302,Ceramic Non-Stick Cookware Set (10-Pc),Home & Kitchen,29,653,119.99,10,0
2026-06-11,SKU-HOME-302,Ceramic Non-Stick Cookware Set (10-Pc),Home & Kitchen,23,634,119.99,10,0
2026-06-12,SKU-HOME-302,Ceramic Non-Stick Cookware Set (10-Pc),Home & Kitchen,37,603,119.99,10,0
2026-06-13,SKU-HOME-302,Ceramic Non-Stick Cookware Set (10-Pc),Home & Kitchen,44,566,119.99,10,0
2026-06-14,SKU-HOME-302,Ceramic Non-Stick Cookware Set (10-Pc),Home & Kitchen,37,535,119.99,10,0
2026-06-15,SKU-HOME-302,Ceramic Non-Stick Cookware Set (10-Pc),Home & Kitchen,35,506,119.99,10,0
2026-06-16,SKU-HOME-302,Ceramic Non-Stick Cookware Set (10-Pc),Home & Kitchen,26,484,119.99,10,0
2026-06-17,SKU-HOME-302,Ceramic Non-Stick Cookware Set (10-Pc),Home & Kitchen,24,863,119.99,10,0
2026-06-18,SKU-HOME-302,Ceramic Non-Stick Cookware Set (10-Pc),Home & Kitchen,24,843,119.99,10,0
2026-06-19,SKU-HOME-302,Ceramic Non-Stick Cookware Set (10-Pc),Home & Kitchen,18,828,119.99,10,0
2026-06-20,SKU-HOME-302,Ceramic Non-Stick Cookware Set (10-Pc),Home & Kitchen,42,793,119.99,10,0
2026-06-21,SKU-HOME-302,Ceramic Non-Stick Cookware Set (10-Pc),Home & Kitchen,29,769,119.99,10,0
2026-06-22,SKU-HOME-302,Ceramic Non-Stick Cookware Set (10-Pc),Home & Kitchen,21,752,119.99,10,0
2026-06-23,SKU-HOME-302,Ceramic Non-Stick Cookware Set (10-Pc),Home & Kitchen,16,739,119.99,10,0
2026-06-24,SKU-HOME-302,Ceramic Non-Stick Cookware Set (10-Pc),Home & Kitchen,27,717,119.99,10,0
2025-01-01,SKU-HLTH-401,Sonic Electric Toothbrush Elite,Health & Personal Care,54,135,69.95,6,0
2025-01-02,SKU-HLTH-401,Sonic Electric Toothbrush Elite,Health & Personal Care,52,91,69.95,6,0
2025-01-03,SKU-HLTH-401,Sonic Electric Toothbrush Elite,Health & Personal Care,46,52,69.95,6,0
2025-01-04,SKU-HLTH-401,Sonic Electric Toothbrush Elite,Health & Personal Care,56,5,69.95,6,0
2025-01-05,SKU-HLTH-401,Sonic Electric Toothbrush Elite,Health & Personal Care,71,0,69.95,6,0
2025-01-06,SKU-HLTH-401,Sonic Electric Toothbrush Elite,Health & Personal Care,51,0,69.95,6,0
2025-01-07,SKU-HLTH-401,Sonic Electric Toothbrush Elite,Health & Personal Care,59,0,69.95,6,0
2025-01-08,SKU-HLTH-401,Sonic Electric Toothbrush Elite,Health & Personal Care,49,0,69.95,6,0
2025-01-09,SKU-HLTH-401,Sonic Electric Toothbrush Elite,Health & Personal Care,58,0,69.95,6,0
2025-01-10,SKU-HLTH-401,Sonic Electric Toothbrush Elite,Health & Personal Care,69,0,69.95,6,0
2025-01-11,SKU-HLTH-401,Sonic Electric Toothbrush Elite,Health & Personal Care,74,460,69.95,6,0
2025-01-12,SKU-HLTH-401,Sonic Electric Toothbrush Elite,Health & Personal Care,65,405,69.95,6,0
2025-01-13,SKU-HLTH-401,Sonic Electric Toothbrush Elite,Health & Personal Care,60,354,69.95,6,0
2025-01-14,SKU-HLTH-401,Sonic Electric Toothbrush Elite,Health & Personal Care,56,307,69.95,6,0
2025-01-15,SKU-HLTH-401,Sonic Electric Toothbrush Elite,Health & Personal Care,78,241,61.56,6,1
2025-01-16,SKU-HLTH-401,Sonic Electric Toothbrush Elite,Health & Personal Care,76,177,61.56,6,1
2025-01-17,SKU-HLTH-401,Sonic Electric Toothbrush Elite,Health & Personal Care,77,112,61.56,6,1
2025-01-18,SKU-HLTH-401,Sonic Electric Toothbrush Elite,Health & Personal Care,97,30,61.56,6,1
2025-01-19,SKU-HLTH-401,Sonic Electric Toothbrush Elite,Health & Personal Care,62,0,69.95,6,0
2025-01-20,SKU-HLTH-401,Sonic Electric Toothbrush Elite,Health & Personal Care,50,0,69.95,6,0
2025-01-21,SKU-HLTH-401,Sonic Electric Toothbrush Elite,Health & Personal Care,47,483,69.95,6,0
2025-01-22,SKU-HLTH-401,Sonic Electric Toothbrush Elite,Health & Personal Care,45,445,69.95,6,0
2025-01-23,SKU-HLTH-401,Sonic Electric Toothbrush Elite,Health & Personal Care,49,404,69.95,6,0
2025-01-24,SKU-HLTH-401,Sonic Electric Toothbrush Elite,Health & Personal Care,61,353,69.95,6,0
2025-01-25,SKU-HLTH-401,Sonic Electric Toothbrush Elite,Health & Personal Care,64,299,69.95,6,0
2025-01-26,SKU-HLTH-401,Sonic Electric Toothbrush Elite,Health & Personal Care,77,234,69.95,6,0
2025-01-27,SKU-HLTH-401,Sonic Electric Toothbrush Elite,Health & Personal Care,61,183,69.95,6,0
2025-01-28,SKU-HLTH-401,Sonic Electric Toothbrush Elite,Health & Personal Care,43,147,69.95,6,0
2025-01-29,SKU-HLTH-401,Sonic Electric Toothbrush Elite,Health & Personal Care,67,91,69.95,6,0
2025-01-30,SKU-HLTH-401,Sonic Electric Toothbrush Elite,Health & Personal Care,68,34,69.95,6,0
2025-01-31,SKU-HLTH-401,Sonic Electric Toothbrush Elite,Health & Personal Care,52,512,69.95,6,0
2025-02-01,SKU-HLTH-401,Sonic Electric Toothbrush Elite,Health & Personal Care,77,447,69.95,6,0
2025-02-02,SKU-HLTH-401,Sonic Electric Toothbrush Elite,Health & Personal Care,66,391,69.95,6,0
2025-02-03,SKU-HLTH-401,Sonic Electric Toothbrush Elite,Health & Personal Care,62,339,69.95,6,0
2025-02-04,SKU-HLTH-401,Sonic Electric Toothbrush Elite,Health & Personal Care,50,297,69.95,6,0
2025-02-05,SKU-HLTH-401,Sonic Electric Toothbrush Elite,Health & Personal Care,46,258,69.95,6,0
2025-02-06,SKU-HLTH-401,Sonic Electric Toothbrush Elite,Health & Personal Care,59,208,69.95,6,0
2025-02-07,SKU-HLTH-401,Sonic Electric Toothbrush Elite,Health & Personal Care,61,157,69.95,6,0
2025-02-08,SKU-HLTH-401,Sonic Electric Toothbrush Elite,Health & Personal Care,71,97,69.95,6,0
2025-02-09,SKU-HLTH-401,Sonic Electric Toothbrush Elite,Health & Personal Care,64,43,69.95,6,0
2025-02-10,SKU-HLTH-401,Sonic Electric Toothbrush Elite,Health & Personal Care,59,515,69.95,6,0
2025-02-11,SKU-HLTH-401,Sonic Electric Toothbrush Elite,Health & Personal Care,65,460,69.95,6,0
2025-02-12,SKU-HLTH-401,Sonic Electric Toothbrush Elite,Health & Personal Care,63,407,69.95,6,0
2025-02-13,SKU-HLTH-401,Sonic Electric Toothbrush Elite,Health & Personal Care,65,352,69.95,6,0
2025-02-14,SKU-HLTH-401,Sonic Electric Toothbrush Elite,Health & Personal Care,57,304,69.95,6,0
2025-02-15,SKU-HLTH-401,Sonic Electric Toothbrush Elite,Health & Personal Care,87,231,69.95,6,0
2025-02-16,SKU-HLTH-401,Sonic Electric Toothbrush Elite,Health & Personal Care,66,175,69.95,6,0
2025-02-17,SKU-HLTH-401,Sonic Electric Toothbrush Elite,Health & Personal Care,68,118,69.95,6,0
2025-02-18,SKU-HLTH-401,Sonic Electric Toothbrush Elite,Health & Personal Care,75,55,69.95,6,0
2025-02-19,SKU-HLTH-401,Sonic Electric Toothbrush Elite,Health & Personal Care,69,0,69.95,6,0
2025-02-20,SKU-HLTH-401,Sonic Electric Toothbrush Elite,Health & Personal Care,62,470,69.95,6,0
2025-02-21,SKU-HLTH-401,Sonic Electric Toothbrush Elite,Health & Personal Care,60,419,69.95,6,0
2025-02-22,SKU-HLTH-401,Sonic Electric Toothbrush Elite,Health & Personal Care,87,346,69.95,6,0
2025-02-23,SKU-HLTH-401,Sonic Electric Toothbrush Elite,Health & Personal Care,65,291,69.95,6,0
2025-02-24,SKU-HLTH-401,Sonic Electric Toothbrush Elite,Health & Personal Care,56,244,69.95,6,0
2025-02-25,SKU-HLTH-401,Sonic Electric Toothbrush Elite,Health & Personal Care,61,193,69.95,6,0
2025-02-26,SKU-HLTH-401,Sonic Electric Toothbrush Elite,Health & Personal Care,76,129,69.95,6,0
2025-02-27,SKU-HLTH-401,Sonic Electric Toothbrush Elite,Health & Personal Care,69,71,69.95,6,0
2025-02-28,SKU-HLTH-401,Sonic Electric Toothbrush Elite,Health & Personal Care,57,23,69.95,6,0
2025-03-01,SKU-HLTH-401,Sonic Electric Toothbrush Elite,Health & Personal Care,76,0,69.95,6,0
2025-03-02,SKU-HLTH-401,Sonic Electric Toothbrush Elite,Health & Personal Care,73,460,69.95,6,0
2025-03-03,SKU-HLTH-401,Sonic Electric Toothbrush Elite,Health & Personal Care,59,410,69.95,6,0
2025-03-04,SKU-HLTH-401,Sonic Electric Toothbrush Elite,Health & Personal Care,98,327,61.56,6,1
2025-03-05,SKU-HLTH-401,Sonic Electric Toothbrush Elite,Health & Personal Care,77,262,61.56,6,1
2025-03-06,SKU-HLTH-401,Sonic Electric Toothbrush Elite,Health & Personal Care,104,174,61.56,6,1
2025-03-07,SKU-HLTH-401,Sonic Electric Toothbrush Elite,Health & Personal Care,97,92,61.56,6,1
2025-03-08,SKU-HLTH-401,Sonic Electric Toothbrush Elite,Health & Personal Care,89,17,69.95,6,0
2025-03-09,SKU-HLTH-401,Sonic Electric Toothbrush Elite,Health & Personal Care,76,0,69.95,6,0
2025-03-10,SKU-HLTH-401,Sonic Electric Toothbrush Elite,Health & Personal Care,65,0,69.95,6,0
2025-03-11,SKU-HLTH-401,Sonic Electric Toothbrush Elite,Health & Personal Care,54,0,69.95,6,0
2025-03-12,SKU-HLTH-401,Sonic Electric Toothbrush Elite,Health & Personal Care,62,470,69.95,6,0
2025-03-13,SKU-HLTH-401,Sonic Electric Toothbrush Elite,Health & Personal Care,71,410,69.95,6,0
2025-03-14,SKU-HLTH-401,Sonic Electric Toothbrush Elite,Health & Personal Care,79,343,69.95,6,0
2025-03-15,SKU-HLTH-401,Sonic Electric Toothbrush Elite,Health & Personal Care,70,284,69.95,6,0
2025-03-16,SKU-HLTH-401,Sonic Electric Toothbrush Elite,Health & Personal Care,77,219,69.95,6,0
2025-03-17,SKU-HLTH-401,Sonic Electric Toothbrush Elite,Health & Personal Care,66,163,69.95,6,0
2025-03-18,SKU-HLTH-401,Sonic Electric Toothbrush Elite,Health & Personal Care,55,117,69.95,6,0
2025-03-19,SKU-HLTH-401,Sonic Electric Toothbrush Elite,Health & Personal Care,73,55,69.95,6,0
2025-03-20,SKU-HLTH-401,Sonic Electric Toothbrush Elite,Health & Personal Care,61,4,69.95,6,0
2025-03-21,SKU-HLTH-401,Sonic Electric Toothbrush Elite,Health & Personal Care,66,0,69.95,6,0
2025-03-22,SKU-HLTH-401,Sonic Electric Toothbrush Elite,Health & Personal Care,77,457,69.95,6,0
2025-03-23,SKU-HLTH-401,Sonic Electric Toothbrush Elite,Health & Personal Care,74,395,69.95,6,0
2025-03-24,SKU-HLTH-401,Sonic Electric Toothbrush Elite,Health & Personal Care,68,338,69.95,6,0
2025-03-25,SKU-HLTH-401,Sonic Electric Toothbrush Elite,Health & Personal Care,66,282,69.95,6,0
2025-03-26,SKU-HLTH-401,Sonic Electric Toothbrush Elite,Health & Personal Care,64,228,69.95,6,0
2025-03-27,SKU-HLTH-401,Sonic Electric Toothbrush Elite,Health & Personal Care,61,177,69.95,6,0
2025-03-28,SKU-HLTH-401,Sonic Electric Toothbrush Elite,Health & Personal Care,71,117,69.95,6,0
2025-03-29,SKU-HLTH-401,Sonic Electric Toothbrush Elite,Health & Personal Care,96,36,69.95,6,0
2025-03-30,SKU-HLTH-401,Sonic Electric Toothbrush Elite,Health & Personal Care,83,0,69.95,6,0
2025-03-31,SKU-HLTH-401,Sonic Electric Toothbrush Elite,Health & Personal Care,77,0,69.95,6,0
2025-04-01,SKU-HLTH-401,Sonic Electric Toothbrush Elite,Health & Personal Care,56,475,69.95,6,0
2025-04-02,SKU-HLTH-401,Sonic Electric Toothbrush Elite,Health & Personal Care,70,416,69.95,6,0
2025-04-03,SKU-HLTH-401,Sonic Electric Toothbrush Elite,Health & Personal Care,58,367,69.95,6,0
2025-04-04,SKU-HLTH-401,Sonic Electric Toothbrush Elite,Health & Personal Care,55,321,69.95,6,0
2025-04-05,SKU-HLTH-401,Sonic Electric Toothbrush Elite,Health & Personal Care,75,258,69.95,6,0
2025-04-06,SKU-HLTH-401,Sonic Electric Toothbrush Elite,Health & Personal Care,93,179,69.95,6,0
2025-04-07,SKU-HLTH-401,Sonic Electric Toothbrush Elite,Health & Personal Care,77,114,69.95,6,0
2025-04-08,SKU-HLTH-401,Sonic Electric Toothbrush Elite,Health & Personal Care,70,55,69.95,6,0
2025-04-09,SKU-HLTH-401,Sonic Electric Toothbrush Elite,Health & Personal Care,54,10,69.95,6,0
2025-04-10,SKU-HLTH-401,Sonic Electric Toothbrush Elite,Health & Personal Care,67,0,69.95,6,0
2025-04-11,SKU-HLTH-401,Sonic Electric Toothbrush Elite,Health & Personal Care,71,462,69.95,6,0
2025-04-12,SKU-HLTH-401,Sonic Electric Toothbrush Elite,Health & Personal Care,84,391,69.95,6,0
2025-04-13,SKU-HLTH-401,Sonic Electric Toothbrush Elite,Health & Personal Care,65,336,69.95,6,0
2025-04-14,SKU-HLTH-401,Sonic Electric Toothbrush Elite,Health & Personal Care,60,285,69.95,6,0
2025-04-15,SKU-HLTH-401,Sonic Electric Toothbrush Elite,Health & Personal Care,68,228,69.95,6,0
2025-04-16,SKU-HLTH-401,Sonic Electric Toothbrush Elite,Health & Personal Care,73,166,69.95,6,0
2025-04-17,SKU-HLTH-401,Sonic Electric Toothbrush Elite,Health & Personal Care,49,125,69.95,6,0
2025-04-18,SKU-HLTH-401,Sonic Electric Toothbrush Elite,Health & Personal Care,67,69,69.95,6,0
2025-04-19,SKU-HLTH-401,Sonic Electric Toothbrush Elite,Health & Personal Care,83,0,69.95,6,0
2025-04-20,SKU-HLTH-401,Sonic Electric Toothbrush Elite,Health & Personal Care,90,0,69.95,6,0
2025-04-21,SKU-HLTH-401,Sonic Electric Toothbrush Elite,Health & Personal Care,98,439,61.56,6,1
2025-04-22,SKU-HLTH-401,Sonic Electric Toothbrush Elite,Health & Personal Care,97,357,61.56,6,1
2025-04-23,SKU-HLTH-401,Sonic Electric Toothbrush Elite,Health & Personal Care,85,285,61.56,6,1
2025-04-24,SKU-HLTH-401,Sonic Electric Toothbrush Elite,Health & Personal Care,75,222,61.56,6,1
2025-04-25,SKU-HLTH-401,Sonic Electric Toothbrush Elite,Health & Personal Care,65,167,69.95,6,0
2025-04-26,SKU-HLTH-401,Sonic Electric Toothbrush Elite,Health & Personal Care,91,90,69.95,6,0
2025-04-27,SKU-HLTH-401,Sonic Electric Toothbrush Elite,Health & Personal Care,94,11,69.95,6,0
2025-04-28,SKU-HLTH-401,Sonic Electric Toothbrush Elite,Health & Personal Care,74,0,69.95,6,0
2025-04-29,SKU-HLTH-401,Sonic Electric Toothbrush Elite,Health & Personal Care,72,0,69.95,6,0
2025-04-30,SKU-HLTH-401,Sonic Electric Toothbrush Elite,Health & Personal Care,71,0,69.95,6,0
2025-05-01,SKU-HLTH-401,Sonic Electric Toothbrush Elite,Health & Personal Care,63,469,69.95,6,0
2025-05-02,SKU-HLTH-401,Sonic Electric Toothbrush Elite,Health & Personal Care,67,413,69.95,6,0
2025-05-03,SKU-HLTH-401,Sonic Electric Toothbrush Elite,Health & Personal Care,96,332,69.95,6,0
2025-05-04,SKU-HLTH-401,Sonic Electric Toothbrush Elite,Health & Personal Care,73,270,69.95,6,0
2025-05-05,SKU-HLTH-401,Sonic Electric Toothbrush Elite,Health & Personal Care,82,201,69.95,6,0
2025-05-06,SKU-HLTH-401,Sonic Electric Toothbrush Elite,Health & Personal Care,65,146,69.95,6,0
2025-05-07,SKU-HLTH-401,Sonic Electric Toothbrush Elite,Health & Personal Care,79,79,69.95,6,0
2025-05-08,SKU-HLTH-401,Sonic Electric Toothbrush Elite,Health & Personal Care,55,33,69.95,6,0
2025-05-09,SKU-HLTH-401,Sonic Electric Toothbrush Elite,Health & Personal Care,73,0,69.95,6,0
2025-05-10,SKU-HLTH-401,Sonic Electric Toothbrush Elite,Health & Personal Care,74,0,69.95,6,0
2025-05-11,SKU-HLTH-401,Sonic Electric Toothbrush Elite,Health & Personal Care,68,465,69.95,6,0
2025-05-12,SKU-HLTH-401,Sonic Electric Toothbrush Elite,Health & Personal Care,69,407,69.95,6,0
2025-05-13,SKU-HLTH-401,Sonic Electric Toothbrush Elite,Health & Personal Care,76,343,69.95,6,0
2025-05-14,SKU-HLTH-401,Sonic Electric Toothbrush Elite,Health & Personal Care,59,293,69.95,6,0
2025-05-15,SKU-HLTH-401,Sonic Electric Toothbrush Elite,Health & Personal Care,53,248,69.95,6,0
2025-05-16,SKU-HLTH-401,Sonic Electric Toothbrush Elite,Health & Personal Care,66,192,69.95,6,0
2025-05-17,SKU-HLTH-401,Sonic Electric Toothbrush Elite,Health & Personal Care,79,125,69.95,6,0
2025-05-18,SKU-HLTH-401,Sonic Electric Toothbrush Elite,Health & Personal Care,85,53,69.95,6,0
2025-05-19,SKU-HLTH-401,Sonic Electric Toothbrush Elite,Health & Personal Care,75,0,69.95,6,0
2025-05-20,SKU-HLTH-401,Sonic Electric Toothbrush Elite,Health & Personal Care,66,0,69.95,6,0
2025-05-21,SKU-HLTH-401,Sonic Electric Toothbrush Elite,Health & Personal Care,83,452,69.95,6,0
2025-05-22,SKU-HLTH-401,Sonic Electric Toothbrush Elite,Health & Personal Care,68,395,69.95,6,0
2025-05-23,SKU-HLTH-401,Sonic Electric Toothbrush Elite,Health & Personal Care,63,342,69.95,6,0
2025-05-24,SKU-HLTH-401,Sonic Electric Toothbrush Elite,Health & Personal Care,65,287,69.95,6,0
2025-05-25,SKU-HLTH-401,Sonic Electric Toothbrush Elite,Health & Personal Care,77,222,69.95,6,0
2025-05-26,SKU-HLTH-401,Sonic Electric Toothbrush Elite,Health & Personal Care,63,169,69.95,6,0
2025-05-27,SKU-HLTH-401,Sonic Electric Toothbrush Elite,Health & Personal Care,74,107,69.95,6,0
2025-05-28,SKU-HLTH-401,Sonic Electric Toothbrush Elite,Health & Personal Care,70,48,69.95,6,0
2025-05-29,SKU-HLTH-401,Sonic Electric Toothbrush Elite,Health & Personal Care,55,2,69.95,6,0
2025-05-30,SKU-HLTH-401,Sonic Electric Toothbrush Elite,Health & Personal Care,67,0,69.95,6,0
2025-05-31,SKU-HLTH-401,Sonic Electric Toothbrush Elite,Health & Personal Care,84,451,69.95,6,0
2025-06-01,SKU-HLTH-401,Sonic Electric Toothbrush Elite,Health & Personal Care,92,373,69.95,6,0
2025-06-02,SKU-HLTH-401,Sonic Electric Toothbrush Elite,Health & Personal Care,73,311,69.95,6,0
2025-06-03,SKU-HLTH-401,Sonic Electric Toothbrush Elite,Health & Personal Care,72,250,69.95,6,0
2025-06-04,SKU-HLTH-401,Sonic Electric Toothbrush Elite,Health & Personal Care,65,195,69.95,6,0
2025-06-05,SKU-HLTH-401,Sonic Electric Toothbrush Elite,Health & Personal Care,68,138,69.95,6,0
2025-06-06,SKU-HLTH-401,Sonic Electric Toothbrush Elite,Health & Personal Care,76,74,69.95,6,0
2025-06-07,SKU-HLTH-401,Sonic Electric Toothbrush Elite,Health & Personal Care,65,19,69.95,6,0
2025-06-08,SKU-HLTH-401,Sonic Electric Toothbrush Elite,Health & Personal Care,101,0,61.56,6,1
2025-06-09,SKU-HLTH-401,Sonic Electric Toothbrush Elite,Health & Personal Care,79,0,61.56,6,1
2025-06-10,SKU-HLTH-401,Sonic Electric Toothbrush Elite,Health & Personal Care,89,447,61.56,6,1
2025-06-11,SKU-HLTH-401,Sonic Electric Toothbrush Elite,Health & Personal Care,97,365,61.56,6,1
2025-06-12,SKU-HLTH-401,Sonic Electric Toothbrush Elite,Health & Personal Care,58,316,69.95,6,0
2025-06-13,SKU-HLTH-401,Sonic Electric Toothbrush Elite,Health & Personal Care,42,281,69.95,6,0
2025-06-14,SKU-HLTH-401,Sonic Electric Toothbrush Elite,Health & Personal Care,72,220,69.95,6,0
2025-06-15,SKU-HLTH-401,Sonic Electric Toothbrush Elite,Health & Personal Care,84,149,69.95,6,0
2025-06-16,SKU-HLTH-401,Sonic Electric Toothbrush Elite,Health & Personal Care,68,92,69.95,6,0
2025-06-17,SKU-HLTH-401,Sonic Electric Toothbrush Elite,Health & Personal Care,67,36,69.95,6,0
2025-06-18,SKU-HLTH-401,Sonic Electric Toothbrush Elite,Health & Personal Care,60,0,69.95,6,0
2025-06-19,SKU-HLTH-401,Sonic Electric Toothbrush Elite,Health & Personal Care,51,0,69.95,6,0
2025-06-20,SKU-HLTH-401,Sonic Electric Toothbrush Elite,Health & Personal Care,67,466,69.95,6,0
2025-06-21,SKU-HLTH-401,Sonic Electric Toothbrush Elite,Health & Personal Care,67,410,69.95,6,0
2025-06-22,SKU-HLTH-401,Sonic Electric Toothbrush Elite,Health & Personal Care,94,331,69.95,6,0
2025-06-23,SKU-HLTH-401,Sonic Electric Toothbrush Elite,Health & Personal Care,67,275,69.95,6,0
2025-06-24,SKU-HLTH-401,Sonic Electric Toothbrush Elite,Health & Personal Care,56,228,69.95,6,0
2025-06-25,SKU-HLTH-401,Sonic Electric Toothbrush Elite,Health & Personal Care,56,181,69.95,6,0
2025-06-26,SKU-HLTH-401,Sonic Electric Toothbrush Elite,Health & Personal Care,60,130,69.95,6,0
2025-06-27,SKU-HLTH-401,Sonic Electric Toothbrush Elite,Health & Personal Care,59,80,69.95,6,0
2025-06-28,SKU-HLTH-401,Sonic Electric Toothbrush Elite,Health & Personal Care,83,10,69.95,6,0
2025-06-29,SKU-HLTH-401,Sonic Electric Toothbrush Elite,Health & Personal Care,75,0,69.95,6,0
2025-06-30,SKU-HLTH-401,Sonic Electric Toothbrush Elite,Health & Personal Care,54,477,69.95,6,0
2025-07-01,SKU-HLTH-401,Sonic Electric Toothbrush Elite,Health & Personal Care,78,411,69.95,6,0
2025-07-02,SKU-HLTH-401,Sonic Electric Toothbrush Elite,Health & Personal Care,61,360,69.95,6,0
2025-07-03,SKU-HLTH-401,Sonic Electric Toothbrush Elite,Health & Personal Care,67,304,69.95,6,0
2025-07-04,SKU-HLTH-401,Sonic Electric Toothbrush Elite,Health & Personal Care,55,258,69.95,6,0
2025-07-05,SKU-HLTH-401,Sonic Electric Toothbrush Elite,Health & Personal Care,75,195,69.95,6,0
2025-07-06,SKU-HLTH-401,Sonic Electric Toothbrush Elite,Health & Personal Care,75,132,69.95,6,0
2025-07-07,SKU-HLTH-401,Sonic Electric Toothbrush Elite,Health & Personal Care,43,96,69.95,6,0
2025-07-08,SKU-HLTH-401,Sonic Electric Toothbrush Elite,Health & Personal Care,78,30,69.95,6,0
2025-07-09,SKU-HLTH-401,Sonic Electric Toothbrush Elite,Health & Personal Care,71,0,69.95,6,0
2025-07-10,SKU-HLTH-401,Sonic Electric Toothbrush Elite,Health & Personal Care,56,475,69.95,6,0
2025-07-11,SKU-HLTH-401,Sonic Electric Toothbrush Elite,Health & Personal Care,49,434,69.95,6,0
2025-07-12,SKU-HLTH-401,Sonic Electric Toothbrush Elite,Health & Personal Care,74,372,69.95,6,0
2025-07-13,SKU-HLTH-401,Sonic Electric Toothbrush Elite,Health & Personal Care,71,312,69.95,6,0
2025-07-14,SKU-HLTH-401,Sonic Electric Toothbrush Elite,Health & Personal Care,62,260,69.95,6,0
2025-07-15,SKU-HLTH-401,Sonic Electric Toothbrush Elite,Health & Personal Care,60,209,69.95,6,0
2025-07-16,SKU-HLTH-401,Sonic Electric Toothbrush Elite,Health & Personal Care,63,156,69.95,6,0
2025-07-17,SKU-HLTH-401,Sonic Electric Toothbrush Elite,Health & Personal Care,71,96,69.95,6,0
2025-07-18,SKU-HLTH-401,Sonic Electric Toothbrush Elite,Health & Personal Care,63,43,69.95,6,0
2025-07-19,SKU-HLTH-401,Sonic Electric Toothbrush Elite,Health & Personal Care,60,0,69.95,6,0
2025-07-20,SKU-HLTH-401,Sonic Electric Toothbrush Elite,Health & Personal Care,81,454,69.95,6,0
2025-07-21,SKU-HLTH-401,Sonic Electric Toothbrush Elite,Health & Personal Care,72,393,69.95,6,0
2025-07-22,SKU-HLTH-401,Sonic Electric Toothbrush Elite,Health & Personal Care,86,320,69.95,6,0
2025-07-23,SKU-HLTH-401,Sonic Electric Toothbrush Elite,Health & Personal Care,47,281,69.95,6,0
2025-07-24,SKU-HLTH-401,Sonic Electric Toothbrush Elite,Health & Personal Care,59,231,69.95,6,0
2025-07-25,SKU-HLTH-401,Sonic Electric Toothbrush Elite,Health & Personal Care,38,199,69.95,6,0
2025-07-26,SKU-HLTH-401,Sonic Electric Toothbrush Elite,Health & Personal Care,97,117,61.56,6,1
2025-07-27,SKU-HLTH-401,Sonic Electric Toothbrush Elite,Health & Personal Care,87,44,61.56,6,1
2025-07-28,SKU-HLTH-401,Sonic Electric Toothbrush Elite,Health & Personal Care,93,0,61.56,6,1
2025-07-29,SKU-HLTH-401,Sonic Electric Toothbrush Elite,Health & Personal Care,69,0,61.56,6,1
2025-07-30,SKU-HLTH-401,Sonic Electric Toothbrush Elite,Health & Personal Care,41,488,69.95,6,0
2025-07-31,SKU-HLTH-401,Sonic Electric Toothbrush Elite,Health & Personal Care,52,444,69.95,6,0
2025-08-01,SKU-HLTH-401,Sonic Electric Toothbrush Elite,Health & Personal Care,38,412,69.95,6,0
2025-08-02,SKU-HLTH-401,Sonic Electric Toothbrush Elite,Health & Personal Care,74,350,69.95,6,0
2025-08-03,SKU-HLTH-401,Sonic Electric Toothbrush Elite,Health & Personal Care,48,310,69.95,6,0
2025-08-04,SKU-HLTH-401,Sonic Electric Toothbrush Elite,Health & Personal Care,56,263,69.95,6,0
2025-08-05,SKU-HLTH-401,Sonic Electric Toothbrush Elite,Health & Personal Care,37,232,69.95,6,0
2025-08-06,SKU-HLTH-401,Sonic Electric Toothbrush Elite,Health & Personal Care,52,188,69.95,6,0
2025-08-07,SKU-HLTH-401,Sonic Electric Toothbrush Elite,Health & Personal Care,70,129,69.95,6,0
2025-08-08,SKU-HLTH-401,Sonic Electric Toothbrush Elite,Health & Personal Care,58,80,69.95,6,0
2025-08-09,SKU-HLTH-401,Sonic Electric Toothbrush Elite,Health & Personal Care,58,553,69.95,6,0
2025-08-10,SKU-HLTH-401,Sonic Electric Toothbrush Elite,Health & Personal Care,65,498,69.95,6,0
2025-08-11,SKU-HLTH-401,Sonic Electric Toothbrush Elite,Health & Personal Care,55,452,69.95,6,0
2025-08-12,SKU-HLTH-401,Sonic Electric Toothbrush Elite,Health & Personal Care,59,402,69.95,6,0
2025-08-13,SKU-HLTH-401,Sonic Electric Toothbrush Elite,Health & Personal Care,42,367,69.95,6,0
2025-08-14,SKU-HLTH-401,Sonic Electric Toothbrush Elite,Health & Personal Care,60,316,69.95,6,0
2025-08-15,SKU-HLTH-401,Sonic Electric Toothbrush Elite,Health & Personal Care,30,291,69.95,6,0
2025-08-16,SKU-HLTH-401,Sonic Electric Toothbrush Elite,Health & Personal Care,59,241,69.95,6,0
2025-08-17,SKU-HLTH-401,Sonic Electric Toothbrush Elite,Health & Personal Care,60,190,69.95,6,0
2025-08-18,SKU-HLTH-401,Sonic Electric Toothbrush Elite,Health & Personal Care,59,140,69.95,6,0
2025-08-19,SKU-HLTH-401,Sonic Electric Toothbrush Elite,Health & Personal Care,54,617,69.95,6,0
2025-08-20,SKU-HLTH-401,Sonic Electric Toothbrush Elite,Health & Personal Care,41,583,69.95,6,0
2025-08-21,SKU-HLTH-401,Sonic Electric Toothbrush Elite,Health & Personal Care,45,545,69.95,6,0
2025-08-22,SKU-HLTH-401,Sonic Electric Toothbrush Elite,Health & Personal Care,55,499,69.95,6,0
2025-08-23,SKU-HLTH-401,Sonic Electric Toothbrush Elite,Health & Personal Care,63,446,69.95,6,0
2025-08-24,SKU-HLTH-401,Sonic Electric Toothbrush Elite,Health & Personal Care,59,396,69.95,6,0
2025-08-25,SKU-HLTH-401,Sonic Electric Toothbrush Elite,Health & Personal Care,49,355,69.95,6,0
2025-08-26,SKU-HLTH-401,Sonic Electric Toothbrush Elite,Health & Personal Care,59,305,69.95,6,0
2025-08-27,SKU-HLTH-401,Sonic Electric Toothbrush Elite,Health & Personal Care,48,265,69.95,6,0
2025-08-28,SKU-HLTH-401,Sonic Electric Toothbrush Elite,Health & Personal Care,52,221,69.95,6,0
2025-08-29,SKU-HLTH-401,Sonic Electric Toothbrush Elite,Health & Personal Care,72,682,69.95,6,0
2025-08-30,SKU-HLTH-401,Sonic Electric Toothbrush Elite,Health & Personal Care,50,640,69.95,6,0
2025-08-31,SKU-HLTH-401,Sonic Electric Toothbrush Elite,Health & Personal Care,46,601,69.95,6,0
2025-09-01,SKU-HLTH-401,Sonic Electric Toothbrush Elite,Health & Personal Care,60,550,69.95,6,0
2025-09-02,SKU-HLTH-401,Sonic Electric Toothbrush Elite,Health & Personal Care,46,511,69.95,6,0
2025-09-03,SKU-HLTH-401,Sonic Electric Toothbrush Elite,Health & Personal Care,50,469,69.95,6,0
2025-09-04,SKU-HLTH-401,Sonic Electric Toothbrush Elite,Health & Personal Care,45,431,69.95,6,0
2025-09-05,SKU-HLTH-401,Sonic Electric Toothbrush Elite,Health & Personal Care,50,389,69.95,6,0
2025-09-06,SKU-HLTH-401,Sonic Electric Toothbrush Elite,Health & Personal Care,77,324,69.95,6,0
2025-09-07,SKU-HLTH-401,Sonic Electric Toothbrush Elite,Health & Personal Care,70,265,69.95,6,0
2025-09-08,SKU-HLTH-401,Sonic Electric Toothbrush Elite,Health & Personal Care,60,736,69.95,6,0
2025-09-09,SKU-HLTH-401,Sonic Electric Toothbrush Elite,Health & Personal Care,39,703,69.95,6,0
2025-09-10,SKU-HLTH-401,Sonic Electric Toothbrush Elite,Health & Personal Care,42,668,69.95,6,0
2025-09-11,SKU-HLTH-401,Sonic Electric Toothbrush Elite,Health & Personal Care,26,646,69.95,6,0
2025-09-12,SKU-HLTH-401,Sonic Electric Toothbrush Elite,Health & Personal Care,63,593,61.56,6,1
2025-09-13,SKU-HLTH-401,Sonic Electric Toothbrush Elite,Health & Personal Care,93,514,61.56,6,1
2025-09-14,SKU-HLTH-401,Sonic Electric Toothbrush Elite,Health & Personal Care,89,439,61.56,6,1
2025-09-15,SKU-HLTH-401,Sonic Electric Toothbrush Elite,Health & Personal Care,68,382,61.56,6,1
2025-09-16,SKU-HLTH-401,Sonic Electric Toothbrush Elite,Health & Personal Care,52,338,69.95,6,0
2025-09-17,SKU-HLTH-401,Sonic Electric Toothbrush Elite,Health & Personal Care,46,299,69.95,6,0
2025-09-18,SKU-HLTH-401,Sonic Electric Toothbrush Elite,Health & Personal Care,54,776,69.95,6,0
2025-09-19,SKU-HLTH-401,Sonic Electric Toothbrush Elite,Health & Personal Care,59,726,69.95,6,0
2025-09-20,SKU-HLTH-401,Sonic Electric Toothbrush Elite,Health & Personal Care,48,686,69.95,6,0
2025-09-21,SKU-HLTH-401,Sonic Electric Toothbrush Elite,Health & Personal Care,65,631,69.95,6,0
2025-09-22,SKU-HLTH-401,Sonic Electric Toothbrush Elite,Health & Personal Care,60,580,69.95,6,0
2025-09-23,SKU-HLTH-401,Sonic Electric Toothbrush Elite,Health & Personal Care,48,540,69.95,6,0
2025-09-24,SKU-HLTH-401,Sonic Electric Toothbrush Elite,Health & Personal Care,58,491,69.95,6,0
2025-09-25,SKU-HLTH-401,Sonic Electric Toothbrush Elite,Health & Personal Care,77,426,69.95,6,0
2025-09-26,SKU-HLTH-401,Sonic Electric Toothbrush Elite,Health & Personal Care,51,383,69.95,6,0
2025-09-27,SKU-HLTH-401,Sonic Electric Toothbrush Elite,Health & Personal Care,66,327,69.95,6,0
2025-09-28,SKU-HLTH-401,Sonic Electric Toothbrush Elite,Health & Personal Care,55,803,69.95,6,0
2025-09-29,SKU-HLTH-401,Sonic Electric Toothbrush Elite,Health & Personal Care,53,758,69.95,6,0
2025-09-30,SKU-HLTH-401,Sonic Electric Toothbrush Elite,Health & Personal Care,56,711,69.95,6,0
2025-10-01,SKU-HLTH-401,Sonic Electric Toothbrush Elite,Health & Personal Care,54,666,69.95,6,0
2025-10-02,SKU-HLTH-401,Sonic Electric Toothbrush Elite,Health & Personal Care,43,630,69.95,6,0
2025-10-03,SKU-HLTH-401,Sonic Electric Toothbrush Elite,Health & Personal Care,54,585,69.95,6,0
2025-10-04,SKU-HLTH-401,Sonic Electric Toothbrush Elite,Health & Personal Care,75,522,69.95,6,0
2025-10-05,SKU-HLTH-401,Sonic Electric Toothbrush Elite,Health & Personal Care,66,466,69.95,6,0
2025-10-06,SKU-HLTH-401,Sonic Electric Toothbrush Elite,Health & Personal Care,61,415,69.95,6,0
2025-10-07,SKU-HLTH-401,Sonic Electric Toothbrush Elite,Health & Personal Care,50,373,69.95,6,0
2025-10-08,SKU-HLTH-401,Sonic Electric Toothbrush Elite,Health & Personal Care,59,845,69.95,6,0
2025-10-09,SKU-HLTH-401,Sonic Electric Toothbrush Elite,Health & Personal Care,55,799,69.95,6,0
2025-10-10,SKU-HLTH-401,Sonic Electric Toothbrush Elite,Health & Personal Care,44,762,69.95,6,0
2025-10-11,SKU-HLTH-401,Sonic Electric Toothbrush Elite,Health & Personal Care,66,706,69.95,6,0
2025-10-12,SKU-HLTH-401,Sonic Electric Toothbrush Elite,Health & Personal Care,54,661,69.95,6,0
2025-10-13,SKU-HLTH-401,Sonic Electric Toothbrush Elite,Health & Personal Care,47,622,69.95,6,0
2025-10-14,SKU-HLTH-401,Sonic Electric Toothbrush Elite,Health & Personal Care,54,577,69.95,6,0
2025-10-15,SKU-HLTH-401,Sonic Electric Toothbrush Elite,Health & Personal Care,55,531,69.95,6,0
2025-10-16,SKU-HLTH-401,Sonic Electric Toothbrush Elite,Health & Personal Care,42,496,69.95,6,0
2025-10-17,SKU-HLTH-401,Sonic Electric Toothbrush Elite,Health & Personal Care,62,444,69.95,6,0
2025-10-18,SKU-HLTH-401,Sonic Electric Toothbrush Elite,Health & Personal Care,68,909,69.95,6,0
2025-10-19,SKU-HLTH-401,Sonic Electric Toothbrush Elite,Health & Personal Care,57,861,69.95,6,0
2025-10-20,SKU-HLTH-401,Sonic Electric Toothbrush Elite,Health & Personal Care,39,828,69.95,6,0
2025-10-21,SKU-HLTH-401,Sonic Electric Toothbrush Elite,Health & Personal Care,52,784,69.95,6,0
2025-10-22,SKU-HLTH-401,Sonic Electric Toothbrush Elite,Health & Personal Care,49,743,69.95,6,0
2025-10-23,SKU-HLTH-401,Sonic Electric Toothbrush Elite,Health & Personal Care,54,698,69.95,6,0
2025-10-24,SKU-HLTH-401,Sonic Electric Toothbrush Elite,Health & Personal Care,50,656,69.95,6,0
2025-10-25,SKU-HLTH-401,Sonic Electric Toothbrush Elite,Health & Personal Care,46,617,69.95,6,0
2025-10-26,SKU-HLTH-401,Sonic Electric Toothbrush Elite,Health & Personal Care,61,566,69.95,6,0
2025-10-27,SKU-HLTH-401,Sonic Electric Toothbrush Elite,Health & Personal Care,51,523,69.95,6,0
2025-10-28,SKU-HLTH-401,Sonic Electric Toothbrush Elite,Health & Personal Care,59,995,69.95,6,0
2025-10-29,SKU-HLTH-401,Sonic Electric Toothbrush Elite,Health & Personal Care,48,955,69.95,6,0
2025-10-30,SKU-HLTH-401,Sonic Electric Toothbrush Elite,Health & Personal Care,88,881,61.56,6,1
2025-10-31,SKU-HLTH-401,Sonic Electric Toothbrush Elite,Health & Personal Care,56,834,61.56,6,1
2025-11-01,SKU-HLTH-401,Sonic Electric Toothbrush Elite,Health & Personal Care,100,749,61.56,6,1
2025-11-02,SKU-HLTH-401,Sonic Electric Toothbrush Elite,Health & Personal Care,86,676,61.56,6,1
2025-11-03,SKU-HLTH-401,Sonic Electric Toothbrush Elite,Health & Personal Care,62,624,69.95,6,0
2025-11-04,SKU-HLTH-401,Sonic Electric Toothbrush Elite,Health & Personal Care,55,578,69.95,6,0
2025-11-05,SKU-HLTH-401,Sonic Electric Toothbrush Elite,Health & Personal Care,65,523,69.95,6,0
2025-11-06,SKU-HLTH-401,Sonic Electric Toothbrush Elite,Health & Personal Care,51,480,69.95,6,0
2025-11-07,SKU-HLTH-401,Sonic Electric Toothbrush Elite,Health & Personal Care,45,964,69.95,6,0
2025-11-08,SKU-HLTH-401,Sonic Electric Toothbrush Elite,Health & Personal Care,79,897,69.95,6,0
2025-11-09,SKU-HLTH-401,Sonic Electric Toothbrush Elite,Health & Personal Care,65,842,69.95,6,0
2025-11-10,SKU-HLTH-401,Sonic Electric Toothbrush Elite,Health & Personal Care,57,794,69.95,6,0
2025-11-11,SKU-HLTH-401,Sonic Electric Toothbrush Elite,Health & Personal Care,67,738,69.95,6,0
2025-11-12,SKU-HLTH-401,Sonic Electric Toothbrush Elite,Health & Personal Care,46,699,69.95,6,0
2025-11-13,SKU-HLTH-401,Sonic Electric Toothbrush Elite,Health & Personal Care,61,648,69.95,6,0
2025-11-14,SKU-HLTH-401,Sonic Electric Toothbrush Elite,Health & Personal Care,51,605,69.95,6,0
2025-11-15,SKU-HLTH-401,Sonic Electric Toothbrush Elite,Health & Personal Care,66,549,69.95,6,0
2025-11-16,SKU-HLTH-401,Sonic Electric Toothbrush Elite,Health & Personal Care,68,492,69.95,6,0
2025-11-17,SKU-HLTH-401,Sonic Electric Toothbrush Elite,Health & Personal Care,43,978,69.95,6,0
2025-11-18,SKU-HLTH-401,Sonic Electric Toothbrush Elite,Health & Personal Care,50,936,69.95,6,0
2025-11-19,SKU-HLTH-401,Sonic Electric Toothbrush Elite,Health & Personal Care,69,878,69.95,6,0
2025-11-20,SKU-HLTH-401,Sonic Electric Toothbrush Elite,Health & Personal Care,65,823,69.95,6,0
2025-11-21,SKU-HLTH-401,Sonic Electric Toothbrush Elite,Health & Personal Care,57,775,69.95,6,0
2025-11-22,SKU-HLTH-401,Sonic Electric Toothbrush Elite,Health & Personal Care,71,715,69.95,6,0
2025-11-23,SKU-HLTH-401,Sonic Electric Toothbrush Elite,Health & Personal Care,67,659,69.95,6,0
2025-11-24,SKU-HLTH-401,Sonic Electric Toothbrush Elite,Health & Personal Care,70,600,69.95,6,0
2025-11-25,SKU-HLTH-401,Sonic Electric Toothbrush Elite,Health & Personal Care,56,553,69.95,6,0
2025-11-26,SKU-HLTH-401,Sonic Electric Toothbrush Elite,Health & Personal Care,60,502,69.95,6,0
2025-11-27,SKU-HLTH-401,Sonic Electric Toothbrush Elite,Health & Personal Care,69,966,69.95,6,0
2025-11-28,SKU-HLTH-401,Sonic Electric Toothbrush Elite,Health & Personal Care,52,922,69.95,6,0
2025-11-29,SKU-HLTH-401,Sonic Electric Toothbrush Elite,Health & Personal Care,85,850,69.95,6,0
2025-11-30,SKU-HLTH-401,Sonic Electric Toothbrush Elite,Health & Personal Care,57,802,69.95,6,0
2025-12-01,SKU-HLTH-401,Sonic Electric Toothbrush Elite,Health & Personal Care,74,740,69.95,6,0
2025-12-02,SKU-HLTH-401,Sonic Electric Toothbrush Elite,Health & Personal Care,56,693,69.95,6,0
2025-12-03,SKU-HLTH-401,Sonic Electric Toothbrush Elite,Health & Personal Care,57,645,69.95,6,0
2025-12-04,SKU-HLTH-401,Sonic Electric Toothbrush Elite,Health & Personal Care,43,609,69.95,6,0
2025-12-05,SKU-HLTH-401,Sonic Electric Toothbrush Elite,Health & Personal Care,56,562,69.95,6,0
2025-12-06,SKU-HLTH-401,Sonic Electric Toothbrush Elite,Health & Personal Care,63,509,69.95,6,0
2025-12-07,SKU-HLTH-401,Sonic Electric Toothbrush Elite,Health & Personal Care,67,975,69.95,6,0
2025-12-08,SKU-HLTH-401,Sonic Electric Toothbrush Elite,Health & Personal Care,59,925,69.95,6,0
2025-12-09,SKU-HLTH-401,Sonic Electric Toothbrush Elite,Health & Personal Care,69,867,69.95,6,0
2025-12-10,SKU-HLTH-401,Sonic Electric Toothbrush Elite,Health & Personal Care,63,814,69.95,6,0
2025-12-11,SKU-HLTH-401,Sonic Electric Toothbrush Elite,Health & Personal Care,64,760,69.95,6,0
2025-12-12,SKU-HLTH-401,Sonic Electric Toothbrush Elite,Health & Personal Care,52,716,69.95,6,0
2025-12-13,SKU-HLTH-401,Sonic Electric Toothbrush Elite,Health & Personal Care,66,660,69.95,6,0
2025-12-14,SKU-HLTH-401,Sonic Electric Toothbrush Elite,Health & Personal Care,91,583,69.95,6,0
2025-12-15,SKU-HLTH-401,Sonic Electric Toothbrush Elite,Health & Personal Care,56,536,69.95,6,0
2025-12-16,SKU-HLTH-401,Sonic Electric Toothbrush Elite,Health & Personal Care,77,471,69.95,6,0
2025-12-17,SKU-HLTH-401,Sonic Electric Toothbrush Elite,Health & Personal Care,82,924,61.56,6,1
2025-12-18,SKU-HLTH-401,Sonic Electric Toothbrush Elite,Health & Personal Care,85,852,61.56,6,1
2025-12-19,SKU-HLTH-401,Sonic Electric Toothbrush Elite,Health & Personal Care,95,772,61.56,6,1
2025-12-20,SKU-HLTH-401,Sonic Electric Toothbrush Elite,Health & Personal Care,114,676,61.56,6,1
2025-12-21,SKU-HLTH-401,Sonic Electric Toothbrush Elite,Health & Personal Care,75,613,69.95,6,0
2025-12-22,SKU-HLTH-401,Sonic Electric Toothbrush Elite,Health & Personal Care,60,562,69.95,6,0
2025-12-23,SKU-HLTH-401,Sonic Electric Toothbrush Elite,Health & Personal Care,64,508,69.95,6,0
2025-12-24,SKU-HLTH-401,Sonic Electric Toothbrush Elite,Health & Personal Care,67,452,69.95,6,0
2025-12-25,SKU-HLTH-401,Sonic Electric Toothbrush Elite,Health & Personal Care,72,391,69.95,6,0
2025-12-26,SKU-HLTH-401,Sonic Electric Toothbrush Elite,Health & Personal Care,65,336,69.95,6,0
2025-12-27,SKU-HLTH-401,Sonic Electric Toothbrush Elite,Health & Personal Care,83,788,69.95,6,0
2025-12-28,SKU-HLTH-401,Sonic Electric Toothbrush Elite,Health & Personal Care,93,709,69.95,6,0
2025-12-29,SKU-HLTH-401,Sonic Electric Toothbrush Elite,Health & Personal Care,69,651,69.95,6,0
2025-12-30,SKU-HLTH-401,Sonic Electric Toothbrush Elite,Health & Personal Care,68,594,69.95,6,0
2025-12-31,SKU-HLTH-401,Sonic Electric Toothbrush Elite,Health & Personal Care,52,550,69.95,6,0
2026-01-01,SKU-HLTH-401,Sonic Electric Toothbrush Elite,Health & Personal Care,42,515,69.95,6,0
2026-01-02,SKU-HLTH-401,Sonic Electric Toothbrush Elite,Health & Personal Care,70,456,69.95,6,0
2026-01-03,SKU-HLTH-401,Sonic Electric Toothbrush Elite,Health & Personal Care,79,389,69.95,6,0
2026-01-04,SKU-HLTH-401,Sonic Electric Toothbrush Elite,Health & Personal Care,76,325,69.95,6,0
2026-01-05,SKU-HLTH-401,Sonic Electric Toothbrush Elite,Health & Personal Care,69,267,69.95,6,0
2026-01-06,SKU-HLTH-401,Sonic Electric Toothbrush Elite,Health & Personal Care,67,733,69.95,6,0
2026-01-07,SKU-HLTH-401,Sonic Electric Toothbrush Elite,Health & Personal Care,78,667,69.95,6,0
2026-01-08,SKU-HLTH-401,Sonic Electric Toothbrush Elite,Health & Personal Care,69,609,69.95,6,0
2026-01-09,SKU-HLTH-401,Sonic Electric Toothbrush Elite,Health & Personal Care,61,558,69.95,6,0
2026-01-10,SKU-HLTH-401,Sonic Electric Toothbrush Elite,Health & Personal Care,91,481,69.95,6,0
2026-01-11,SKU-HLTH-401,Sonic Electric Toothbrush Elite,Health & Personal Care,80,413,69.95,6,0
2026-01-12,SKU-HLTH-401,Sonic Electric Toothbrush Elite,Health & Personal Care,73,351,69.95,6,0
2026-01-13,SKU-HLTH-401,Sonic Electric Toothbrush Elite,Health & Personal Care,65,296,69.95,6,0
2026-01-14,SKU-HLTH-401,Sonic Electric Toothbrush Elite,Health & Personal Care,63,243,69.95,6,0
2026-01-15,SKU-HLTH-401,Sonic Electric Toothbrush Elite,Health & Personal Care,70,184,69.95,6,0
2026-01-16,SKU-HLTH-401,Sonic Electric Toothbrush Elite,Health & Personal Care,70,647,69.95,6,0
2026-01-17,SKU-HLTH-401,Sonic Electric Toothbrush Elite,Health & Personal Care,88,573,69.95,6,0
2026-01-18,SKU-HLTH-401,Sonic Electric Toothbrush Elite,Health & Personal Care,82,504,69.95,6,0
2026-01-19,SKU-HLTH-401,Sonic Electric Toothbrush Elite,Health & Personal Care,54,459,69.95,6,0
2026-01-20,SKU-HLTH-401,Sonic Electric Toothbrush Elite,Health & Personal Care,67,403,69.95,6,0
2026-01-21,SKU-HLTH-401,Sonic Electric Toothbrush Elite,Health & Personal Care,78,337,69.95,6,0
2026-01-22,SKU-HLTH-401,Sonic Electric Toothbrush Elite,Health & Personal Care,68,280,69.95,6,0
2026-01-23,SKU-HLTH-401,Sonic Electric Toothbrush Elite,Health & Personal Care,69,222,69.95,6,0
2026-01-24,SKU-HLTH-401,Sonic Electric Toothbrush Elite,Health & Personal Care,95,142,69.95,6,0
2026-01-25,SKU-HLTH-401,Sonic Electric Toothbrush Elite,Health & Personal Care,80,74,69.95,6,0
2026-01-26,SKU-HLTH-401,Sonic Electric Toothbrush Elite,Health & Personal Care,58,547,69.95,6,0
2026-01-27,SKU-HLTH-401,Sonic Electric Toothbrush Elite,Health & Personal Care,71,487,69.95,6,0
2026-01-28,SKU-HLTH-401,Sonic Electric Toothbrush Elite,Health & Personal Care,68,430,69.95,6,0
2026-01-29,SKU-HLTH-401,Sonic Electric Toothbrush Elite,Health & Personal Care,64,376,69.95,6,0
2026-01-30,SKU-HLTH-401,Sonic Electric Toothbrush Elite,Health & Personal Care,71,316,69.95,6,0
2026-01-31,SKU-HLTH-401,Sonic Electric Toothbrush Elite,Health & Personal Care,92,238,69.95,6,0
2026-02-01,SKU-HLTH-401,Sonic Electric Toothbrush Elite,Health & Personal Care,88,164,69.95,6,0
2026-02-02,SKU-HLTH-401,Sonic Electric Toothbrush Elite,Health & Personal Care,76,100,69.95,6,0
2026-02-03,SKU-HLTH-401,Sonic Electric Toothbrush Elite,Health & Personal Care,116,2,61.56,6,1
2026-02-04,SKU-HLTH-401,Sonic Electric Toothbrush Elite,Health & Personal Care,97,0,61.56,6,1
2026-02-05,SKU-HLTH-401,Sonic Electric Toothbrush Elite,Health & Personal Care,102,436,61.56,6,1
2026-02-06,SKU-HLTH-401,Sonic Electric Toothbrush Elite,Health & Personal Care,96,355,61.56,6,1
2026-02-07,SKU-HLTH-401,Sonic Electric Toothbrush Elite,Health & Personal Care,82,286,69.95,6,0
2026-02-08,SKU-HLTH-401,Sonic Electric Toothbrush Elite,Health & Personal Care,84,215,69.95,6,0
2026-02-09,SKU-HLTH-401,Sonic Electric Toothbrush Elite,Health & Personal Care,70,156,69.95,6,0
2026-02-10,SKU-HLTH-401,Sonic Electric Toothbrush Elite,Health & Personal Care,78,90,69.95,6,0
2026-02-11,SKU-HLTH-401,Sonic Electric Toothbrush Elite,Health & Personal Care,96,9,69.95,6,0
2026-02-12,SKU-HLTH-401,Sonic Electric Toothbrush Elite,Health & Personal Care,69,0,69.95,6,0
2026-02-13,SKU-HLTH-401,Sonic Electric Toothbrush Elite,Health & Personal Care,72,0,69.95,6,0
2026-02-14,SKU-HLTH-401,Sonic Electric Toothbrush Elite,Health & Personal Care,90,0,69.95,6,0
2026-02-15,SKU-HLTH-401,Sonic Electric Toothbrush Elite,Health & Personal Care,95,442,69.95,6,0
2026-02-16,SKU-HLTH-401,Sonic Electric Toothbrush Elite,Health & Personal Care,78,376,69.95,6,0
2026-02-17,SKU-HLTH-401,Sonic Electric Toothbrush Elite,Health & Personal Care,88,302,69.95,6,0
2026-02-18,SKU-HLTH-401,Sonic Electric Toothbrush Elite,Health & Personal Care,55,256,69.95,6,0
2026-02-19,SKU-HLTH-401,Sonic Electric Toothbrush Elite,Health & Personal Care,55,210,69.95,6,0
2026-02-20,SKU-HLTH-401,Sonic Electric Toothbrush Elite,Health & Personal Care,72,149,69.95,6,0
2026-02-21,SKU-HLTH-401,Sonic Electric Toothbrush Elite,Health & Personal Care,102,63,69.95,6,0
2026-02-22,SKU-HLTH-401,Sonic Electric Toothbrush Elite,Health & Personal Care,78,0,69.95,6,0
2026-02-23,SKU-HLTH-401,Sonic Electric Toothbrush Elite,Health & Personal Care,50,0,69.95,6,0
2026-02-24,SKU-HLTH-401,Sonic Electric Toothbrush Elite,Health & Personal Care,83,0,69.95,6,0
2026-02-25,SKU-HLTH-401,Sonic Electric Toothbrush Elite,Health & Personal Care,80,454,69.95,6,0
2026-02-26,SKU-HLTH-401,Sonic Electric Toothbrush Elite,Health & Personal Care,68,397,69.95,6,0
2026-02-27,SKU-HLTH-401,Sonic Electric Toothbrush Elite,Health & Personal Care,69,339,69.95,6,0
2026-02-28,SKU-HLTH-401,Sonic Electric Toothbrush Elite,Health & Personal Care,85,267,69.95,6,0
2026-03-01,SKU-HLTH-401,Sonic Electric Toothbrush Elite,Health & Personal Care,95,187,69.95,6,0
2026-03-02,SKU-HLTH-401,Sonic Electric Toothbrush Elite,Health & Personal Care,73,125,69.95,6,0
2026-03-03,SKU-HLTH-401,Sonic Electric Toothbrush Elite,Health & Personal Care,83,55,69.95,6,0
2026-03-04,SKU-HLTH-401,Sonic Electric Toothbrush Elite,Health & Personal Care,53,10,69.95,6,0
2026-03-05,SKU-HLTH-401,Sonic Electric Toothbrush Elite,Health & Personal Care,71,0,69.95,6,0
2026-03-06,SKU-HLTH-401,Sonic Electric Toothbrush Elite,Health & Personal Care,69,0,69.95,6,0
2026-03-07,SKU-HLTH-401,Sonic Electric Toothbrush Elite,Health & Personal Care,92,444,69.95,6,0
2026-03-08,SKU-HLTH-401,Sonic Electric Toothbrush Elite,Health & Personal Care,90,368,69.95,6,0
2026-03-09,SKU-HLTH-401,Sonic Electric Toothbrush Elite,Health & Personal Care,86,295,69.95,6,0
2026-03-10,SKU-HLTH-401,Sonic Electric Toothbrush Elite,Health & Personal Care,63,242,69.95,6,0
2026-03-11,SKU-HLTH-401,Sonic Electric Toothbrush Elite,Health & Personal Care,80,174,69.95,6,0
2026-03-12,SKU-HLTH-401,Sonic Electric Toothbrush Elite,Health & Personal Care,85,102,69.95,6,0
2026-03-13,SKU-HLTH-401,Sonic Electric Toothbrush Elite,Health & Personal Care,96,21,69.95,6,0
2026-03-14,SKU-HLTH-401,Sonic Electric Toothbrush Elite,Health & Personal Care,91,0,69.95,6,0
2026-03-15,SKU-HLTH-401,Sonic Electric Toothbrush Elite,Health & Personal Care,99,0,69.95,6,0
2026-03-16,SKU-HLTH-401,Sonic Electric Toothbrush Elite,Health & Personal Care,64,0,69.95,6,0
2026-03-17,SKU-HLTH-401,Sonic Electric Toothbrush Elite,Health & Personal Care,59,472,69.95,6,0
2026-03-18,SKU-HLTH-401,Sonic Electric Toothbrush Elite,Health & Personal Care,88,398,69.95,6,0
2026-03-19,SKU-HLTH-401,Sonic Electric Toothbrush Elite,Health & Personal Care,80,330,69.95,6,0
2026-03-20,SKU-HLTH-401,Sonic Electric Toothbrush Elite,Health & Personal Care,91,253,69.95,6,0
2026-03-21,SKU-HLTH-401,Sonic Electric Toothbrush Elite,Health & Personal Care,84,182,69.95,6,0
2026-03-22,SKU-HLTH-401,Sonic Electric Toothbrush Elite,Health & Personal Care,101,97,69.95,6,0
2026-03-23,SKU-HLTH-401,Sonic Electric Toothbrush Elite,Health & Personal Care,126,0,61.56,6,1
2026-03-24,SKU-HLTH-401,Sonic Electric Toothbrush Elite,Health & Personal Care,113,0,61.56,6,1
2026-03-25,SKU-HLTH-401,Sonic Electric Toothbrush Elite,Health & Personal Care,111,0,61.56,6,1
2026-03-26,SKU-HLTH-401,Sonic Electric Toothbrush Elite,Health & Personal Care,109,0,61.56,6,1
2026-03-27,SKU-HLTH-401,Sonic Electric Toothbrush Elite,Health & Personal Care,67,466,69.95,6,0
2026-03-28,SKU-HLTH-401,Sonic Electric Toothbrush Elite,Health & Personal Care,109,374,69.95,6,0
2026-03-29,SKU-HLTH-401,Sonic Electric Toothbrush Elite,Health & Personal Care,92,296,69.95,6,0
2026-03-30,SKU-HLTH-401,Sonic Electric Toothbrush Elite,Health & Personal Care,85,224,69.95,6,0
2026-03-31,SKU-HLTH-401,Sonic Electric Toothbrush Elite,Health & Personal Care,67,168,69.95,6,0
2026-04-01,SKU-HLTH-401,Sonic Electric Toothbrush Elite,Health & Personal Care,70,109,69.95,6,0
2026-04-02,SKU-HLTH-401,Sonic Electric Toothbrush Elite,Health & Personal Care,94,30,69.95,6,0
2026-04-03,SKU-HLTH-401,Sonic Electric Toothbrush Elite,Health & Personal Care,78,0,69.95,6,0
2026-04-04,SKU-HLTH-401,Sonic Electric Toothbrush Elite,Health & Personal Care,110,0,69.95,6,0
2026-04-05,SKU-HLTH-401,Sonic Electric Toothbrush Elite,Health & Personal Care,97,0,69.95,6,0
2026-04-06,SKU-HLTH-401,Sonic Electric Toothbrush Elite,Health & Personal Care,65,467,69.95,6,0
2026-04-07,SKU-HLTH-401,Sonic Electric Toothbrush Elite,Health & Personal Care,89,392,69.95,6,0
2026-04-08,SKU-HLTH-401,Sonic Electric Toothbrush Elite,Health & Personal Care,76,328,69.95,6,0
2026-04-09,SKU-HLTH-401,Sonic Electric Toothbrush Elite,Health & Personal Care,87,255,69.95,6,0
2026-04-10,SKU-HLTH-401,Sonic Electric Toothbrush Elite,Health & Personal Care,81,187,69.95,6,0
2026-04-11,SKU-HLTH-401,Sonic Electric Toothbrush Elite,Health & Personal Care,84,116,69.95,6,0
2026-04-12,SKU-HLTH-401,Sonic Electric Toothbrush Elite,Health & Personal Care,99,32,69.95,6,0
2026-04-13,SKU-HLTH-401,Sonic Electric Toothbrush Elite,Health & Personal Care,101,0,69.95,6,0
2026-04-14,SKU-HLTH-401,Sonic Electric Toothbrush Elite,Health & Personal Care,86,0,69.95,6,0
2026-04-15,SKU-HLTH-401,Sonic Electric Toothbrush Elite,Health & Personal Care,81,0,69.95,6,0
2026-04-16,SKU-HLTH-401,Sonic Electric Toothbrush Elite,Health & Personal Care,91,445,69.95,6,0
2026-04-17,SKU-HLTH-401,Sonic Electric Toothbrush Elite,Health & Personal Care,83,375,69.95,6,0
2026-04-18,SKU-HLTH-401,Sonic Electric Toothbrush Elite,Health & Personal Care,99,291,69.95,6,0
2026-04-19,SKU-HLTH-401,Sonic Electric Toothbrush Elite,Health & Personal Care,87,218,69.95,6,0
2026-04-20,SKU-HLTH-401,Sonic Electric Toothbrush Elite,Health & Personal Care,83,148,69.95,6,0
2026-04-21,SKU-HLTH-401,Sonic Electric Toothbrush Elite,Health & Personal Care,90,72,69.95,6,0
2026-04-22,SKU-HLTH-401,Sonic Electric Toothbrush Elite,Health & Personal Care,73,10,69.95,6,0
2026-04-23,SKU-HLTH-401,Sonic Electric Toothbrush Elite,Health & Personal Care,94,0,69.95,6,0
2026-04-24,SKU-HLTH-401,Sonic Electric Toothbrush Elite,Health & Personal Care,80,0,69.95,6,0
2026-04-25,SKU-HLTH-401,Sonic Electric Toothbrush Elite,Health & Personal Care,89,0,69.95,6,0
2026-04-26,SKU-HLTH-401,Sonic Electric Toothbrush Elite,Health & Personal Care,106,432,69.95,6,0
2026-04-27,SKU-HLTH-401,Sonic Electric Toothbrush Elite,Health & Personal Care,78,366,69.95,6,0
2026-04-28,SKU-HLTH-401,Sonic Electric Toothbrush Elite,Health & Personal Care,88,292,69.95,6,0
2026-04-29,SKU-HLTH-401,Sonic Electric Toothbrush Elite,Health & Personal Care,78,226,69.95,6,0
2026-04-30,SKU-HLTH-401,Sonic Electric Toothbrush Elite,Health & Personal Care,80,158,69.95,6,0
2026-05-01,SKU-HLTH-401,Sonic Electric Toothbrush Elite,Health & Personal Care,85,86,69.95,6,0
2026-05-02,SKU-HLTH-401,Sonic Electric Toothbrush Elite,Health & Personal Care,99,2,69.95,6,0
2026-05-03,SKU-HLTH-401,Sonic Electric Toothbrush Elite,Health & Personal Care,78,0,69.95,6,0
2026-05-04,SKU-HLTH-401,Sonic Electric Toothbrush Elite,Health & Personal Care,70,0,69.95,6,0
2026-05-05,SKU-HLTH-401,Sonic Electric Toothbrush Elite,Health & Personal Care,89,0,69.95,6,0
2026-05-06,SKU-HLTH-401,Sonic Electric Toothbrush Elite,Health & Personal Care,79,455,69.95,6,0
2026-05-07,SKU-HLTH-401,Sonic Electric Toothbrush Elite,Health & Personal Care,75,392,69.95,6,0
2026-05-08,SKU-HLTH-401,Sonic Electric Toothbrush Elite,Health & Personal Care,68,335,69.95,6,0
2026-05-09,SKU-HLTH-401,Sonic Electric Toothbrush Elite,Health & Personal Care,86,262,69.95,6,0
2026-05-10,SKU-HLTH-401,Sonic Electric Toothbrush Elite,Health & Personal Care,111,168,61.56,6,1
2026-05-11,SKU-HLTH-401,Sonic Electric Toothbrush Elite,Health & Personal Care,107,78,61.56,6,1
2026-05-12,SKU-HLTH-401,Sonic Electric Toothbrush Elite,Health & Personal Care,102,0,61.56,6,1
2026-05-13,SKU-HLTH-401,Sonic Electric Toothbrush Elite,Health & Personal Care,98,0,61.56,6,1
2026-05-14,SKU-HLTH-401,Sonic Electric Toothbrush Elite,Health & Personal Care,79,0,69.95,6,0
2026-05-15,SKU-HLTH-401,Sonic Electric Toothbrush Elite,Health & Personal Care,82,0,69.95,6,0
2026-05-16,SKU-HLTH-401,Sonic Electric Toothbrush Elite,Health & Personal Care,114,426,69.95,6,0
2026-05-17,SKU-HLTH-401,Sonic Electric Toothbrush Elite,Health & Personal Care,81,358,69.95,6,0
2026-05-18,SKU-HLTH-401,Sonic Electric Toothbrush Elite,Health & Personal Care,89,283,69.95,6,0
2026-05-19,SKU-HLTH-401,Sonic Electric Toothbrush Elite,Health & Personal Care,87,210,69.95,6,0
2026-05-20,SKU-HLTH-401,Sonic Electric Toothbrush Elite,Health & Personal Care,72,149,69.95,6,0
2026-05-21,SKU-HLTH-401,Sonic Electric Toothbrush Elite,Health & Personal Care,80,81,69.95,6,0
2026-05-22,SKU-HLTH-401,Sonic Electric Toothbrush Elite,Health & Personal Care,74,19,69.95,6,0
2026-05-23,SKU-HLTH-401,Sonic Electric Toothbrush Elite,Health & Personal Care,95,0,69.95,6,0
2026-05-24,SKU-HLTH-401,Sonic Electric Toothbrush Elite,Health & Personal Care,107,0,69.95,6,0
2026-05-25,SKU-HLTH-401,Sonic Electric Toothbrush Elite,Health & Personal Care,83,0,69.95,6,0
2026-05-26,SKU-HLTH-401,Sonic Electric Toothbrush Elite,Health & Personal Care,82,453,69.95,6,0
2026-05-27,SKU-HLTH-401,Sonic Electric Toothbrush Elite,Health & Personal Care,74,391,69.95,6,0
2026-05-28,SKU-HLTH-401,Sonic Electric Toothbrush Elite,Health & Personal Care,64,337,69.95,6,0
2026-05-29,SKU-HLTH-401,Sonic Electric Toothbrush Elite,Health & Personal Care,75,274,69.95,6,0
2026-05-30,SKU-HLTH-401,Sonic Electric Toothbrush Elite,Health & Personal Care,103,187,69.95,6,0
2026-05-31,SKU-HLTH-401,Sonic Electric Toothbrush Elite,Health & Personal Care,79,120,69.95,6,0
2026-06-01,SKU-HLTH-401,Sonic Electric Toothbrush Elite,Health & Personal Care,67,64,69.95,6,0
2026-06-02,SKU-HLTH-401,Sonic Electric Toothbrush Elite,Health & Personal Care,78,0,69.95,6,0
2026-06-03,SKU-HLTH-401,Sonic Electric Toothbrush Elite,Health & Personal Care,68,0,69.95,6,0
2026-06-04,SKU-HLTH-401,Sonic Electric Toothbrush Elite,Health & Personal Care,69,0,69.95,6,0
2026-06-05,SKU-HLTH-401,Sonic Electric Toothbrush Elite,Health & Personal Care,72,461,69.95,6,0
2026-06-06,SKU-HLTH-401,Sonic Electric Toothbrush Elite,Health & Personal Care,79,394,69.95,6,0
2026-06-07,SKU-HLTH-401,Sonic Electric Toothbrush Elite,Health & Personal Care,82,325,69.95,6,0
2026-06-08,SKU-HLTH-401,Sonic Electric Toothbrush Elite,Health & Personal Care,82,256,69.95,6,0
2026-06-09,SKU-HLTH-401,Sonic Electric Toothbrush Elite,Health & Personal Care,64,202,69.95,6,0
2026-06-10,SKU-HLTH-401,Sonic Electric Toothbrush Elite,Health & Personal Care,61,151,69.95,6,0
2026-06-11,SKU-HLTH-401,Sonic Electric Toothbrush Elite,Health & Personal Care,70,92,69.95,6,0
2026-06-12,SKU-HLTH-401,Sonic Electric Toothbrush Elite,Health & Personal Care,82,23,69.95,6,0
2026-06-13,SKU-HLTH-401,Sonic Electric Toothbrush Elite,Health & Personal Care,88,0,69.95,6,0
2026-06-14,SKU-HLTH-401,Sonic Electric Toothbrush Elite,Health & Personal Care,85,0,69.95,6,0
2026-06-15,SKU-HLTH-401,Sonic Electric Toothbrush Elite,Health & Personal Care,75,459,69.95,6,0
2026-06-16,SKU-HLTH-401,Sonic Electric Toothbrush Elite,Health & Personal Care,59,409,69.95,6,0
2026-06-17,SKU-HLTH-401,Sonic Electric Toothbrush Elite,Health & Personal Care,79,342,69.95,6,0
2026-06-18,SKU-HLTH-401,Sonic Electric Toothbrush Elite,Health & Personal Care,77,277,69.95,6,0
2026-06-19,SKU-HLTH-401,Sonic Electric Toothbrush Elite,Health & Personal Care,70,218,69.95,6,0
2026-06-20,SKU-HLTH-401,Sonic Electric Toothbrush Elite,Health & Personal Care,97,136,69.95,6,0
2026-06-21,SKU-HLTH-401,Sonic Electric Toothbrush Elite,Health & Personal Care,78,70,69.95,6,0
2026-06-22,SKU-HLTH-401,Sonic Electric Toothbrush Elite,Health & Personal Care,83,0,69.95,6,0
2026-06-23,SKU-HLTH-401,Sonic Electric Toothbrush Elite,Health & Personal Care,74,0,69.95,6,0
2026-06-24,SKU-HLTH-401,Sonic Electric Toothbrush Elite,Health & Personal Care,70,0,69.95,6,0
2025-01-01,SKU-HLTH-402,Organic Whey Protein Isolate (2kg),Health & Personal Care,70,21,54.99,5,0
2025-01-02,SKU-HLTH-402,Organic Whey Protein Isolate (2kg),Health & Personal Care,69,0,54.99,5,0
2025-01-03,SKU-HLTH-402,Organic Whey Protein Isolate (2kg),Health & Personal Care,88,0,54.99,5,0
2025-01-04,SKU-HLTH-402,Organic Whey Protein Isolate (2kg),Health & Personal Care,67,0,54.99,5,0
2025-01-05,SKU-HLTH-402,Organic Whey Protein Isolate (2kg),Health & Personal Care,71,0,54.99,5,0
2025-01-06,SKU-HLTH-402,Organic Whey Protein Isolate (2kg),Health & Personal Care,86,0,54.99,5,0
2025-01-07,SKU-HLTH-402,Organic Whey Protein Isolate (2kg),Health & Personal Care,64,0,54.99,5,0
2025-01-08,SKU-HLTH-402,Organic Whey Protein Isolate (2kg),Health & Personal Care,85,0,54.99,5,0
2025-01-09,SKU-HLTH-402,Organic Whey Protein Isolate (2kg),Health & Personal Care,96,0,54.99,5,0
2025-01-10,SKU-HLTH-402,Organic Whey Protein Isolate (2kg),Health & Personal Care,67,542,54.99,5,0
2025-01-11,SKU-HLTH-402,Organic Whey Protein Isolate (2kg),Health & Personal Care,93,463,54.99,5,0
2025-01-12,SKU-HLTH-402,Organic Whey Protein Isolate (2kg),Health & Personal Care,68,406,54.99,5,0
2025-01-13,SKU-HLTH-402,Organic Whey Protein Isolate (2kg),Health & Personal Care,84,335,54.99,5,0
2025-01-14,SKU-HLTH-402,Organic Whey Protein Isolate (2kg),Health & Personal Care,77,270,54.99,5,0
2025-01-15,SKU-HLTH-402,Organic Whey Protein Isolate (2kg),Health & Personal Care,107,180,48.39,5,1
2025-01-16,SKU-HLTH-402,Organic Whey Protein Isolate (2kg),Health & Personal Care,91,103,48.39,5,1
2025-01-17,SKU-HLTH-402,Organic Whey Protein Isolate (2kg),Health & Personal Care,78,37,48.39,5,1
2025-01-18,SKU-HLTH-402,Organic Whey Protein Isolate (2kg),Health & Personal Care,123,0,48.39,5,1
2025-01-19,SKU-HLTH-402,Organic Whey Protein Isolate (2kg),Health & Personal Care,58,549,54.99,5,0
2025-01-20,SKU-HLTH-402,Organic Whey Protein Isolate (2kg),Health & Personal Care,71,489,54.99,5,0
2025-01-21,SKU-HLTH-402,Organic Whey Protein Isolate (2kg),Health & Personal Care,89,414,54.99,5,0
2025-01-22,SKU-HLTH-402,Organic Whey Protein Isolate (2kg),Health & Personal Care,79,347,54.99,5,0
2025-01-23,SKU-HLTH-402,Organic Whey Protein Isolate (2kg),Health & Personal Care,104,259,54.99,5,0
2025-01-24,SKU-HLTH-402,Organic Whey Protein Isolate (2kg),Health & Personal Care,91,182,54.99,5,0
2025-01-25,SKU-HLTH-402,Organic Whey Protein Isolate (2kg),Health & Personal Care,79,115,54.99,5,0
2025-01-26,SKU-HLTH-402,Organic Whey Protein Isolate (2kg),Health & Personal Care,89,40,54.99,5,0
2025-01-27,SKU-HLTH-402,Organic Whey Protein Isolate (2kg),Health & Personal Care,77,0,54.99,5,0
2025-01-28,SKU-HLTH-402,Organic Whey Protein Isolate (2kg),Health & Personal Care,55,552,54.99,5,0
2025-01-29,SKU-HLTH-402,Organic Whey Protein Isolate (2kg),Health & Personal Care,65,497,54.99,5,0
2025-01-30,SKU-HLTH-402,Organic Whey Protein Isolate (2kg),Health & Personal Care,70,438,54.99,5,0
2025-01-31,SKU-HLTH-402,Organic Whey Protein Isolate (2kg),Health & Personal Care,50,396,54.99,5,0
2025-02-01,SKU-HLTH-402,Organic Whey Protein Isolate (2kg),Health & Personal Care,91,319,54.99,5,0
2025-02-02,SKU-HLTH-402,Organic Whey Protein Isolate (2kg),Health & Personal Care,87,246,54.99,5,0
2025-02-03,SKU-HLTH-402,Organic Whey Protein Isolate (2kg),Health & Personal Care,56,199,54.99,5,0
2025-02-04,SKU-HLTH-402,Organic Whey Protein Isolate (2kg),Health & Personal Care,85,127,54.99,5,0
2025-02-05,SKU-HLTH-402,Organic Whey Protein Isolate (2kg),Health & Personal Care,90,51,54.99,5,0
2025-02-06,SKU-HLTH-402,Organic Whey Protein Isolate (2kg),Health & Personal Care,83,579,54.99,5,0
2025-02-07,SKU-HLTH-402,Organic Whey Protein Isolate (2kg),Health & Personal Care,76,515,54.99,5,0
2025-02-08,SKU-HLTH-402,Organic Whey Protein Isolate (2kg),Health & Personal Care,101,430,54.99,5,0
2025-02-09,SKU-HLTH-402,Organic Whey Protein Isolate (2kg),Health & Personal Care,102,344,54.99,5,0
2025-02-10,SKU-HLTH-402,Organic Whey Protein Isolate (2kg),Health & Personal Care,85,272,54.99,5,0
2025-02-11,SKU-HLTH-402,Organic Whey Protein Isolate (2kg),Health & Personal Care,70,213,54.99,5,0
2025-02-12,SKU-HLTH-402,Organic Whey Protein Isolate (2kg),Health & Personal Care,85,141,54.99,5,0
2025-02-13,SKU-HLTH-402,Organic Whey Protein Isolate (2kg),Health & Personal Care,98,58,54.99,5,0
2025-02-14,SKU-HLTH-402,Organic Whey Protein Isolate (2kg),Health & Personal Care,73,0,54.99,5,0
2025-02-15,SKU-HLTH-402,Organic Whey Protein Isolate (2kg),Health & Personal Care,124,493,54.99,5,0
2025-02-16,SKU-HLTH-402,Organic Whey Protein Isolate (2kg),Health & Personal Care,87,420,54.99,5,0
2025-02-17,SKU-HLTH-402,Organic Whey Protein Isolate (2kg),Health & Personal Care,83,350,54.99,5,0
2025-02-18,SKU-HLTH-402,Organic Whey Protein Isolate (2kg),Health & Personal Care,73,288,54.99,5,0
2025-02-19,SKU-HLTH-402,Organic Whey Protein Isolate (2kg),Health & Personal Care,86,215,54.99,5,0
2025-02-20,SKU-HLTH-402,Organic Whey Protein Isolate (2kg),Health & Personal Care,59,165,54.99,5,0
2025-02-21,SKU-HLTH-402,Organic Whey Protein Isolate (2kg),Health & Personal Care,76,101,54.99,5,0
2025-02-22,SKU-HLTH-402,Organic Whey Protein Isolate (2kg),Health & Personal Care,81,33,54.99,5,0
2025-02-23,SKU-HLTH-402,Organic Whey Protein Isolate (2kg),Health & Personal Care,98,0,54.99,5,0
2025-02-24,SKU-HLTH-402,Organic Whey Protein Isolate (2kg),Health & Personal Care,98,515,54.99,5,0
2025-02-25,SKU-HLTH-402,Organic Whey Protein Isolate (2kg),Health & Personal Care,93,436,54.99,5,0
2025-02-26,SKU-HLTH-402,Organic Whey Protein Isolate (2kg),Health & Personal Care,51,393,54.99,5,0
2025-02-27,SKU-HLTH-402,Organic Whey Protein Isolate (2kg),Health & Personal Care,113,297,54.99,5,0
2025-02-28,SKU-HLTH-402,Organic Whey Protein Isolate (2kg),Health & Personal Care,89,222,54.99,5,0
2025-03-01,SKU-HLTH-402,Organic Whey Protein Isolate (2kg),Health & Personal Care,87,149,54.99,5,0
2025-03-02,SKU-HLTH-402,Organic Whey Protein Isolate (2kg),Health & Personal Care,100,64,54.99,5,0
2025-03-03,SKU-HLTH-402,Organic Whey Protein Isolate (2kg),Health & Personal Care,88,0,54.99,5,0
2025-03-04,SKU-HLTH-402,Organic Whey Protein Isolate (2kg),Health & Personal Care,106,0,48.39,5,1
2025-03-05,SKU-HLTH-402,Organic Whey Protein Isolate (2kg),Health & Personal Care,118,498,48.39,5,1
2025-03-06,SKU-HLTH-402,Organic Whey Protein Isolate (2kg),Health & Personal Care,107,408,48.39,5,1
2025-03-07,SKU-HLTH-402,Organic Whey Protein Isolate (2kg),Health & Personal Care,110,315,48.39,5,1
2025-03-08,SKU-HLTH-402,Organic Whey Protein Isolate (2kg),Health & Personal Care,89,240,54.99,5,0
2025-03-09,SKU-HLTH-402,Organic Whey Protein Isolate (2kg),Health & Personal Care,79,173,54.99,5,0
2025-03-10,SKU-HLTH-402,Organic Whey Protein Isolate (2kg),Health & Personal Care,88,99,54.99,5,0
2025-03-11,SKU-HLTH-402,Organic Whey Protein Isolate (2kg),Health & Personal Care,95,19,54.99,5,0
2025-03-12,SKU-HLTH-402,Organic Whey Protein Isolate (2kg),Health & Personal Care,94,0,54.99,5,0
2025-03-13,SKU-HLTH-402,Organic Whey Protein Isolate (2kg),Health & Personal Care,98,0,54.99,5,0
2025-03-14,SKU-HLTH-402,Organic Whey Protein Isolate (2kg),Health & Personal Care,92,520,54.99,5,0
2025-03-15,SKU-HLTH-402,Organic Whey Protein Isolate (2kg),Health & Personal Care,93,441,54.99,5,0
2025-03-16,SKU-HLTH-402,Organic Whey Protein Isolate (2kg),Health & Personal Care,112,346,54.99,5,0
2025-03-17,SKU-HLTH-402,Organic Whey Protein Isolate (2kg),Health & Personal Care,68,289,54.99,5,0
2025-03-18,SKU-HLTH-402,Organic Whey Protein Isolate (2kg),Health & Personal Care,75,226,54.99,5,0
2025-03-19,SKU-HLTH-402,Organic Whey Protein Isolate (2kg),Health & Personal Care,74,164,54.99,5,0
2025-03-20,SKU-HLTH-402,Organic Whey Protein Isolate (2kg),Health & Personal Care,103,77,54.99,5,0
2025-03-21,SKU-HLTH-402,Organic Whey Protein Isolate (2kg),Health & Personal Care,101,0,54.99,5,0
2025-03-22,SKU-HLTH-402,Organic Whey Protein Isolate (2kg),Health & Personal Care,108,0,54.99,5,0
2025-03-23,SKU-HLTH-402,Organic Whey Protein Isolate (2kg),Health & Personal Care,116,500,54.99,5,0
2025-03-24,SKU-HLTH-402,Organic Whey Protein Isolate (2kg),Health & Personal Care,76,436,54.99,5,0
2025-03-25,SKU-HLTH-402,Organic Whey Protein Isolate (2kg),Health & Personal Care,93,357,54.99,5,0
2025-03-26,SKU-HLTH-402,Organic Whey Protein Isolate (2kg),Health & Personal Care,87,284,54.99,5,0
2025-03-27,SKU-HLTH-402,Organic Whey Protein Isolate (2kg),Health & Personal Care,100,199,54.99,5,0
2025-03-28,SKU-HLTH-402,Organic Whey Protein Isolate (2kg),Health & Personal Care,87,126,54.99,5,0
2025-03-29,SKU-HLTH-402,Organic Whey Protein Isolate (2kg),Health & Personal Care,97,44,54.99,5,0
2025-03-30,SKU-HLTH-402,Organic Whey Protein Isolate (2kg),Health & Personal Care,110,0,54.99,5,0
2025-03-31,SKU-HLTH-402,Organic Whey Protein Isolate (2kg),Health & Personal Care,101,0,54.99,5,0
2025-04-01,SKU-HLTH-402,Organic Whey Protein Isolate (2kg),Health & Personal Care,80,530,54.99,5,0
2025-04-02,SKU-HLTH-402,Organic Whey Protein Isolate (2kg),Health & Personal Care,88,456,54.99,5,0
2025-04-03,SKU-HLTH-402,Organic Whey Protein Isolate (2kg),Health & Personal Care,74,394,54.99,5,0
2025-04-04,SKU-HLTH-402,Organic Whey Protein Isolate (2kg),Health & Personal Care,54,349,54.99,5,0
2025-04-05,SKU-HLTH-402,Organic Whey Protein Isolate (2kg),Health & Personal Care,105,260,54.99,5,0
2025-04-06,SKU-HLTH-402,Organic Whey Protein Isolate (2kg),Health & Personal Care,111,166,54.99,5,0
2025-04-07,SKU-HLTH-402,Organic Whey Protein Isolate (2kg),Health & Personal Care,93,87,54.99,5,0
2025-04-08,SKU-HLTH-402,Organic Whey Protein Isolate (2kg),Health & Personal Care,62,35,54.99,5,0
2025-04-09,SKU-HLTH-402,Organic Whey Protein Isolate (2kg),Health & Personal Care,85,0,54.99,5,0
2025-04-10,SKU-HLTH-402,Organic Whey Protein Isolate (2kg),Health & Personal Care,58,549,54.99,5,0
2025-04-11,SKU-HLTH-402,Organic Whey Protein Isolate (2kg),Health & Personal Care,109,457,54.99,5,0
2025-04-12,SKU-HLTH-402,Organic Whey Protein Isolate (2kg),Health & Personal Care,88,383,54.99,5,0
2025-04-13,SKU-HLTH-402,Organic Whey Protein Isolate (2kg),Health & Personal Care,121,281,54.99,5,0
2025-04-14,SKU-HLTH-402,Organic Whey Protein Isolate (2kg),Health & Personal Care,103,194,54.99,5,0
2025-04-15,SKU-HLTH-402,Organic Whey Protein Isolate (2kg),Health & Personal Care,77,129,54.99,5,0
2025-04-16,SKU-HLTH-402,Organic Whey Protein Isolate (2kg),Health & Personal Care,74,67,54.99,5,0
2025-04-17,SKU-HLTH-402,Organic Whey Protein Isolate (2kg),Health & Personal Care,95,0,54.99,5,0
2025-04-18,SKU-HLTH-402,Organic Whey Protein Isolate (2kg),Health & Personal Care,78,0,54.99,5,0
2025-04-19,SKU-HLTH-402,Organic Whey Protein Isolate (2kg),Health & Personal Care,104,510,54.99,5,0
2025-04-20,SKU-HLTH-402,Organic Whey Protein Isolate (2kg),Health & Personal Care,96,429,54.99,5,0
2025-04-21,SKU-HLTH-402,Organic Whey Protein Isolate (2kg),Health & Personal Care,96,348,48.39,5,1
2025-04-22,SKU-HLTH-402,Organic Whey Protein Isolate (2kg),Health & Personal Care,90,272,48.39,5,1
2025-04-23,SKU-HLTH-402,Organic Whey Protein Isolate (2kg),Health & Personal Care,124,167,48.39,5,1
2025-04-24,SKU-HLTH-402,Organic Whey Protein Isolate (2kg),Health & Personal Care,113,71,48.39,5,1
2025-04-25,SKU-HLTH-402,Organic Whey Protein Isolate (2kg),Health & Personal Care,82,2,54.99,5,0
2025-04-26,SKU-HLTH-402,Organic Whey Protein Isolate (2kg),Health & Personal Care,113,0,54.99,5,0
2025-04-27,SKU-HLTH-402,Organic Whey Protein Isolate (2kg),Health & Personal Care,119,0,54.99,5,0
2025-04-28,SKU-HLTH-402,Organic Whey Protein Isolate (2kg),Health & Personal Care,86,525,54.99,5,0
2025-04-29,SKU-HLTH-402,Organic Whey Protein Isolate (2kg),Health & Personal Care,85,453,54.99,5,0
2025-04-30,SKU-HLTH-402,Organic Whey Protein Isolate (2kg),Health & Personal Care,96,372,54.99,5,0
2025-05-01,SKU-HLTH-402,Organic Whey Protein Isolate (2kg),Health & Personal Care,70,313,54.99,5,0
2025-05-02,SKU-HLTH-402,Organic Whey Protein Isolate (2kg),Health & Personal Care,92,235,54.99,5,0
2025-05-03,SKU-HLTH-402,Organic Whey Protein Isolate (2kg),Health & Personal Care,110,142,54.99,5,0
2025-05-04,SKU-HLTH-402,Organic Whey Protein Isolate (2kg),Health & Personal Care,112,47,54.99,5,0
2025-05-05,SKU-HLTH-402,Organic Whey Protein Isolate (2kg),Health & Personal Care,62,0,54.99,5,0
2025-05-06,SKU-HLTH-402,Organic Whey Protein Isolate (2kg),Health & Personal Care,78,0,54.99,5,0
2025-05-07,SKU-HLTH-402,Organic Whey Protein Isolate (2kg),Health & Personal Care,77,533,54.99,5,0
2025-05-08,SKU-HLTH-402,Organic Whey Protein Isolate (2kg),Health & Personal Care,90,457,54.99,5,0
2025-05-09,SKU-HLTH-402,Organic Whey Protein Isolate (2kg),Health & Personal Care,96,376,54.99,5,0
2025-05-10,SKU-HLTH-402,Organic Whey Protein Isolate (2kg),Health & Personal Care,123,272,54.99,5,0
2025-05-11,SKU-HLTH-402,Organic Whey Protein Isolate (2kg),Health & Personal Care,95,192,54.99,5,0
2025-05-12,SKU-HLTH-402,Organic Whey Protein Isolate (2kg),Health & Personal Care,82,123,54.99,5,0
2025-05-13,SKU-HLTH-402,Organic Whey Protein Isolate (2kg),Health & Personal Care,105,34,54.99,5,0
2025-05-14,SKU-HLTH-402,Organic Whey Protein Isolate (2kg),Health & Personal Care,93,0,54.99,5,0
2025-05-15,SKU-HLTH-402,Organic Whey Protein Isolate (2kg),Health & Personal Care,106,0,54.99,5,0
2025-05-16,SKU-HLTH-402,Organic Whey Protein Isolate (2kg),Health & Personal Care,92,520,54.99,5,0
2025-05-17,SKU-HLTH-402,Organic Whey Protein Isolate (2kg),Health & Personal Care,85,448,54.99,5,0
2025-05-18,SKU-HLTH-402,Organic Whey Protein Isolate (2kg),Health & Personal Care,83,378,54.99,5,0
2025-05-19,SKU-HLTH-402,Organic Whey Protein Isolate (2kg),Health & Personal Care,66,322,54.99,5,0
2025-05-20,SKU-HLTH-402,Organic Whey Protein Isolate (2kg),Health & Personal Care,97,240,54.99,5,0
2025-05-21,SKU-HLTH-402,Organic Whey Protein Isolate (2kg),Health & Personal Care,104,152,54.99,5,0
2025-05-22,SKU-HLTH-402,Organic Whey Protein Isolate (2kg),Health & Personal Care,113,56,54.99,5,0
2025-05-23,SKU-HLTH-402,Organic Whey Protein Isolate (2kg),Health & Personal Care,99,0,54.99,5,0
2025-05-24,SKU-HLTH-402,Organic Whey Protein Isolate (2kg),Health & Personal Care,117,0,54.99,5,0
2025-05-25,SKU-HLTH-402,Organic Whey Protein Isolate (2kg),Health & Personal Care,92,520,54.99,5,0
2025-05-26,SKU-HLTH-402,Organic Whey Protein Isolate (2kg),Health & Personal Care,71,460,54.99,5,0
2025-05-27,SKU-HLTH-402,Organic Whey Protein Isolate (2kg),Health & Personal Care,99,376,54.99,5,0
2025-05-28,SKU-HLTH-402,Organic Whey Protein Isolate (2kg),Health & Personal Care,93,297,54.99,5,0
2025-05-29,SKU-HLTH-402,Organic Whey Protein Isolate (2kg),Health & Personal Care,88,223,54.99,5,0
2025-05-30,SKU-HLTH-402,Organic Whey Protein Isolate (2kg),Health & Personal Care,92,145,54.99,5,0
2025-05-31,SKU-HLTH-402,Organic Whey Protein Isolate (2kg),Health & Personal Care,104,57,54.99,5,0
2025-06-01,SKU-HLTH-402,Organic Whey Protein Isolate (2kg),Health & Personal Care,117,0,54.99,5,0
2025-06-02,SKU-HLTH-402,Organic Whey Protein Isolate (2kg),Health & Personal Care,104,0,54.99,5,0
2025-06-03,SKU-HLTH-402,Organic Whey Protein Isolate (2kg),Health & Personal Care,94,519,54.99,5,0
2025-06-04,SKU-HLTH-402,Organic Whey Protein Isolate (2kg),Health & Personal Care,98,436,54.99,5,0
2025-06-05,SKU-HLTH-402,Organic Whey Protein Isolate (2kg),Health & Personal Care,93,357,54.99,5,0
2025-06-06,SKU-HLTH-402,Organic Whey Protein Isolate (2kg),Health & Personal Care,79,290,54.99,5,0
2025-06-07,SKU-HLTH-402,Organic Whey Protein Isolate (2kg),Health & Personal Care,109,198,54.99,5,0
2025-06-08,SKU-HLTH-402,Organic Whey Protein Isolate (2kg),Health & Personal Care,113,102,48.39,5,1
2025-06-09,SKU-HLTH-402,Organic Whey Protein Isolate (2kg),Health & Personal Care,129,0,48.39,5,1
2025-06-10,SKU-HLTH-402,Organic Whey Protein Isolate (2kg),Health & Personal Care,98,0,48.39,5,1
2025-06-11,SKU-HLTH-402,Organic Whey Protein Isolate (2kg),Health & Personal Care,118,0,48.39,5,1
2025-06-12,SKU-HLTH-402,Organic Whey Protein Isolate (2kg),Health & Personal Care,73,536,54.99,5,0
2025-06-13,SKU-HLTH-402,Organic Whey Protein Isolate (2kg),Health & Personal Care,92,458,54.99,5,0
2025-06-14,SKU-HLTH-402,Organic Whey Protein Isolate (2kg),Health & Personal Care,96,377,54.99,5,0
2025-06-15,SKU-HLTH-402,Organic Whey Protein Isolate (2kg),Health & Personal Care,74,315,54.99,5,0
2025-06-16,SKU-HLTH-402,Organic Whey Protein Isolate (2kg),Health & Personal Care,90,239,54.99,5,0
2025-06-17,SKU-HLTH-402,Organic Whey Protein Isolate (2kg),Health & Personal Care,76,175,54.99,5,0
2025-06-18,SKU-HLTH-402,Organic Whey Protein Isolate (2kg),Health & Personal Care,96,94,54.99,5,0
2025-06-19,SKU-HLTH-402,Organic Whey Protein Isolate (2kg),Health & Personal Care,83,24,54.99,5,0
2025-06-20,SKU-HLTH-402,Organic Whey Protein Isolate (2kg),Health & Personal Care,89,0,54.99,5,0
2025-06-21,SKU-HLTH-402,Organic Whey Protein Isolate (2kg),Health & Personal Care,82,529,54.99,5,0
2025-06-22,SKU-HLTH-402,Organic Whey Protein Isolate (2kg),Health & Personal Care,87,456,54.99,5,0
2025-06-23,SKU-HLTH-402,Organic Whey Protein Isolate (2kg),Health & Personal Care,76,392,54.99,5,0
2025-06-24,SKU-HLTH-402,Organic Whey Protein Isolate (2kg),Health & Personal Care,94,313,54.99,5,0
2025-06-25,SKU-HLTH-402,Organic Whey Protein Isolate (2kg),Health & Personal Care,106,223,54.99,5,0
2025-06-26,SKU-HLTH-402,Organic Whey Protein Isolate (2kg),Health & Personal Care,71,163,54.99,5,0
2025-06-27,SKU-HLTH-402,Organic Whey Protein Isolate (2kg),Health & Personal Care,97,81,54.99,5,0
2025-06-28,SKU-HLTH-402,Organic Whey Protein Isolate (2kg),Health & Personal Care,63,28,54.99,5,0
2025-06-29,SKU-HLTH-402,Organic Whey Protein Isolate (2kg),Health & Personal Care,77,0,54.99,5,0
2025-06-30,SKU-HLTH-402,Organic Whey Protein Isolate (2kg),Health & Personal Care,68,541,54.99,5,0
2025-07-01,SKU-HLTH-402,Organic Whey Protein Isolate (2kg),Health & Personal Care,62,489,54.99,5,0
2025-07-02,SKU-HLTH-402,Organic Whey Protein Isolate (2kg),Health & Personal Care,59,439,54.99,5,0
2025-07-03,SKU-HLTH-402,Organic Whey Protein Isolate (2kg),Health & Personal Care,86,366,54.99,5,0
2025-07-04,SKU-HLTH-402,Organic Whey Protein Isolate (2kg),Health & Personal Care,77,301,54.99,5,0
2025-07-05,SKU-HLTH-402,Organic Whey Protein Isolate (2kg),Health & Personal Care,98,218,54.99,5,0
2025-07-06,SKU-HLTH-402,Organic Whey Protein Isolate (2kg),Health & Personal Care,102,132,54.99,5,0
2025-07-07,SKU-HLTH-402,Organic Whey Protein Isolate (2kg),Health & Personal Care,84,61,54.99,5,0
2025-07-08,SKU-HLTH-402,Organic Whey Protein Isolate (2kg),Health & Personal Care,89,0,54.99,5,0
2025-07-09,SKU-HLTH-402,Organic Whey Protein Isolate (2kg),Health & Personal Care,79,531,54.99,5,0
2025-07-10,SKU-HLTH-402,Organic Whey Protein Isolate (2kg),Health & Personal Care,63,478,54.99,5,0
2025-07-11,SKU-HLTH-402,Organic Whey Protein Isolate (2kg),Health & Personal Care,94,399,54.99,5,0
2025-07-12,SKU-HLTH-402,Organic Whey Protein Isolate (2kg),Health & Personal Care,83,329,54.99,5,0
2025-07-13,SKU-HLTH-402,Organic Whey Protein Isolate (2kg),Health & Personal Care,77,264,54.99,5,0
2025-07-14,SKU-HLTH-402,Organic Whey Protein Isolate (2kg),Health & Personal Care,76,200,54.99,5,0
2025-07-15,SKU-HLTH-402,Organic Whey Protein Isolate (2kg),Health & Personal Care,66,144,54.99,5,0
2025-07-16,SKU-HLTH-402,Organic Whey Protein Isolate (2kg),Health & Personal Care,72,83,54.99,5,0
2025-07-17,SKU-HLTH-402,Organic Whey Protein Isolate (2kg),Health & Personal Care,83,13,54.99,5,0
2025-07-18,SKU-HLTH-402,Organic Whey Protein Isolate (2kg),Health & Personal Care,83,541,54.99,5,0
2025-07-19,SKU-HLTH-402,Organic Whey Protein Isolate (2kg),Health & Personal Care,77,476,54.99,5,0
2025-07-20,SKU-HLTH-402,Organic Whey Protein Isolate (2kg),Health & Personal Care,82,407,54.99,5,0
2025-07-21,SKU-HLTH-402,Organic Whey Protein Isolate (2kg),Health & Personal Care,92,329,54.99,5,0
2025-07-22,SKU-HLTH-402,Organic Whey Protein Isolate (2kg),Health & Personal Care,84,258,54.99,5,0
2025-07-23,SKU-HLTH-402,Organic Whey Protein Isolate (2kg),Health & Personal Care,106,168,54.99,5,0
2025-07-24,SKU-HLTH-402,Organic Whey Protein Isolate (2kg),Health & Personal Care,93,89,54.99,5,0
2025-07-25,SKU-HLTH-402,Organic Whey Protein Isolate (2kg),Health & Personal Care,93,10,54.99,5,0
2025-07-26,SKU-HLTH-402,Organic Whey Protein Isolate (2kg),Health & Personal Care,99,0,48.39,5,1
2025-07-27,SKU-HLTH-402,Organic Whey Protein Isolate (2kg),Health & Personal Care,129,489,48.39,5,1
2025-07-28,SKU-HLTH-402,Organic Whey Protein Isolate (2kg),Health & Personal Care,102,403,48.39,5,1
2025-07-29,SKU-HLTH-402,Organic Whey Protein Isolate (2kg),Health & Personal Care,95,323,48.39,5,1
2025-07-30,SKU-HLTH-402,Organic Whey Protein Isolate (2kg),Health & Personal Care,78,257,54.99,5,0
2025-07-31,SKU-HLTH-402,Organic Whey Protein Isolate (2kg),Health & Personal Care,89,182,54.99,5,0
2025-08-01,SKU-HLTH-402,Organic Whey Protein Isolate (2kg),Health & Personal Care,82,113,54.99,5,0
2025-08-02,SKU-HLTH-402,Organic Whey Protein Isolate (2kg),Health & Personal Care,74,51,54.99,5,0
2025-08-03,SKU-HLTH-402,Organic Whey Protein Isolate (2kg),Health & Personal Care,97,0,54.99,5,0
2025-08-04,SKU-HLTH-402,Organic Whey Protein Isolate (2kg),Health & Personal Care,66,0,54.99,5,0
2025-08-05,SKU-HLTH-402,Organic Whey Protein Isolate (2kg),Health & Personal Care,78,532,54.99,5,0
2025-08-06,SKU-HLTH-402,Organic Whey Protein Isolate (2kg),Health & Personal Care,70,473,54.99,5,0
2025-08-07,SKU-HLTH-402,Organic Whey Protein Isolate (2kg),Health & Personal Care,71,413,54.99,5,0
2025-08-08,SKU-HLTH-402,Organic Whey Protein Isolate (2kg),Health & Personal Care,85,341,54.99,5,0
2025-08-09,SKU-HLTH-402,Organic Whey Protein Isolate (2kg),Health & Personal Care,71,281,54.99,5,0
2025-08-10,SKU-HLTH-402,Organic Whey Protein Isolate (2kg),Health & Personal Care,112,186,54.99,5,0
2025-08-11,SKU-HLTH-402,Organic Whey Protein Isolate (2kg),Health & Personal Care,48,146,54.99,5,0
2025-08-12,SKU-HLTH-402,Organic Whey Protein Isolate (2kg),Health & Personal Care,65,91,54.99,5,0
2025-08-13,SKU-HLTH-402,Organic Whey Protein Isolate (2kg),Health & Personal Care,79,24,54.99,5,0
2025-08-14,SKU-HLTH-402,Organic Whey Protein Isolate (2kg),Health & Personal Care,81,554,54.99,5,0
2025-08-15,SKU-HLTH-402,Organic Whey Protein Isolate (2kg),Health & Personal Care,72,493,54.99,5,0
2025-08-16,SKU-HLTH-402,Organic Whey Protein Isolate (2kg),Health & Personal Care,83,423,54.99,5,0
2025-08-17,SKU-HLTH-402,Organic Whey Protein Isolate (2kg),Health & Personal Care,90,347,54.99,5,0
2025-08-18,SKU-HLTH-402,Organic Whey Protein Isolate (2kg),Health & Personal Care,70,288,54.99,5,0
2025-08-19,SKU-HLTH-402,Organic Whey Protein Isolate (2kg),Health & Personal Care,92,210,54.99,5,0
2025-08-20,SKU-HLTH-402,Organic Whey Protein Isolate (2kg),Health & Personal Care,84,139,54.99,5,0
2025-08-21,SKU-HLTH-402,Organic Whey Protein Isolate (2kg),Health & Personal Care,85,67,54.99,5,0
2025-08-22,SKU-HLTH-402,Organic Whey Protein Isolate (2kg),Health & Personal Care,59,17,54.99,5,0
2025-08-23,SKU-HLTH-402,Organic Whey Protein Isolate (2kg),Health & Personal Care,82,546,54.99,5,0
2025-08-24,SKU-HLTH-402,Organic Whey Protein Isolate (2kg),Health & Personal Care,79,479,54.99,5,0
2025-08-25,SKU-HLTH-402,Organic Whey Protein Isolate (2kg),Health & Personal Care,58,430,54.99,5,0
2025-08-26,SKU-HLTH-402,Organic Whey Protein Isolate (2kg),Health & Personal Care,77,365,54.99,5,0
2025-08-27,SKU-HLTH-402,Organic Whey Protein Isolate (2kg),Health & Personal Care,64,311,54.99,5,0
2025-08-28,SKU-HLTH-402,Organic Whey Protein Isolate (2kg),Health & Personal Care,81,243,54.99,5,0
2025-08-29,SKU-HLTH-402,Organic Whey Protein Isolate (2kg),Health & Personal Care,57,195,54.99,5,0
2025-08-30,SKU-HLTH-402,Organic Whey Protein Isolate (2kg),Health & Personal Care,106,105,54.99,5,0
2025-08-31,SKU-HLTH-402,Organic Whey Protein Isolate (2kg),Health & Personal Care,70,46,54.99,5,0
2025-09-01,SKU-HLTH-402,Organic Whey Protein Isolate (2kg),Health & Personal Care,74,582,54.99,5,0
2025-09-02,SKU-HLTH-402,Organic Whey Protein Isolate (2kg),Health & Personal Care,82,513,54.99,5,0
2025-09-03,SKU-HLTH-402,Organic Whey Protein Isolate (2kg),Health & Personal Care,63,460,54.99,5,0
2025-09-04,SKU-HLTH-402,Organic Whey Protein Isolate (2kg),Health & Personal Care,83,390,54.99,5,0
2025-09-05,SKU-HLTH-402,Organic Whey Protein Isolate (2kg),Health & Personal Care,54,345,54.99,5,0
2025-09-06,SKU-HLTH-402,Organic Whey Protein Isolate (2kg),Health & Personal Care,102,259,54.99,5,0
2025-09-07,SKU-HLTH-402,Organic Whey Protein Isolate (2kg),Health & Personal Care,82,190,54.99,5,0
2025-09-08,SKU-HLTH-402,Organic Whey Protein Isolate (2kg),Health & Personal Care,63,137,54.99,5,0
2025-09-09,SKU-HLTH-402,Organic Whey Protein Isolate (2kg),Health & Personal Care,67,81,54.99,5,0
2025-09-10,SKU-HLTH-402,Organic Whey Protein Isolate (2kg),Health & Personal Care,82,610,54.99,5,0
2025-09-11,SKU-HLTH-402,Organic Whey Protein Isolate (2kg),Health & Personal Care,63,557,54.99,5,0
2025-09-12,SKU-HLTH-402,Organic Whey Protein Isolate (2kg),Health & Personal Care,85,485,48.39,5,1
2025-09-13,SKU-HLTH-402,Organic Whey Protein Isolate (2kg),Health & Personal Care,107,395,48.39,5,1
2025-09-14,SKU-HLTH-402,Organic Whey Protein Isolate (2kg),Health & Personal Care,93,316,48.39,5,1
2025-09-15,SKU-HLTH-402,Organic Whey Protein Isolate (2kg),Health & Personal Care,121,214,48.39,5,1
2025-09-16,SKU-HLTH-402,Organic Whey Protein Isolate (2kg),Health & Personal Care,63,161,54.99,5,0
2025-09-17,SKU-HLTH-402,Organic Whey Protein Isolate (2kg),Health & Personal Care,82,92,54.99,5,0
2025-09-18,SKU-HLTH-402,Organic Whey Protein Isolate (2kg),Health & Personal Care,74,30,54.99,5,0
2025-09-19,SKU-HLTH-402,Organic Whey Protein Isolate (2kg),Health & Personal Care,57,580,54.99,5,0
2025-09-20,SKU-HLTH-402,Organic Whey Protein Isolate (2kg),Health & Personal Care,81,512,54.99,5,0
2025-09-21,SKU-HLTH-402,Organic Whey Protein Isolate (2kg),Health & Personal Care,92,434,54.99,5,0
2025-09-22,SKU-HLTH-402,Organic Whey Protein Isolate (2kg),Health & Personal Care,68,377,54.99,5,0
2025-09-23,SKU-HLTH-402,Organic Whey Protein Isolate (2kg),Health & Personal Care,87,304,54.99,5,0
2025-09-24,SKU-HLTH-402,Organic Whey Protein Isolate (2kg),Health & Personal Care,85,232,54.99,5,0
2025-09-25,SKU-HLTH-402,Organic Whey Protein Isolate (2kg),Health & Personal Care,83,162,54.99,5,0
2025-09-26,SKU-HLTH-402,Organic Whey Protein Isolate (2kg),Health & Personal Care,64,108,54.99,5,0
2025-09-27,SKU-HLTH-402,Organic Whey Protein Isolate (2kg),Health & Personal Care,66,52,54.99,5,0
2025-09-28,SKU-HLTH-402,Organic Whey Protein Isolate (2kg),Health & Personal Care,73,588,54.99,5,0
2025-09-29,SKU-HLTH-402,Organic Whey Protein Isolate (2kg),Health & Personal Care,73,526,54.99,5,0
2025-09-30,SKU-HLTH-402,Organic Whey Protein Isolate (2kg),Health & Personal Care,78,460,54.99,5,0
2025-10-01,SKU-HLTH-402,Organic Whey Protein Isolate (2kg),Health & Personal Care,40,426,54.99,5,0
2025-10-02,SKU-HLTH-402,Organic Whey Protein Isolate (2kg),Health & Personal Care,71,366,54.99,5,0
2025-10-03,SKU-HLTH-402,Organic Whey Protein Isolate (2kg),Health & Personal Care,73,304,54.99,5,0
2025-10-04,SKU-HLTH-402,Organic Whey Protein Isolate (2kg),Health & Personal Care,78,238,54.99,5,0
2025-10-05,SKU-HLTH-402,Organic Whey Protein Isolate (2kg),Health & Personal Care,100,153,54.99,5,0
2025-10-06,SKU-HLTH-402,Organic Whey Protein Isolate (2kg),Health & Personal Care,77,88,54.99,5,0
2025-10-07,SKU-HLTH-402,Organic Whey Protein Isolate (2kg),Health & Personal Care,90,610,54.99,5,0
2025-10-08,SKU-HLTH-402,Organic Whey Protein Isolate (2kg),Health & Personal Care,68,553,54.99,5,0
2025-10-09,SKU-HLTH-402,Organic Whey Protein Isolate (2kg),Health & Personal Care,85,481,54.99,5,0
2025-10-10,SKU-HLTH-402,Organic Whey Protein Isolate (2kg),Health & Personal Care,94,402,54.99,5,0
2025-10-11,SKU-HLTH-402,Organic Whey Protein Isolate (2kg),Health & Personal Care,101,317,54.99,5,0
2025-10-12,SKU-HLTH-402,Organic Whey Protein Isolate (2kg),Health & Personal Care,67,261,54.99,5,0
2025-10-13,SKU-HLTH-402,Organic Whey Protein Isolate (2kg),Health & Personal Care,68,204,54.99,5,0
2025-10-14,SKU-HLTH-402,Organic Whey Protein Isolate (2kg),Health & Personal Care,67,148,54.99,5,0
2025-10-15,SKU-HLTH-402,Organic Whey Protein Isolate (2kg),Health & Personal Care,79,81,54.99,5,0
2025-10-16,SKU-HLTH-402,Organic Whey Protein Isolate (2kg),Health & Personal Care,82,610,54.99,5,0
2025-10-17,SKU-HLTH-402,Organic Whey Protein Isolate (2kg),Health & Personal Care,60,559,54.99,5,0
2025-10-18,SKU-HLTH-402,Organic Whey Protein Isolate (2kg),Health & Personal Care,84,488,54.99,5,0
2025-10-19,SKU-HLTH-402,Organic Whey Protein Isolate (2kg),Health & Personal Care,55,442,54.99,5,0
2025-10-20,SKU-HLTH-402,Organic Whey Protein Isolate (2kg),Health & Personal Care,93,363,54.99,5,0
2025-10-21,SKU-HLTH-402,Organic Whey Protein Isolate (2kg),Health & Personal Care,66,307,54.99,5,0
2025-10-22,SKU-HLTH-402,Organic Whey Protein Isolate (2kg),Health & Personal Care,74,245,54.99,5,0
2025-10-23,SKU-HLTH-402,Organic Whey Protein Isolate (2kg),Health & Personal Care,69,187,54.99,5,0
2025-10-24,SKU-HLTH-402,Organic Whey Protein Isolate (2kg),Health & Personal Care,89,112,54.99,5,0
2025-10-25,SKU-HLTH-402,Organic Whey Protein Isolate (2kg),Health & Personal Care,45,672,54.99,5,0
2025-10-26,SKU-HLTH-402,Organic Whey Protein Isolate (2kg),Health & Personal Care,84,601,54.99,5,0
2025-10-27,SKU-HLTH-402,Organic Whey Protein Isolate (2kg),Health & Personal Care,72,540,54.99,5,0
2025-10-28,SKU-HLTH-402,Organic Whey Protein Isolate (2kg),Health & Personal Care,67,484,54.99,5,0
2025-10-29,SKU-HLTH-402,Organic Whey Protein Isolate (2kg),Health & Personal Care,98,401,54.99,5,0
2025-10-30,SKU-HLTH-402,Organic Whey Protein Isolate (2kg),Health & Personal Care,88,327,48.39,5,1
2025-10-31,SKU-HLTH-402,Organic Whey Protein Isolate (2kg),Health & Personal Care,111,233,48.39,5,1
2025-11-01,SKU-HLTH-402,Organic Whey Protein Isolate (2kg),Health & Personal Care,121,131,48.39,5,1
2025-11-02,SKU-HLTH-402,Organic Whey Protein Isolate (2kg),Health & Personal Care,134,18,48.39,5,1
2025-11-03,SKU-HLTH-402,Organic Whey Protein Isolate (2kg),Health & Personal Care,66,560,54.99,5,0
2025-11-04,SKU-HLTH-402,Organic Whey Protein Isolate (2kg),Health & Personal Care,65,505,54.99,5,0
2025-11-05,SKU-HLTH-402,Organic Whey Protein Isolate (2kg),Health & Personal Care,91,428,54.99,5,0
2025-11-06,SKU-HLTH-402,Organic Whey Protein Isolate (2kg),Health & Personal Care,82,359,54.99,5,0
2025-11-07,SKU-HLTH-402,Organic Whey Protein Isolate (2kg),Health & Personal Care,54,314,54.99,5,0
2025-11-08,SKU-HLTH-402,Organic Whey Protein Isolate (2kg),Health & Personal Care,80,246,54.99,5,0
2025-11-09,SKU-HLTH-402,Organic Whey Protein Isolate (2kg),Health & Personal Care,93,167,54.99,5,0
2025-11-10,SKU-HLTH-402,Organic Whey Protein Isolate (2kg),Health & Personal Care,88,93,54.99,5,0
2025-11-11,SKU-HLTH-402,Organic Whey Protein Isolate (2kg),Health & Personal Care,67,37,54.99,5,0
2025-11-12,SKU-HLTH-402,Organic Whey Protein Isolate (2kg),Health & Personal Care,36,605,54.99,5,0
2025-11-13,SKU-HLTH-402,Organic Whey Protein Isolate (2kg),Health & Personal Care,84,534,54.99,5,0
2025-11-14,SKU-HLTH-402,Organic Whey Protein Isolate (2kg),Health & Personal Care,60,483,54.99,5,0
2025-11-15,SKU-HLTH-402,Organic Whey Protein Isolate (2kg),Health & Personal Care,61,432,54.99,5,0
2025-11-16,SKU-HLTH-402,Organic Whey Protein Isolate (2kg),Health & Personal Care,50,390,54.99,5,0
2025-11-17,SKU-HLTH-402,Organic Whey Protein Isolate (2kg),Health & Personal Care,90,314,54.99,5,0
2025-11-18,SKU-HLTH-402,Organic Whey Protein Isolate (2kg),Health & Personal Care,80,246,54.99,5,0
2025-11-19,SKU-HLTH-402,Organic Whey Protein Isolate (2kg),Health & Personal Care,75,183,54.99,5,0
2025-11-20,SKU-HLTH-402,Organic Whey Protein Isolate (2kg),Health & Personal Care,98,100,54.99,5,0
2025-11-21,SKU-HLTH-402,Organic Whey Protein Isolate (2kg),Health & Personal Care,88,624,54.99,5,0
2025-11-22,SKU-HLTH-402,Organic Whey Protein Isolate (2kg),Health & Personal Care,114,528,54.99,5,0
2025-11-23,SKU-HLTH-402,Organic Whey Protein Isolate (2kg),Health & Personal Care,72,467,54.99,5,0
2025-11-24,SKU-HLTH-402,Organic Whey Protein Isolate (2kg),Health & Personal Care,79,400,54.99,5,0
2025-11-25,SKU-HLTH-402,Organic Whey Protein Isolate (2kg),Health & Personal Care,58,351,54.99,5,0
2025-11-26,SKU-HLTH-402,Organic Whey Protein Isolate (2kg),Health & Personal Care,77,286,54.99,5,0
2025-11-27,SKU-HLTH-402,Organic Whey Protein Isolate (2kg),Health & Personal Care,77,221,54.99,5,0
2025-11-28,SKU-HLTH-402,Organic Whey Protein Isolate (2kg),Health & Personal Care,90,145,54.99,5,0
2025-11-29,SKU-HLTH-402,Organic Whey Protein Isolate (2kg),Health & Personal Care,94,66,54.99,5,0
2025-11-30,SKU-HLTH-402,Organic Whey Protein Isolate (2kg),Health & Personal Care,103,577,54.99,5,0
2025-12-01,SKU-HLTH-402,Organic Whey Protein Isolate (2kg),Health & Personal Care,92,499,54.99,5,0
2025-12-02,SKU-HLTH-402,Organic Whey Protein Isolate (2kg),Health & Personal Care,112,404,54.99,5,0
2025-12-03,SKU-HLTH-402,Organic Whey Protein Isolate (2kg),Health & Personal Care,78,338,54.99,5,0
2025-12-04,SKU-HLTH-402,Organic Whey Protein Isolate (2kg),Health & Personal Care,70,279,54.99,5,0
2025-12-05,SKU-HLTH-402,Organic Whey Protein Isolate (2kg),Health & Personal Care,87,206,54.99,5,0
2025-12-06,SKU-HLTH-402,Organic Whey Protein Isolate (2kg),Health & Personal Care,85,134,54.99,5,0
2025-12-07,SKU-HLTH-402,Organic Whey Protein Isolate (2kg),Health & Personal Care,117,35,54.99,5,0
2025-12-08,SKU-HLTH-402,Organic Whey Protein Isolate (2kg),Health & Personal Care,80,0,54.99,5,0
2025-12-09,SKU-HLTH-402,Organic Whey Protein Isolate (2kg),Health & Personal Care,77,533,54.99,5,0
2025-12-10,SKU-HLTH-402,Organic Whey Protein Isolate (2kg),Health & Personal Care,78,467,54.99,5,0
2025-12-11,SKU-HLTH-402,Organic Whey Protein Isolate (2kg),Health & Personal Care,95,387,54.99,5,0
2025-12-12,SKU-HLTH-402,Organic Whey Protein Isolate (2kg),Health & Personal Care,83,317,54.99,5,0
2025-12-13,SKU-HLTH-402,Organic Whey Protein Isolate (2kg),Health & Personal Care,90,241,54.99,5,0
2025-12-14,SKU-HLTH-402,Organic Whey Protein Isolate (2kg),Health & Personal Care,122,138,54.99,5,0
2025-12-15,SKU-HLTH-402,Organic Whey Protein Isolate (2kg),Health & Personal Care,74,76,54.99,5,0
2025-12-16,SKU-HLTH-402,Organic Whey Protein Isolate (2kg),Health & Personal Care,87,3,54.99,5,0
2025-12-17,SKU-HLTH-402,Organic Whey Protein Isolate (2kg),Health & Personal Care,127,0,48.39,5,1
2025-12-18,SKU-HLTH-402,Organic Whey Protein Isolate (2kg),Health & Personal Care,95,518,48.39,5,1
2025-12-19,SKU-HLTH-402,Organic Whey Protein Isolate (2kg),Health & Personal Care,125,412,48.39,5,1
2025-12-20,SKU-HLTH-402,Organic Whey Protein Isolate (2kg),Health & Personal Care,122,309,48.39,5,1
2025-12-21,SKU-HLTH-402,Organic Whey Protein Isolate (2kg),Health & Personal Care,113,213,54.99,5,0
2025-12-22,SKU-HLTH-402,Organic Whey Protein Isolate (2kg),Health & Personal Care,75,150,54.99,5,0
2025-12-23,SKU-HLTH-402,Organic Whey Protein Isolate (2kg),Health & Personal Care,99,66,54.99,5,0
2025-12-24,SKU-HLTH-402,Organic Whey Protein Isolate (2kg),Health & Personal Care,105,0,54.99,5,0
2025-12-25,SKU-HLTH-402,Organic Whey Protein Isolate (2kg),Health & Personal Care,102,0,54.99,5,0
2025-12-26,SKU-HLTH-402,Organic Whey Protein Isolate (2kg),Health & Personal Care,94,0,54.99,5,0
2025-12-27,SKU-HLTH-402,Organic Whey Protein Isolate (2kg),Health & Personal Care,101,513,54.99,5,0
2025-12-28,SKU-HLTH-402,Organic Whey Protein Isolate (2kg),Health & Personal Care,96,432,54.99,5,0
2025-12-29,SKU-HLTH-402,Organic Whey Protein Isolate (2kg),Health & Personal Care,112,337,54.99,5,0
2025-12-30,SKU-HLTH-402,Organic Whey Protein Isolate (2kg),Health & Personal Care,82,268,54.99,5,0
2025-12-31,SKU-HLTH-402,Organic Whey Protein Isolate (2kg),Health & Personal Care,77,203,54.99,5,0
2026-01-01,SKU-HLTH-402,Organic Whey Protein Isolate (2kg),Health & Personal Care,101,118,54.99,5,0
2026-01-02,SKU-HLTH-402,Organic Whey Protein Isolate (2kg),Health & Personal Care,81,50,54.99,5,0
2026-01-03,SKU-HLTH-402,Organic Whey Protein Isolate (2kg),Health & Personal Care,94,0,54.99,5,0
2026-01-04,SKU-HLTH-402,Organic Whey Protein Isolate (2kg),Health & Personal Care,87,0,54.99,5,0
2026-01-05,SKU-HLTH-402,Organic Whey Protein Isolate (2kg),Health & Personal Care,87,525,54.99,5,0
2026-01-06,SKU-HLTH-402,Organic Whey Protein Isolate (2kg),Health & Personal Care,93,446,54.99,5,0
2026-01-07,SKU-HLTH-402,Organic Whey Protein Isolate (2kg),Health & Personal Care,98,363,54.99,5,0
2026-01-08,SKU-HLTH-402,Organic Whey Protein Isolate (2kg),Health & Personal Care,108,272,54.99,5,0
2026-01-09,SKU-HLTH-402,Organic Whey Protein Isolate (2kg),Health & Personal Care,102,186,54.99,5,0
2026-01-10,SKU-HLTH-402,Organic Whey Protein Isolate (2kg),Health & Personal Care,107,96,54.99,5,0
2026-01-11,SKU-HLTH-402,Organic Whey Protein Isolate (2kg),Health & Personal Care,107,6,54.99,5,0
2026-01-12,SKU-HLTH-402,Organic Whey Protein Isolate (2kg),Health & Personal Care,103,0,54.99,5,0
2026-01-13,SKU-HLTH-402,Organic Whey Protein Isolate (2kg),Health & Personal Care,114,0,54.99,5,0
2026-01-14,SKU-HLTH-402,Organic Whey Protein Isolate (2kg),Health & Personal Care,98,515,54.99,5,0
2026-01-15,SKU-HLTH-402,Organic Whey Protein Isolate (2kg),Health & Personal Care,90,439,54.99,5,0
2026-01-16,SKU-HLTH-402,Organic Whey Protein Isolate (2kg),Health & Personal Care,83,369,54.99,5,0
2026-01-17,SKU-HLTH-402,Organic Whey Protein Isolate (2kg),Health & Personal Care,92,291,54.99,5,0
2026-01-18,SKU-HLTH-402,Organic Whey Protein Isolate (2kg),Health & Personal Care,122,188,54.99,5,0
2026-01-19,SKU-HLTH-402,Organic Whey Protein Isolate (2kg),Health & Personal Care,106,98,54.99,5,0
2026-01-20,SKU-HLTH-402,Organic Whey Protein Isolate (2kg),Health & Personal Care,107,8,54.99,5,0
2026-01-21,SKU-HLTH-402,Organic Whey Protein Isolate (2kg),Health & Personal Care,97,0,54.99,5,0
2026-01-22,SKU-HLTH-402,Organic Whey Protein Isolate (2kg),Health & Personal Care,119,0,54.99,5,0
2026-01-23,SKU-HLTH-402,Organic Whey Protein Isolate (2kg),Health & Personal Care,93,519,54.99,5,0
2026-01-24,SKU-HLTH-402,Organic Whey Protein Isolate (2kg),Health & Personal Care,128,411,54.99,5,0
2026-01-25,SKU-HLTH-402,Organic Whey Protein Isolate (2kg),Health & Personal Care,115,314,54.99,5,0
2026-01-26,SKU-HLTH-402,Organic Whey Protein Isolate (2kg),Health & Personal Care,92,236,54.99,5,0
2026-01-27,SKU-HLTH-402,Organic Whey Protein Isolate (2kg),Health & Personal Care,109,144,54.99,5,0
2026-01-28,SKU-HLTH-402,Organic Whey Protein Isolate (2kg),Health & Personal Care,107,54,54.99,5,0
2026-01-29,SKU-HLTH-402,Organic Whey Protein Isolate (2kg),Health & Personal Care,107,0,54.99,5,0
2026-01-30,SKU-HLTH-402,Organic Whey Protein Isolate (2kg),Health & Personal Care,103,0,54.99,5,0
2026-01-31,SKU-HLTH-402,Organic Whey Protein Isolate (2kg),Health & Personal Care,117,0,54.99,5,0
2026-02-01,SKU-HLTH-402,Organic Whey Protein Isolate (2kg),Health & Personal Care,151,470,54.99,5,0
2026-02-02,SKU-HLTH-402,Organic Whey Protein Isolate (2kg),Health & Personal Care,119,369,54.99,5,0
2026-02-03,SKU-HLTH-402,Organic Whey Protein Isolate (2kg),Health & Personal Care,149,243,48.39,5,1
2026-02-04,SKU-HLTH-402,Organic Whey Protein Isolate (2kg),Health & Personal Care,141,124,48.39,5,1
2026-02-05,SKU-HLTH-402,Organic Whey Protein Isolate (2kg),Health & Personal Care,154,0,48.39,5,1
2026-02-06,SKU-HLTH-402,Organic Whey Protein Isolate (2kg),Health & Personal Care,148,0,48.39,5,1
2026-02-07,SKU-HLTH-402,Organic Whey Protein Isolate (2kg),Health & Personal Care,120,0,54.99,5,0
2026-02-08,SKU-HLTH-402,Organic Whey Protein Isolate (2kg),Health & Personal Care,116,0,54.99,5,0
2026-02-09,SKU-HLTH-402,Organic Whey Protein Isolate (2kg),Health & Personal Care,104,0,54.99,5,0
2026-02-10,SKU-HLTH-402,Organic Whey Protein Isolate (2kg),Health & Personal Care,61,547,54.99,5,0
2026-02-11,SKU-HLTH-402,Organic Whey Protein Isolate (2kg),Health & Personal Care,109,455,54.99,5,0
2026-02-12,SKU-HLTH-402,Organic Whey Protein Isolate (2kg),Health & Personal Care,99,371,54.99,5,0
2026-02-13,SKU-HLTH-402,Organic Whey Protein Isolate (2kg),Health & Personal Care,128,263,54.99,5,0
2026-02-14,SKU-HLTH-402,Organic Whey Protein Isolate (2kg),Health & Personal Care,123,159,54.99,5,0
2026-02-15,SKU-HLTH-402,Organic Whey Protein Isolate (2kg),Health & Personal Care,106,69,54.99,5,0
2026-02-16,SKU-HLTH-402,Organic Whey Protein Isolate (2kg),Health & Personal Care,106,0,54.99,5,0
2026-02-17,SKU-HLTH-402,Organic Whey Protein Isolate (2kg),Health & Personal Care,93,0,54.99,5,0
2026-02-18,SKU-HLTH-402,Organic Whey Protein Isolate (2kg),Health & Personal Care,114,0,54.99,5,0
2026-02-19,SKU-HLTH-402,Organic Whey Protein Isolate (2kg),Health & Personal Care,112,503,54.99,5,0
2026-02-20,SKU-HLTH-402,Organic Whey Protein Isolate (2kg),Health & Personal Care,121,401,54.99,5,0
2026-02-21,SKU-HLTH-402,Organic Whey Protein Isolate (2kg),Health & Personal Care,113,305,54.99,5,0
2026-02-22,SKU-HLTH-402,Organic Whey Protein Isolate (2kg),Health & Personal Care,125,199,54.99,5,0
2026-02-23,SKU-HLTH-402,Organic Whey Protein Isolate (2kg),Health & Personal Care,90,123,54.99,5,0
2026-02-24,SKU-HLTH-402,Organic Whey Protein Isolate (2kg),Health & Personal Care,119,22,54.99,5,0
2026-02-25,SKU-HLTH-402,Organic Whey Protein Isolate (2kg),Health & Personal Care,117,0,54.99,5,0
2026-02-26,SKU-HLTH-402,Organic Whey Protein Isolate (2kg),Health & Personal Care,116,0,54.99,5,0
2026-02-27,SKU-HLTH-402,Organic Whey Protein Isolate (2kg),Health & Personal Care,110,0,54.99,5,0
2026-02-28,SKU-HLTH-402,Organic Whey Protein Isolate (2kg),Health & Personal Care,132,486,54.99,5,0
2026-03-01,SKU-HLTH-402,Organic Whey Protein Isolate (2kg),Health & Personal Care,149,360,54.99,5,0
2026-03-02,SKU-HLTH-402,Organic Whey Protein Isolate (2kg),Health & Personal Care,106,270,54.99,5,0
2026-03-03,SKU-HLTH-402,Organic Whey Protein Isolate (2kg),Health & Personal Care,113,174,54.99,5,0
2026-03-04,SKU-HLTH-402,Organic Whey Protein Isolate (2kg),Health & Personal Care,96,93,54.99,5,0
2026-03-05,SKU-HLTH-402,Organic Whey Protein Isolate (2kg),Health & Personal Care,99,9,54.99,5,0
2026-03-06,SKU-HLTH-402,Organic Whey Protein Isolate (2kg),Health & Personal Care,113,0,54.99,5,0
2026-03-07,SKU-HLTH-402,Organic Whey Protein Isolate (2kg),Health & Personal Care,144,0,54.99,5,0
2026-03-08,SKU-HLTH-402,Organic Whey Protein Isolate (2kg),Health & Personal Care,125,0,54.99,5,0
2026-03-09,SKU-HLTH-402,Organic Whey Protein Isolate (2kg),Health & Personal Care,109,506,54.99,5,0
2026-03-10,SKU-HLTH-402,Organic Whey Protein Isolate (2kg),Health & Personal Care,106,416,54.99,5,0
2026-03-11,SKU-HLTH-402,Organic Whey Protein Isolate (2kg),Health & Personal Care,105,327,54.99,5,0
2026-03-12,SKU-HLTH-402,Organic Whey Protein Isolate (2kg),Health & Personal Care,116,229,54.99,5,0
2026-03-13,SKU-HLTH-402,Organic Whey Protein Isolate (2kg),Health & Personal Care,92,151,54.99,5,0
2026-03-14,SKU-HLTH-402,Organic Whey Protein Isolate (2kg),Health & Personal Care,148,26,54.99,5,0
2026-03-15,SKU-HLTH-402,Organic Whey Protein Isolate (2kg),Health & Personal Care,120,0,54.99,5,0
2026-03-16,SKU-HLTH-402,Organic Whey Protein Isolate (2kg),Health & Personal Care,123,0,54.99,5,0
2026-03-17,SKU-HLTH-402,Organic Whey Protein Isolate (2kg),Health & Personal Care,95,0,54.99,5,0
2026-03-18,SKU-HLTH-402,Organic Whey Protein Isolate (2kg),Health & Personal Care,123,494,54.99,5,0
2026-03-19,SKU-HLTH-402,Organic Whey Protein Isolate (2kg),Health & Personal Care,123,390,54.99,5,0
2026-03-20,SKU-HLTH-402,Organic Whey Protein Isolate (2kg),Health & Personal Care,119,289,54.99,5,0
2026-03-21,SKU-HLTH-402,Organic Whey Protein Isolate (2kg),Health & Personal Care,117,190,54.99,5,0
2026-03-22,SKU-HLTH-402,Organic Whey Protein Isolate (2kg),Health & Personal Care,134,77,54.99,5,0
2026-03-23,SKU-HLTH-402,Organic Whey Protein Isolate (2kg),Health & Personal Care,137,0,48.39,5,1
2026-03-24,SKU-HLTH-402,Organic Whey Protein Isolate (2kg),Health & Personal Care,150,0,48.39,5,1
2026-03-25,SKU-HLTH-402,Organic Whey Protein Isolate (2kg),Health & Personal Care,169,0,48.39,5,1
2026-03-26,SKU-HLTH-402,Organic Whey Protein Isolate (2kg),Health & Personal Care,165,0,48.39,5,1
2026-03-27,SKU-HLTH-402,Organic Whey Protein Isolate (2kg),Health & Personal Care,115,501,54.99,5,0
2026-03-28,SKU-HLTH-402,Organic Whey Protein Isolate (2kg),Health & Personal Care,118,401,54.99,5,0
2026-03-29,SKU-HLTH-402,Organic Whey Protein Isolate (2kg),Health & Personal Care,141,282,54.99,5,0
2026-03-30,SKU-HLTH-402,Organic Whey Protein Isolate (2kg),Health & Personal Care,115,185,54.99,5,0
2026-03-31,SKU-HLTH-402,Organic Whey Protein Isolate (2kg),Health & Personal Care,82,116,54.99,5,0
2026-04-01,SKU-HLTH-402,Organic Whey Protein Isolate (2kg),Health & Personal Care,126,9,54.99,5,0
2026-04-02,SKU-HLTH-402,Organic Whey Protein Isolate (2kg),Health & Personal Care,115,0,54.99,5,0
2026-04-03,SKU-HLTH-402,Organic Whey Protein Isolate (2kg),Health & Personal Care,132,0,54.99,5,0
2026-04-04,SKU-HLTH-402,Organic Whey Protein Isolate (2kg),Health & Personal Care,117,0,54.99,5,0
2026-04-05,SKU-HLTH-402,Organic Whey Protein Isolate (2kg),Health & Personal Care,88,524,54.99,5,0
2026-04-06,SKU-HLTH-402,Organic Whey Protein Isolate (2kg),Health & Personal Care,119,423,54.99,5,0
2026-04-07,SKU-HLTH-402,Organic Whey Protein Isolate (2kg),Health & Personal Care,119,322,54.99,5,0
2026-04-08,SKU-HLTH-402,Organic Whey Protein Isolate (2kg),Health & Personal Care,92,244,54.99,5,0
2026-04-09,SKU-HLTH-402,Organic Whey Protein Isolate (2kg),Health & Personal Care,102,158,54.99,5,0
2026-04-10,SKU-HLTH-402,Organic Whey Protein Isolate (2kg),Health & Personal Care,154,28,54.99,5,0
2026-04-11,SKU-HLTH-402,Organic Whey Protein Isolate (2kg),Health & Personal Care,128,0,54.99,5,0
2026-04-12,SKU-HLTH-402,Organic Whey Protein Isolate (2kg),Health & Personal Care,143,0,54.99,5,0
2026-04-13,SKU-HLTH-402,Organic Whey Protein Isolate (2kg),Health & Personal Care,106,0,54.99,5,0
2026-04-14,SKU-HLTH-402,Organic Whey Protein Isolate (2kg),Health & Personal Care,86,525,54.99,5,0
2026-04-15,SKU-HLTH-402,Organic Whey Protein Isolate (2kg),Health & Personal Care,113,429,54.99,5,0
2026-04-16,SKU-HLTH-402,Organic Whey Protein Isolate (2kg),Health & Personal Care,112,334,54.99,5,0
2026-04-17,SKU-HLTH-402,Organic Whey Protein Isolate (2kg),Health & Personal Care,110,241,54.99,5,0
2026-04-18,SKU-HLTH-402,Organic Whey Protein Isolate (2kg),Health & Personal Care,131,130,54.99,5,0
2026-04-19,SKU-HLTH-402,Organic Whey Protein Isolate (2kg),Health & Personal Care,136,15,54.99,5,0
2026-04-20,SKU-HLTH-402,Organic Whey Protein Isolate (2kg),Health & Personal Care,113,0,54.99,5,0
2026-04-21,SKU-HLTH-402,Organic Whey Protein Isolate (2kg),Health & Personal Care,98,0,54.99,5,0
2026-04-22,SKU-HLTH-402,Organic Whey Protein Isolate (2kg),Health & Personal Care,122,0,54.99,5,0
2026-04-23,SKU-HLTH-402,Organic Whey Protein Isolate (2kg),Health & Personal Care,88,524,54.99,5,0
2026-04-24,SKU-HLTH-402,Organic Whey Protein Isolate (2kg),Health & Personal Care,86,451,54.99,5,0
2026-04-25,SKU-HLTH-402,Organic Whey Protein Isolate (2kg),Health & Personal Care,143,330,54.99,5,0
2026-04-26,SKU-HLTH-402,Organic Whey Protein Isolate (2kg),Health & Personal Care,139,212,54.99,5,0
2026-04-27,SKU-HLTH-402,Organic Whey Protein Isolate (2kg),Health & Personal Care,114,116,54.99,5,0
2026-04-28,SKU-HLTH-402,Organic Whey Protein Isolate (2kg),Health & Personal Care,95,36,54.99,5,0
2026-04-29,SKU-HLTH-402,Organic Whey Protein Isolate (2kg),Health & Personal Care,105,0,54.99,5,0
2026-04-30,SKU-HLTH-402,Organic Whey Protein Isolate (2kg),Health & Personal Care,111,0,54.99,5,0
2026-05-01,SKU-HLTH-402,Organic Whey Protein Isolate (2kg),Health & Personal Care,92,0,54.99,5,0
2026-05-02,SKU-HLTH-402,Organic Whey Protein Isolate (2kg),Health & Personal Care,121,496,54.99,5,0
2026-05-03,SKU-HLTH-402,Organic Whey Protein Isolate (2kg),Health & Personal Care,141,377,54.99,5,0
2026-05-04,SKU-HLTH-402,Organic Whey Protein Isolate (2kg),Health & Personal Care,134,264,54.99,5,0
2026-05-05,SKU-HLTH-402,Organic Whey Protein Isolate (2kg),Health & Personal Care,108,173,54.99,5,0
2026-05-06,SKU-HLTH-402,Organic Whey Protein Isolate (2kg),Health & Personal Care,125,67,54.99,5,0
2026-05-07,SKU-HLTH-402,Organic Whey Protein Isolate (2kg),Health & Personal Care,87,0,54.99,5,0
2026-05-08,SKU-HLTH-402,Organic Whey Protein Isolate (2kg),Health & Personal Care,123,0,54.99,5,0
2026-05-09,SKU-HLTH-402,Organic Whey Protein Isolate (2kg),Health & Personal Care,120,0,54.99,5,0
2026-05-10,SKU-HLTH-402,Organic Whey Protein Isolate (2kg),Health & Personal Care,181,0,48.39,5,1
2026-05-11,SKU-HLTH-402,Organic Whey Protein Isolate (2kg),Health & Personal Care,150,471,48.39,5,1
2026-05-12,SKU-HLTH-402,Organic Whey Protein Isolate (2kg),Health & Personal Care,172,325,48.39,5,1
2026-05-13,SKU-HLTH-402,Organic Whey Protein Isolate (2kg),Health & Personal Care,141,206,48.39,5,1
2026-05-14,SKU-HLTH-402,Organic Whey Protein Isolate (2kg),Health & Personal Care,122,103,54.99,5,0
2026-05-15,SKU-HLTH-402,Organic Whey Protein Isolate (2kg),Health & Personal Care,109,11,54.99,5,0
2026-05-16,SKU-HLTH-402,Organic Whey Protein Isolate (2kg),Health & Personal Care,128,0,54.99,5,0
2026-05-17,SKU-HLTH-402,Organic Whey Protein Isolate (2kg),Health & Personal Care,127,0,54.99,5,0
2026-05-18,SKU-HLTH-402,Organic Whey Protein Isolate (2kg),Health & Personal Care,101,0,54.99,5,0
2026-05-19,SKU-HLTH-402,Organic Whey Protein Isolate (2kg),Health & Personal Care,112,0,54.99,5,0
2026-05-20,SKU-HLTH-402,Organic Whey Protein Isolate (2kg),Health & Personal Care,111,504,54.99,5,0
2026-05-21,SKU-HLTH-402,Organic Whey Protein Isolate (2kg),Health & Personal Care,116,406,54.99,5,0
2026-05-22,SKU-HLTH-402,Organic Whey Protein Isolate (2kg),Health & Personal Care,113,310,54.99,5,0
2026-05-23,SKU-HLTH-402,Organic Whey Protein Isolate (2kg),Health & Personal Care,140,191,54.99,5,0
2026-05-24,SKU-HLTH-402,Organic Whey Protein Isolate (2kg),Health & Personal Care,141,72,54.99,5,0
2026-05-25,SKU-HLTH-402,Organic Whey Protein Isolate (2kg),Health & Personal Care,97,0,54.99,5,0
2026-05-26,SKU-HLTH-402,Organic Whey Protein Isolate (2kg),Health & Personal Care,123,0,54.99,5,0
2026-05-27,SKU-HLTH-402,Organic Whey Protein Isolate (2kg),Health & Personal Care,94,0,54.99,5,0
2026-05-28,SKU-HLTH-402,Organic Whey Protein Isolate (2kg),Health & Personal Care,119,0,54.99,5,0
2026-05-29,SKU-HLTH-402,Organic Whey Protein Isolate (2kg),Health & Personal Care,119,497,54.99,5,0
2026-05-30,SKU-HLTH-402,Organic Whey Protein Isolate (2kg),Health & Personal Care,100,412,54.99,5,0
2026-05-31,SKU-HLTH-402,Organic Whey Protein Isolate (2kg),Health & Personal Care,128,304,54.99,5,0
2026-06-01,SKU-HLTH-402,Organic Whey Protein Isolate (2kg),Health & Personal Care,104,216,54.99,5,0
2026-06-02,SKU-HLTH-402,Organic Whey Protein Isolate (2kg),Health & Personal Care,99,132,54.99,5,0
2026-06-03,SKU-HLTH-402,Organic Whey Protein Isolate (2kg),Health & Personal Care,129,23,54.99,5,0
2026-06-04,SKU-HLTH-402,Organic Whey Protein Isolate (2kg),Health & Personal Care,100,0,54.99,5,0
2026-06-05,SKU-HLTH-402,Organic Whey Protein Isolate (2kg),Health & Personal Care,98,0,54.99,5,0
2026-06-06,SKU-HLTH-402,Organic Whey Protein Isolate (2kg),Health & Personal Care,126,0,54.99,5,0
2026-06-07,SKU-HLTH-402,Organic Whey Protein Isolate (2kg),Health & Personal Care,135,484,54.99,5,0
2026-06-08,SKU-HLTH-402,Organic Whey Protein Isolate (2kg),Health & Personal Care,107,394,54.99,5,0
2026-06-09,SKU-HLTH-402,Organic Whey Protein Isolate (2kg),Health & Personal Care,125,288,54.99,5,0
2026-06-10,SKU-HLTH-402,Organic Whey Protein Isolate (2kg),Health & Personal Care,116,190,54.99,5,0
2026-06-11,SKU-HLTH-402,Organic Whey Protein Isolate (2kg),Health & Personal Care,77,125,54.99,5,0
2026-06-12,SKU-HLTH-402,Organic Whey Protein Isolate (2kg),Health & Personal Care,100,40,54.99,5,0
2026-06-13,SKU-HLTH-402,Organic Whey Protein Isolate (2kg),Health & Personal Care,116,0,54.99,5,0
2026-06-14,SKU-HLTH-402,Organic Whey Protein Isolate (2kg),Health & Personal Care,130,0,54.99,5,0
2026-06-15,SKU-HLTH-402,Organic Whey Protein Isolate (2kg),Health & Personal Care,70,0,54.99,5,0
2026-06-16,SKU-HLTH-402,Organic Whey Protein Isolate (2kg),Health & Personal Care,142,478,54.99,5,0
2026-06-17,SKU-HLTH-402,Organic Whey Protein Isolate (2kg),Health & Personal Care,114,382,54.99,5,0
2026-06-18,SKU-HLTH-402,Organic Whey Protein Isolate (2kg),Health & Personal Care,108,291,54.99,5,0
2026-06-19,SKU-HLTH-402,Organic Whey Protein Isolate (2kg),Health & Personal Care,123,187,54.99,5,0
2026-06-20,SKU-HLTH-402,Organic Whey Protein Isolate (2kg),Health & Personal Care,154,57,54.99,5,0
2026-06-21,SKU-HLTH-402,Organic Whey Protein Isolate (2kg),Health & Personal Care,134,0,54.99,5,0
2026-06-22,SKU-HLTH-402,Organic Whey Protein Isolate (2kg),Health & Personal Care,119,0,54.99,5,0
2026-06-23,SKU-HLTH-402,Organic Whey Protein Isolate (2kg),Health & Personal Care,107,0,54.99,5,0
2026-06-24,SKU-HLTH-402,Organic Whey Protein Isolate (2kg),Health & Personal Care,103,0,54.99,5,0
2025-01-01,SKU-GROC-501,Artisanal Single-Origin Coffee Beans (1kg),Groceries,78,194,24.5,4,0
2025-01-02,SKU-GROC-501,Artisanal Single-Origin Coffee Beans (1kg),Groceries,73,132,24.5,4,0
2025-01-03,SKU-GROC-501,Artisanal Single-Origin Coffee Beans (1kg),Groceries,76,68,24.5,4,0
2025-01-04,SKU-GROC-501,Artisanal Single-Origin Coffee Beans (1kg),Groceries,87,0,24.5,4,0
2025-01-05,SKU-GROC-501,Artisanal Single-Origin Coffee Beans (1kg),Groceries,107,0,24.5,4,0
2025-01-06,SKU-GROC-501,Artisanal Single-Origin Coffee Beans (1kg),Groceries,61,0,24.5,4,0
2025-01-07,SKU-GROC-501,Artisanal Single-Origin Coffee Beans (1kg),Groceries,90,0,24.5,4,0
2025-01-08,SKU-GROC-501,Artisanal Single-Origin Coffee Beans (1kg),Groceries,87,0,24.5,4,0
2025-01-09,SKU-GROC-501,Artisanal Single-Origin Coffee Beans (1kg),Groceries,90,570,24.5,4,0
2025-01-10,SKU-GROC-501,Artisanal Single-Origin Coffee Beans (1kg),Groceries,80,502,24.5,4,0
2025-01-11,SKU-GROC-501,Artisanal Single-Origin Coffee Beans (1kg),Groceries,156,370,24.5,4,0
2025-01-12,SKU-GROC-501,Artisanal Single-Origin Coffee Beans (1kg),Groceries,131,259,24.5,4,0
2025-01-13,SKU-GROC-501,Artisanal Single-Origin Coffee Beans (1kg),Groceries,70,200,24.5,4,0
2025-01-14,SKU-GROC-501,Artisanal Single-Origin Coffee Beans (1kg),Groceries,92,122,24.5,4,0
2025-01-15,SKU-GROC-501,Artisanal Single-Origin Coffee Beans (1kg),Groceries,111,28,21.56,4,1
2025-01-16,SKU-GROC-501,Artisanal Single-Origin Coffee Beans (1kg),Groceries,106,0,21.56,4,1
2025-01-17,SKU-GROC-501,Artisanal Single-Origin Coffee Beans (1kg),Groceries,101,561,21.56,4,1
2025-01-18,SKU-GROC-501,Artisanal Single-Origin Coffee Beans (1kg),Groceries,158,427,21.56,4,1
2025-01-19,SKU-GROC-501,Artisanal Single-Origin Coffee Beans (1kg),Groceries,103,340,24.5,4,0
2025-01-20,SKU-GROC-501,Artisanal Single-Origin Coffee Beans (1kg),Groceries,105,251,24.5,4,0
2025-01-21,SKU-GROC-501,Artisanal Single-Origin Coffee Beans (1kg),Groceries,106,161,24.5,4,0
2025-01-22,SKU-GROC-501,Artisanal Single-Origin Coffee Beans (1kg),Groceries,112,66,24.5,4,0
2025-01-23,SKU-GROC-501,Artisanal Single-Origin Coffee Beans (1kg),Groceries,79,0,24.5,4,0
2025-01-24,SKU-GROC-501,Artisanal Single-Origin Coffee Beans (1kg),Groceries,99,0,24.5,4,0
2025-01-25,SKU-GROC-501,Artisanal Single-Origin Coffee Beans (1kg),Groceries,124,541,24.5,4,0
2025-01-26,SKU-GROC-501,Artisanal Single-Origin Coffee Beans (1kg),Groceries,108,450,24.5,4,0
2025-01-27,SKU-GROC-501,Artisanal Single-Origin Coffee Beans (1kg),Groceries,81,382,24.5,4,0
2025-01-28,SKU-GROC-501,Artisanal Single-Origin Coffee Beans (1kg),Groceries,117,283,24.5,4,0
2025-01-29,SKU-GROC-501,Artisanal Single-Origin Coffee Beans (1kg),Groceries,96,202,24.5,4,0
2025-01-30,SKU-GROC-501,Artisanal Single-Origin Coffee Beans (1kg),Groceries,103,115,24.5,4,0
2025-01-31,SKU-GROC-501,Artisanal Single-Origin Coffee Beans (1kg),Groceries,81,47,24.5,4,0
2025-02-01,SKU-GROC-501,Artisanal Single-Origin Coffee Beans (1kg),Groceries,99,0,24.5,4,0
2025-02-02,SKU-GROC-501,Artisanal Single-Origin Coffee Beans (1kg),Groceries,109,554,24.5,4,0
2025-02-03,SKU-GROC-501,Artisanal Single-Origin Coffee Beans (1kg),Groceries,92,476,24.5,4,0
2025-02-04,SKU-GROC-501,Artisanal Single-Origin Coffee Beans (1kg),Groceries,78,410,24.5,4,0
2025-02-05,SKU-GROC-501,Artisanal Single-Origin Coffee Beans (1kg),Groceries,95,330,24.5,4,0
2025-02-06,SKU-GROC-501,Artisanal Single-Origin Coffee Beans (1kg),Groceries,70,271,24.5,4,0
2025-02-07,SKU-GROC-501,Artisanal Single-Origin Coffee Beans (1kg),Groceries,78,205,24.5,4,0
2025-02-08,SKU-GROC-501,Artisanal Single-Origin Coffee Beans (1kg),Groceries,129,96,24.5,4,0
2025-02-09,SKU-GROC-501,Artisanal Single-Origin Coffee Beans (1kg),Groceries,129,0,24.5,4,0
2025-02-10,SKU-GROC-501,Artisanal Single-Origin Coffee Beans (1kg),Groceries,90,570,24.5,4,0
2025-02-11,SKU-GROC-501,Artisanal Single-Origin Coffee Beans (1kg),Groceries,81,502,24.5,4,0
2025-02-12,SKU-GROC-501,Artisanal Single-Origin Coffee Beans (1kg),Groceries,81,434,24.5,4,0
2025-02-13,SKU-GROC-501,Artisanal Single-Origin Coffee Beans (1kg),Groceries,91,357,24.5,4,0
2025-02-14,SKU-GROC-501,Artisanal Single-Origin Coffee Beans (1kg),Groceries,106,267,24.5,4,0
2025-02-15,SKU-GROC-501,Artisanal Single-Origin Coffee Beans (1kg),Groceries,135,153,24.5,4,0
2025-02-16,SKU-GROC-501,Artisanal Single-Origin Coffee Beans (1kg),Groceries,114,57,24.5,4,0
2025-02-17,SKU-GROC-501,Artisanal Single-Origin Coffee Beans (1kg),Groceries,80,0,24.5,4,0
2025-02-18,SKU-GROC-501,Artisanal Single-Origin Coffee Beans (1kg),Groceries,102,560,24.5,4,0
2025-02-19,SKU-GROC-501,Artisanal Single-Origin Coffee Beans (1kg),Groceries,85,488,24.5,4,0
2025-02-20,SKU-GROC-501,Artisanal Single-Origin Coffee Beans (1kg),Groceries,90,412,24.5,4,0
2025-02-21,SKU-GROC-501,Artisanal Single-Origin Coffee Beans (1kg),Groceries,118,312,24.5,4,0
2025-02-22,SKU-GROC-501,Artisanal Single-Origin Coffee Beans (1kg),Groceries,135,198,24.5,4,0
2025-02-23,SKU-GROC-501,Artisanal Single-Origin Coffee Beans (1kg),Groceries,125,92,24.5,4,0
2025-02-24,SKU-GROC-501,Artisanal Single-Origin Coffee Beans (1kg),Groceries,80,24,24.5,4,0
2025-02-25,SKU-GROC-501,Artisanal Single-Origin Coffee Beans (1kg),Groceries,102,0,24.5,4,0
2025-02-26,SKU-GROC-501,Artisanal Single-Origin Coffee Beans (1kg),Groceries,115,549,24.5,4,0
2025-02-27,SKU-GROC-501,Artisanal Single-Origin Coffee Beans (1kg),Groceries,94,470,24.5,4,0
2025-02-28,SKU-GROC-501,Artisanal Single-Origin Coffee Beans (1kg),Groceries,120,368,24.5,4,0
2025-03-01,SKU-GROC-501,Artisanal Single-Origin Coffee Beans (1kg),Groceries,144,246,24.5,4,0
2025-03-02,SKU-GROC-501,Artisanal Single-Origin Coffee Beans (1kg),Groceries,150,119,24.5,4,0
2025-03-03,SKU-GROC-501,Artisanal Single-Origin Coffee Beans (1kg),Groceries,104,31,24.5,4,0
2025-03-04,SKU-GROC-501,Artisanal Single-Origin Coffee Beans (1kg),Groceries,144,0,21.56,4,1
2025-03-05,SKU-GROC-501,Artisanal Single-Origin Coffee Beans (1kg),Groceries,156,0,21.56,4,1
2025-03-06,SKU-GROC-501,Artisanal Single-Origin Coffee Beans (1kg),Groceries,142,526,21.56,4,1
2025-03-07,SKU-GROC-501,Artisanal Single-Origin Coffee Beans (1kg),Groceries,128,418,21.56,4,1
2025-03-08,SKU-GROC-501,Artisanal Single-Origin Coffee Beans (1kg),Groceries,119,317,24.5,4,0
2025-03-09,SKU-GROC-501,Artisanal Single-Origin Coffee Beans (1kg),Groceries,129,208,24.5,4,0
2025-03-10,SKU-GROC-501,Artisanal Single-Origin Coffee Beans (1kg),Groceries,81,140,24.5,4,0
2025-03-11,SKU-GROC-501,Artisanal Single-Origin Coffee Beans (1kg),Groceries,99,56,24.5,4,0
2025-03-12,SKU-GROC-501,Artisanal Single-Origin Coffee Beans (1kg),Groceries,117,0,24.5,4,0
2025-03-13,SKU-GROC-501,Artisanal Single-Origin Coffee Beans (1kg),Groceries,68,0,24.5,4,0
2025-03-14,SKU-GROC-501,Artisanal Single-Origin Coffee Beans (1kg),Groceries,124,541,24.5,4,0
2025-03-15,SKU-GROC-501,Artisanal Single-Origin Coffee Beans (1kg),Groceries,144,419,24.5,4,0
2025-03-16,SKU-GROC-501,Artisanal Single-Origin Coffee Beans (1kg),Groceries,120,317,24.5,4,0
2025-03-17,SKU-GROC-501,Artisanal Single-Origin Coffee Beans (1kg),Groceries,110,224,24.5,4,0
2025-03-18,SKU-GROC-501,Artisanal Single-Origin Coffee Beans (1kg),Groceries,102,138,24.5,4,0
2025-03-19,SKU-GROC-501,Artisanal Single-Origin Coffee Beans (1kg),Groceries,120,36,24.5,4,0
2025-03-20,SKU-GROC-501,Artisanal Single-Origin Coffee Beans (1kg),Groceries,117,0,24.5,4,0
2025-03-21,SKU-GROC-501,Artisanal Single-Origin Coffee Beans (1kg),Groceries,81,0,24.5,4,0
2025-03-22,SKU-GROC-501,Artisanal Single-Origin Coffee Beans (1kg),Groceries,136,531,24.5,4,0
2025-03-23,SKU-GROC-501,Artisanal Single-Origin Coffee Beans (1kg),Groceries,124,426,24.5,4,0
2025-03-24,SKU-GROC-501,Artisanal Single-Origin Coffee Beans (1kg),Groceries,103,339,24.5,4,0
2025-03-25,SKU-GROC-501,Artisanal Single-Origin Coffee Beans (1kg),Groceries,91,262,24.5,4,0
2025-03-26,SKU-GROC-501,Artisanal Single-Origin Coffee Beans (1kg),Groceries,128,154,24.5,4,0
2025-03-27,SKU-GROC-501,Artisanal Single-Origin Coffee Beans (1kg),Groceries,118,54,24.5,4,0
2025-03-28,SKU-GROC-501,Artisanal Single-Origin Coffee Beans (1kg),Groceries,91,0,24.5,4,0
2025-03-29,SKU-GROC-501,Artisanal Single-Origin Coffee Beans (1kg),Groceries,108,0,24.5,4,0
2025-03-30,SKU-GROC-501,Artisanal Single-Origin Coffee Beans (1kg),Groceries,122,543,24.5,4,0
2025-03-31,SKU-GROC-501,Artisanal Single-Origin Coffee Beans (1kg),Groceries,109,451,24.5,4,0
2025-04-01,SKU-GROC-501,Artisanal Single-Origin Coffee Beans (1kg),Groceries,106,361,24.5,4,0
2025-04-02,SKU-GROC-501,Artisanal Single-Origin Coffee Beans (1kg),Groceries,121,259,24.5,4,0
2025-04-03,SKU-GROC-501,Artisanal Single-Origin Coffee Beans (1kg),Groceries,114,163,24.5,4,0
2025-04-04,SKU-GROC-501,Artisanal Single-Origin Coffee Beans (1kg),Groceries,117,64,24.5,4,0
2025-04-05,SKU-GROC-501,Artisanal Single-Origin Coffee Beans (1kg),Groceries,133,0,24.5,4,0
2025-04-06,SKU-GROC-501,Artisanal Single-Origin Coffee Beans (1kg),Groceries,107,0,24.5,4,0
2025-04-07,SKU-GROC-501,Artisanal Single-Origin Coffee Beans (1kg),Groceries,100,561,24.5,4,0
2025-04-08,SKU-GROC-501,Artisanal Single-Origin Coffee Beans (1kg),Groceries,118,461,24.5,4,0
2025-04-09,SKU-GROC-501,Artisanal Single-Origin Coffee Beans (1kg),Groceries,102,375,24.5,4,0
2025-04-10,SKU-GROC-501,Artisanal Single-Origin Coffee Beans (1kg),Groceries,110,282,24.5,4,0
2025-04-11,SKU-GROC-501,Artisanal Single-Origin Coffee Beans (1kg),Groceries,98,199,24.5,4,0
2025-04-12,SKU-GROC-501,Artisanal Single-Origin Coffee Beans (1kg),Groceries,113,103,24.5,4,0
2025-04-13,SKU-GROC-501,Artisanal Single-Origin Coffee Beans (1kg),Groceries,126,0,24.5,4,0
2025-04-14,SKU-GROC-501,Artisanal Single-Origin Coffee Beans (1kg),Groceries,107,0,24.5,4,0
2025-04-15,SKU-GROC-501,Artisanal Single-Origin Coffee Beans (1kg),Groceries,92,568,24.5,4,0
2025-04-16,SKU-GROC-501,Artisanal Single-Origin Coffee Beans (1kg),Groceries,99,484,24.5,4,0
2025-04-17,SKU-GROC-501,Artisanal Single-Origin Coffee Beans (1kg),Groceries,88,410,24.5,4,0
2025-04-18,SKU-GROC-501,Artisanal Single-Origin Coffee Beans (1kg),Groceries,119,309,24.5,4,0
2025-04-19,SKU-GROC-501,Artisanal Single-Origin Coffee Beans (1kg),Groceries,123,205,24.5,4,0
2025-04-20,SKU-GROC-501,Artisanal Single-Origin Coffee Beans (1kg),Groceries,149,79,24.5,4,0
2025-04-21,SKU-GROC-501,Artisanal Single-Origin Coffee Beans (1kg),Groceries,161,0,21.56,4,1
2025-04-22,SKU-GROC-501,Artisanal Single-Origin Coffee Beans (1kg),Groceries,136,0,21.56,4,1
2025-04-23,SKU-GROC-501,Artisanal Single-Origin Coffee Beans (1kg),Groceries,122,543,21.56,4,1
2025-04-24,SKU-GROC-501,Artisanal Single-Origin Coffee Beans (1kg),Groceries,106,453,21.56,4,1
2025-04-25,SKU-GROC-501,Artisanal Single-Origin Coffee Beans (1kg),Groceries,80,385,24.5,4,0
2025-04-26,SKU-GROC-501,Artisanal Single-Origin Coffee Beans (1kg),Groceries,106,295,24.5,4,0
2025-04-27,SKU-GROC-501,Artisanal Single-Origin Coffee Beans (1kg),Groceries,148,170,24.5,4,0
2025-04-28,SKU-GROC-501,Artisanal Single-Origin Coffee Beans (1kg),Groceries,103,83,24.5,4,0
2025-04-29,SKU-GROC-501,Artisanal Single-Origin Coffee Beans (1kg),Groceries,107,0,24.5,4,0
2025-04-30,SKU-GROC-501,Artisanal Single-Origin Coffee Beans (1kg),Groceries,68,0,24.5,4,0
2025-05-01,SKU-GROC-501,Artisanal Single-Origin Coffee Beans (1kg),Groceries,83,576,24.5,4,0
2025-05-02,SKU-GROC-501,Artisanal Single-Origin Coffee Beans (1kg),Groceries,114,480,24.5,4,0
2025-05-03,SKU-GROC-501,Artisanal Single-Origin Coffee Beans (1kg),Groceries,130,370,24.5,4,0
2025-05-04,SKU-GROC-501,Artisanal Single-Origin Coffee Beans (1kg),Groceries,124,265,24.5,4,0
2025-05-05,SKU-GROC-501,Artisanal Single-Origin Coffee Beans (1kg),Groceries,109,173,24.5,4,0
2025-05-06,SKU-GROC-501,Artisanal Single-Origin Coffee Beans (1kg),Groceries,125,67,24.5,4,0
2025-05-07,SKU-GROC-501,Artisanal Single-Origin Coffee Beans (1kg),Groceries,97,0,24.5,4,0
2025-05-08,SKU-GROC-501,Artisanal Single-Origin Coffee Beans (1kg),Groceries,101,0,24.5,4,0
2025-05-09,SKU-GROC-501,Artisanal Single-Origin Coffee Beans (1kg),Groceries,103,559,24.5,4,0
2025-05-10,SKU-GROC-501,Artisanal Single-Origin Coffee Beans (1kg),Groceries,161,423,24.5,4,0
2025-05-11,SKU-GROC-501,Artisanal Single-Origin Coffee Beans (1kg),Groceries,93,344,24.5,4,0
2025-05-12,SKU-GROC-501,Artisanal Single-Origin Coffee Beans (1kg),Groceries,110,251,24.5,4,0
2025-05-13,SKU-GROC-501,Artisanal Single-Origin Coffee Beans (1kg),Groceries,98,168,24.5,4,0
2025-05-14,SKU-GROC-501,Artisanal Single-Origin Coffee Beans (1kg),Groceries,108,77,24.5,4,0
2025-05-15,SKU-GROC-501,Artisanal Single-Origin Coffee Beans (1kg),Groceries,89,2,24.5,4,0
2025-05-16,SKU-GROC-501,Artisanal Single-Origin Coffee Beans (1kg),Groceries,98,0,24.5,4,0
2025-05-17,SKU-GROC-501,Artisanal Single-Origin Coffee Beans (1kg),Groceries,134,533,24.5,4,0
2025-05-18,SKU-GROC-501,Artisanal Single-Origin Coffee Beans (1kg),Groceries,170,389,24.5,4,0
2025-05-19,SKU-GROC-501,Artisanal Single-Origin Coffee Beans (1kg),Groceries,111,295,24.5,4,0
2025-05-20,SKU-GROC-501,Artisanal Single-Origin Coffee Beans (1kg),Groceries,86,222,24.5,4,0
2025-05-21,SKU-GROC-501,Artisanal Single-Origin Coffee Beans (1kg),Groceries,92,144,24.5,4,0
2025-05-22,SKU-GROC-501,Artisanal Single-Origin Coffee Beans (1kg),Groceries,91,67,24.5,4,0
2025-05-23,SKU-GROC-501,Artisanal Single-Origin Coffee Beans (1kg),Groceries,71,7,24.5,4,0
2025-05-24,SKU-GROC-501,Artisanal Single-Origin Coffee Beans (1kg),Groceries,117,0,24.5,4,0
2025-05-25,SKU-GROC-501,Artisanal Single-Origin Coffee Beans (1kg),Groceries,133,533,24.5,4,0
2025-05-26,SKU-GROC-501,Artisanal Single-Origin Coffee Beans (1kg),Groceries,78,467,24.5,4,0
2025-05-27,SKU-GROC-501,Artisanal Single-Origin Coffee Beans (1kg),Groceries,113,371,24.5,4,0
2025-05-28,SKU-GROC-501,Artisanal Single-Origin Coffee Beans (1kg),Groceries,104,283,24.5,4,0
2025-05-29,SKU-GROC-501,Artisanal Single-Origin Coffee Beans (1kg),Groceries,86,210,24.5,4,0
2025-05-30,SKU-GROC-501,Artisanal Single-Origin Coffee Beans (1kg),Groceries,94,131,24.5,4,0
2025-05-31,SKU-GROC-501,Artisanal Single-Origin Coffee Beans (1kg),Groceries,144,9,24.5,4,0
2025-06-01,SKU-GROC-501,Artisanal Single-Origin Coffee Beans (1kg),Groceries,131,0,24.5,4,0
2025-06-02,SKU-GROC-501,Artisanal Single-Origin Coffee Beans (1kg),Groceries,96,565,24.5,4,0
2025-06-03,SKU-GROC-501,Artisanal Single-Origin Coffee Beans (1kg),Groceries,92,487,24.5,4,0
2025-06-04,SKU-GROC-501,Artisanal Single-Origin Coffee Beans (1kg),Groceries,96,406,24.5,4,0
2025-06-05,SKU-GROC-501,Artisanal Single-Origin Coffee Beans (1kg),Groceries,87,333,24.5,4,0
2025-06-06,SKU-GROC-501,Artisanal Single-Origin Coffee Beans (1kg),Groceries,63,280,24.5,4,0
2025-06-07,SKU-GROC-501,Artisanal Single-Origin Coffee Beans (1kg),Groceries,149,154,24.5,4,0
2025-06-08,SKU-GROC-501,Artisanal Single-Origin Coffee Beans (1kg),Groceries,162,17,21.56,4,1
2025-06-09,SKU-GROC-501,Artisanal Single-Origin Coffee Beans (1kg),Groceries,133,0,21.56,4,1
2025-06-10,SKU-GROC-501,Artisanal Single-Origin Coffee Beans (1kg),Groceries,126,539,21.56,4,1
2025-06-11,SKU-GROC-501,Artisanal Single-Origin Coffee Beans (1kg),Groceries,116,441,21.56,4,1
2025-06-12,SKU-GROC-501,Artisanal Single-Origin Coffee Beans (1kg),Groceries,91,364,24.5,4,0
2025-06-13,SKU-GROC-501,Artisanal Single-Origin Coffee Beans (1kg),Groceries,69,306,24.5,4,0
2025-06-14,SKU-GROC-501,Artisanal Single-Origin Coffee Beans (1kg),Groceries,150,179,24.5,4,0
2025-06-15,SKU-GROC-501,Artisanal Single-Origin Coffee Beans (1kg),Groceries,97,97,24.5,4,0
2025-06-16,SKU-GROC-501,Artisanal Single-Origin Coffee Beans (1kg),Groceries,77,32,24.5,4,0
2025-06-17,SKU-GROC-501,Artisanal Single-Origin Coffee Beans (1kg),Groceries,86,0,24.5,4,0
2025-06-18,SKU-GROC-501,Artisanal Single-Origin Coffee Beans (1kg),Groceries,111,552,24.5,4,0
2025-06-19,SKU-GROC-501,Artisanal Single-Origin Coffee Beans (1kg),Groceries,92,474,24.5,4,0
2025-06-20,SKU-GROC-501,Artisanal Single-Origin Coffee Beans (1kg),Groceries,73,412,24.5,4,0
2025-06-21,SKU-GROC-501,Artisanal Single-Origin Coffee Beans (1kg),Groceries,133,299,24.5,4,0
2025-06-22,SKU-GROC-501,Artisanal Single-Origin Coffee Beans (1kg),Groceries,125,193,24.5,4,0
2025-06-23,SKU-GROC-501,Artisanal Single-Origin Coffee Beans (1kg),Groceries,99,109,24.5,4,0
2025-06-24,SKU-GROC-501,Artisanal Single-Origin Coffee Beans (1kg),Groceries,101,24,24.5,4,0
2025-06-25,SKU-GROC-501,Artisanal Single-Origin Coffee Beans (1kg),Groceries,126,0,24.5,4,0
2025-06-26,SKU-GROC-501,Artisanal Single-Origin Coffee Beans (1kg),Groceries,123,542,24.5,4,0
2025-06-27,SKU-GROC-501,Artisanal Single-Origin Coffee Beans (1kg),Groceries,80,474,24.5,4,0
2025-06-28,SKU-GROC-501,Artisanal Single-Origin Coffee Beans (1kg),Groceries,136,359,24.5,4,0
2025-06-29,SKU-GROC-501,Artisanal Single-Origin Coffee Beans (1kg),Groceries,117,260,24.5,4,0
2025-06-30,SKU-GROC-501,Artisanal Single-Origin Coffee Beans (1kg),Groceries,97,178,24.5,4,0
2025-07-01,SKU-GROC-501,Artisanal Single-Origin Coffee Beans (1kg),Groceries,63,125,24.5,4,0
2025-07-02,SKU-GROC-501,Artisanal Single-Origin Coffee Beans (1kg),Groceries,86,52,24.5,4,0
2025-07-03,SKU-GROC-501,Artisanal Single-Origin Coffee Beans (1kg),Groceries,76,0,24.5,4,0
2025-07-04,SKU-GROC-501,Artisanal Single-Origin Coffee Beans (1kg),Groceries,100,561,24.5,4,0
2025-07-05,SKU-GROC-501,Artisanal Single-Origin Coffee Beans (1kg),Groceries,126,454,24.5,4,0
2025-07-06,SKU-GROC-501,Artisanal Single-Origin Coffee Beans (1kg),Groceries,78,388,24.5,4,0
2025-07-07,SKU-GROC-501,Artisanal Single-Origin Coffee Beans (1kg),Groceries,87,315,24.5,4,0
2025-07-08,SKU-GROC-501,Artisanal Single-Origin Coffee Beans (1kg),Groceries,104,227,24.5,4,0
2025-07-09,SKU-GROC-501,Artisanal Single-Origin Coffee Beans (1kg),Groceries,84,156,24.5,4,0
2025-07-10,SKU-GROC-501,Artisanal Single-Origin Coffee Beans (1kg),Groceries,97,74,24.5,4,0
2025-07-11,SKU-GROC-501,Artisanal Single-Origin Coffee Beans (1kg),Groceries,92,0,24.5,4,0
2025-07-12,SKU-GROC-501,Artisanal Single-Origin Coffee Beans (1kg),Groceries,113,550,24.5,4,0
2025-07-13,SKU-GROC-501,Artisanal Single-Origin Coffee Beans (1kg),Groceries,103,463,24.5,4,0
2025-07-14,SKU-GROC-501,Artisanal Single-Origin Coffee Beans (1kg),Groceries,67,407,24.5,4,0
2025-07-15,SKU-GROC-501,Artisanal Single-Origin Coffee Beans (1kg),Groceries,68,350,24.5,4,0
2025-07-16,SKU-GROC-501,Artisanal Single-Origin Coffee Beans (1kg),Groceries,96,269,24.5,4,0
2025-07-17,SKU-GROC-501,Artisanal Single-Origin Coffee Beans (1kg),Groceries,85,197,24.5,4,0
2025-07-18,SKU-GROC-501,Artisanal Single-Origin Coffee Beans (1kg),Groceries,82,128,24.5,4,0
2025-07-19,SKU-GROC-501,Artisanal Single-Origin Coffee Beans (1kg),Groceries,99,44,24.5,4,0
2025-07-20,SKU-GROC-501,Artisanal Single-Origin Coffee Beans (1kg),Groceries,100,605,24.5,4,0
2025-07-21,SKU-GROC-501,Artisanal Single-Origin Coffee Beans (1kg),Groceries,99,521,24.5,4,0
2025-07-22,SKU-GROC-501,Artisanal Single-Origin Coffee Beans (1kg),Groceries,79,454,24.5,4,0
2025-07-23,SKU-GROC-501,Artisanal Single-Origin Coffee Beans (1kg),Groceries,63,401,24.5,4,0
2025-07-24,SKU-GROC-501,Artisanal Single-Origin Coffee Beans (1kg),Groceries,94,322,24.5,4,0
2025-07-25,SKU-GROC-501,Artisanal Single-Origin Coffee Beans (1kg),Groceries,80,254,24.5,4,0
2025-07-26,SKU-GROC-501,Artisanal Single-Origin Coffee Beans (1kg),Groceries,140,135,21.56,4,1
2025-07-27,SKU-GROC-501,Artisanal Single-Origin Coffee Beans (1kg),Groceries,163,0,21.56,4,1
2025-07-28,SKU-GROC-501,Artisanal Single-Origin Coffee Beans (1kg),Groceries,111,552,21.56,4,1
2025-07-29,SKU-GROC-501,Artisanal Single-Origin Coffee Beans (1kg),Groceries,115,455,21.56,4,1
2025-07-30,SKU-GROC-501,Artisanal Single-Origin Coffee Beans (1kg),Groceries,64,401,24.5,4,0
2025-07-31,SKU-GROC-501,Artisanal Single-Origin Coffee Beans (1kg),Groceries,78,335,24.5,4,0
2025-08-01,SKU-GROC-501,Artisanal Single-Origin Coffee Beans (1kg),Groceries,90,259,24.5,4,0
2025-08-02,SKU-GROC-501,Artisanal Single-Origin Coffee Beans (1kg),Groceries,78,193,24.5,4,0
2025-08-03,SKU-GROC-501,Artisanal Single-Origin Coffee Beans (1kg),Groceries,104,105,24.5,4,0
2025-08-04,SKU-GROC-501,Artisanal Single-Origin Coffee Beans (1kg),Groceries,82,36,24.5,4,0
2025-08-05,SKU-GROC-501,Artisanal Single-Origin Coffee Beans (1kg),Groceries,81,614,24.5,4,0
2025-08-06,SKU-GROC-501,Artisanal Single-Origin Coffee Beans (1kg),Groceries,96,533,24.5,4,0
2025-08-07,SKU-GROC-501,Artisanal Single-Origin Coffee Beans (1kg),Groceries,85,461,24.5,4,0
2025-08-08,SKU-GROC-501,Artisanal Single-Origin Coffee Beans (1kg),Groceries,102,375,24.5,4,0
2025-08-09,SKU-GROC-501,Artisanal Single-Origin Coffee Beans (1kg),Groceries,85,303,24.5,4,0
2025-08-10,SKU-GROC-501,Artisanal Single-Origin Coffee Beans (1kg),Groceries,101,218,24.5,4,0
2025-08-11,SKU-GROC-501,Artisanal Single-Origin Coffee Beans (1kg),Groceries,80,150,24.5,4,0
2025-08-12,SKU-GROC-501,Artisanal Single-Origin Coffee Beans (1kg),Groceries,63,97,24.5,4,0
2025-08-13,SKU-GROC-501,Artisanal Single-Origin Coffee Beans (1kg),Groceries,93,664,24.5,4,0
2025-08-14,SKU-GROC-501,Artisanal Single-Origin Coffee Beans (1kg),Groceries,113,568,24.5,4,0
2025-08-15,SKU-GROC-501,Artisanal Single-Origin Coffee Beans (1kg),Groceries,78,502,24.5,4,0
2025-08-16,SKU-GROC-501,Artisanal Single-Origin Coffee Beans (1kg),Groceries,105,413,24.5,4,0
2025-08-17,SKU-GROC-501,Artisanal Single-Origin Coffee Beans (1kg),Groceries,99,329,24.5,4,0
2025-08-18,SKU-GROC-501,Artisanal Single-Origin Coffee Beans (1kg),Groceries,67,273,24.5,4,0
2025-08-19,SKU-GROC-501,Artisanal Single-Origin Coffee Beans (1kg),Groceries,50,231,24.5,4,0
2025-08-20,SKU-GROC-501,Artisanal Single-Origin Coffee Beans (1kg),Groceries,67,175,24.5,4,0
2025-08-21,SKU-GROC-501,Artisanal Single-Origin Coffee Beans (1kg),Groceries,56,774,24.5,4,0
2025-08-22,SKU-GROC-501,Artisanal Single-Origin Coffee Beans (1kg),Groceries,103,687,24.5,4,0
2025-08-23,SKU-GROC-501,Artisanal Single-Origin Coffee Beans (1kg),Groceries,95,607,24.5,4,0
2025-08-24,SKU-GROC-501,Artisanal Single-Origin Coffee Beans (1kg),Groceries,91,530,24.5,4,0
2025-08-25,SKU-GROC-501,Artisanal Single-Origin Coffee Beans (1kg),Groceries,90,454,24.5,4,0
2025-08-26,SKU-GROC-501,Artisanal Single-Origin Coffee Beans (1kg),Groceries,60,403,24.5,4,0
2025-08-27,SKU-GROC-501,Artisanal Single-Origin Coffee Beans (1kg),Groceries,65,348,24.5,4,0
2025-08-28,SKU-GROC-501,Artisanal Single-Origin Coffee Beans (1kg),Groceries,77,283,24.5,4,0
2025-08-29,SKU-GROC-501,Artisanal Single-Origin Coffee Beans (1kg),Groceries,92,851,24.5,4,0
2025-08-30,SKU-GROC-501,Artisanal Single-Origin Coffee Beans (1kg),Groceries,103,764,24.5,4,0
2025-08-31,SKU-GROC-501,Artisanal Single-Origin Coffee Beans (1kg),Groceries,99,680,24.5,4,0
2025-09-01,SKU-GROC-501,Artisanal Single-Origin Coffee Beans (1kg),Groceries,77,615,24.5,4,0
2025-09-02,SKU-GROC-501,Artisanal Single-Origin Coffee Beans (1kg),Groceries,82,546,24.5,4,0
2025-09-03,SKU-GROC-501,Artisanal Single-Origin Coffee Beans (1kg),Groceries,79,479,24.5,4,0
2025-09-04,SKU-GROC-501,Artisanal Single-Origin Coffee Beans (1kg),Groceries,60,428,24.5,4,0
2025-09-05,SKU-GROC-501,Artisanal Single-Origin Coffee Beans (1kg),Groceries,76,364,24.5,4,0
2025-09-06,SKU-GROC-501,Artisanal Single-Origin Coffee Beans (1kg),Groceries,78,944,24.5,4,0
2025-09-07,SKU-GROC-501,Artisanal Single-Origin Coffee Beans (1kg),Groceries,95,864,24.5,4,0
2025-09-08,SKU-GROC-501,Artisanal Single-Origin Coffee Beans (1kg),Groceries,68,807,24.5,4,0
2025-09-09,SKU-GROC-501,Artisanal Single-Origin Coffee Beans (1kg),Groceries,113,711,24.5,4,0
2025-09-10,SKU-GROC-501,Artisanal Single-Origin Coffee Beans (1kg),Groceries,74,649,24.5,4,0
2025-09-11,SKU-GROC-501,Artisanal Single-Origin Coffee Beans (1kg),Groceries,54,604,24.5,4,0
2025-09-12,SKU-GROC-501,Artisanal Single-Origin Coffee Beans (1kg),Groceries,99,520,21.56,4,1
2025-09-13,SKU-GROC-501,Artisanal Single-Origin Coffee Beans (1kg),Groceries,134,407,21.56,4,1
2025-09-14,SKU-GROC-501,Artisanal Single-Origin Coffee Beans (1kg),Groceries,151,925,21.56,4,1
2025-09-15,SKU-GROC-501,Artisanal Single-Origin Coffee Beans (1kg),Groceries,92,847,21.56,4,1
2025-09-16,SKU-GROC-501,Artisanal Single-Origin Coffee Beans (1kg),Groceries,51,804,24.5,4,0
2025-09-17,SKU-GROC-501,Artisanal Single-Origin Coffee Beans (1kg),Groceries,87,731,24.5,4,0
2025-09-18,SKU-GROC-501,Artisanal Single-Origin Coffee Beans (1kg),Groceries,54,686,24.5,4,0
2025-09-19,SKU-GROC-501,Artisanal Single-Origin Coffee Beans (1kg),Groceries,68,629,24.5,4,0
2025-09-20,SKU-GROC-501,Artisanal Single-Origin Coffee Beans (1kg),Groceries,89,554,24.5,4,0
2025-09-21,SKU-GROC-501,Artisanal Single-Origin Coffee Beans (1kg),Groceries,92,476,24.5,4,0
2025-09-22,SKU-GROC-501,Artisanal Single-Origin Coffee Beans (1kg),Groceries,85,1050,24.5,4,0
2025-09-23,SKU-GROC-501,Artisanal Single-Origin Coffee Beans (1kg),Groceries,64,996,24.5,4,0
2025-09-24,SKU-GROC-501,Artisanal Single-Origin Coffee Beans (1kg),Groceries,70,937,24.5,4,0
2025-09-25,SKU-GROC-501,Artisanal Single-Origin Coffee Beans (1kg),Groceries,74,875,24.5,4,0
2025-09-26,SKU-GROC-501,Artisanal Single-Origin Coffee Beans (1kg),Groceries,76,811,24.5,4,0
2025-09-27,SKU-GROC-501,Artisanal Single-Origin Coffee Beans (1kg),Groceries,94,732,24.5,4,0
2025-09-28,SKU-GROC-501,Artisanal Single-Origin Coffee Beans (1kg),Groceries,99,648,24.5,4,0
2025-09-29,SKU-GROC-501,Artisanal Single-Origin Coffee Beans (1kg),Groceries,87,575,24.5,4,0
2025-09-30,SKU-GROC-501,Artisanal Single-Origin Coffee Beans (1kg),Groceries,80,1153,24.5,4,0
2025-10-01,SKU-GROC-501,Artisanal Single-Origin Coffee Beans (1kg),Groceries,81,1085,24.5,4,0
2025-10-02,SKU-GROC-501,Artisanal Single-Origin Coffee Beans (1kg),Groceries,50,1043,24.5,4,0
2025-10-03,SKU-GROC-501,Artisanal Single-Origin Coffee Beans (1kg),Groceries,75,980,24.5,4,0
2025-10-04,SKU-GROC-501,Artisanal Single-Origin Coffee Beans (1kg),Groceries,100,895,24.5,4,0
2025-10-05,SKU-GROC-501,Artisanal Single-Origin Coffee Beans (1kg),Groceries,104,807,24.5,4,0
2025-10-06,SKU-GROC-501,Artisanal Single-Origin Coffee Beans (1kg),Groceries,64,753,24.5,4,0
2025-10-07,SKU-GROC-501,Artisanal Single-Origin Coffee Beans (1kg),Groceries,64,699,24.5,4,0
2025-10-08,SKU-GROC-501,Artisanal Single-Origin Coffee Beans (1kg),Groceries,66,1289,24.5,4,0
2025-10-09,SKU-GROC-501,Artisanal Single-Origin Coffee Beans (1kg),Groceries,83,1219,24.5,4,0
2025-10-10,SKU-GROC-501,Artisanal Single-Origin Coffee Beans (1kg),Groceries,90,1143,24.5,4,0
2025-10-11,SKU-GROC-501,Artisanal Single-Origin Coffee Beans (1kg),Groceries,87,1070,24.5,4,0
2025-10-12,SKU-GROC-501,Artisanal Single-Origin Coffee Beans (1kg),Groceries,107,980,24.5,4,0
2025-10-13,SKU-GROC-501,Artisanal Single-Origin Coffee Beans (1kg),Groceries,77,915,24.5,4,0
2025-10-14,SKU-GROC-501,Artisanal Single-Origin Coffee Beans (1kg),Groceries,73,853,24.5,4,0
2025-10-15,SKU-GROC-501,Artisanal Single-Origin Coffee Beans (1kg),Groceries,72,792,24.5,4,0
2025-10-16,SKU-GROC-501,Artisanal Single-Origin Coffee Beans (1kg),Groceries,86,1365,24.5,4,0
2025-10-17,SKU-GROC-501,Artisanal Single-Origin Coffee Beans (1kg),Groceries,80,1297,24.5,4,0
2025-10-18,SKU-GROC-501,Artisanal Single-Origin Coffee Beans (1kg),Groceries,128,1189,24.5,4,0
2025-10-19,SKU-GROC-501,Artisanal Single-Origin Coffee Beans (1kg),Groceries,81,1121,24.5,4,0
2025-10-20,SKU-GROC-501,Artisanal Single-Origin Coffee Beans (1kg),Groceries,83,1051,24.5,4,0
2025-10-21,SKU-GROC-501,Artisanal Single-Origin Coffee Beans (1kg),Groceries,68,994,24.5,4,0
2025-10-22,SKU-GROC-501,Artisanal Single-Origin Coffee Beans (1kg),Groceries,63,941,24.5,4,0
2025-10-23,SKU-GROC-501,Artisanal Single-Origin Coffee Beans (1kg),Groceries,76,877,24.5,4,0
2025-10-24,SKU-GROC-501,Artisanal Single-Origin Coffee Beans (1kg),Groceries,78,1457,24.5,4,0
2025-10-25,SKU-GROC-501,Artisanal Single-Origin Coffee Beans (1kg),Groceries,139,1339,24.5,4,0
2025-10-26,SKU-GROC-501,Artisanal Single-Origin Coffee Beans (1kg),Groceries,92,1261,24.5,4,0
2025-10-27,SKU-GROC-501,Artisanal Single-Origin Coffee Beans (1kg),Groceries,59,1211,24.5,4,0
2025-10-28,SKU-GROC-501,Artisanal Single-Origin Coffee Beans (1kg),Groceries,80,1143,24.5,4,0
2025-10-29,SKU-GROC-501,Artisanal Single-Origin Coffee Beans (1kg),Groceries,45,1105,24.5,4,0
2025-10-30,SKU-GROC-501,Artisanal Single-Origin Coffee Beans (1kg),Groceries,102,1019,21.56,4,1
2025-10-31,SKU-GROC-501,Artisanal Single-Origin Coffee Beans (1kg),Groceries,104,931,21.56,4,1
2025-11-01,SKU-GROC-501,Artisanal Single-Origin Coffee Beans (1kg),Groceries,142,1457,21.56,4,1
2025-11-02,SKU-GROC-501,Artisanal Single-Origin Coffee Beans (1kg),Groceries,145,1334,21.56,4,1
2025-11-03,SKU-GROC-501,Artisanal Single-Origin Coffee Beans (1kg),Groceries,70,1275,24.5,4,0
2025-11-04,SKU-GROC-501,Artisanal Single-Origin Coffee Beans (1kg),Groceries,75,1212,24.5,4,0
2025-11-05,SKU-GROC-501,Artisanal Single-Origin Coffee Beans (1kg),Groceries,66,1156,24.5,4,0
2025-11-06,SKU-GROC-501,Artisanal Single-Origin Coffee Beans (1kg),Groceries,61,1105,24.5,4,0
2025-11-07,SKU-GROC-501,Artisanal Single-Origin Coffee Beans (1kg),Groceries,83,1035,24.5,4,0
2025-11-08,SKU-GROC-501,Artisanal Single-Origin Coffee Beans (1kg),Groceries,79,968,24.5,4,0
2025-11-09,SKU-GROC-501,Artisanal Single-Origin Coffee Beans (1kg),Groceries,92,1536,24.5,4,0
2025-11-10,SKU-GROC-501,Artisanal Single-Origin Coffee Beans (1kg),Groceries,64,1482,24.5,4,0
2025-11-11,SKU-GROC-501,Artisanal Single-Origin Coffee Beans (1kg),Groceries,87,1409,24.5,4,0
2025-11-12,SKU-GROC-501,Artisanal Single-Origin Coffee Beans (1kg),Groceries,106,1319,24.5,4,0
2025-11-13,SKU-GROC-501,Artisanal Single-Origin Coffee Beans (1kg),Groceries,60,1268,24.5,4,0
2025-11-14,SKU-GROC-501,Artisanal Single-Origin Coffee Beans (1kg),Groceries,52,1224,24.5,4,0
2025-11-15,SKU-GROC-501,Artisanal Single-Origin Coffee Beans (1kg),Groceries,98,1141,24.5,4,0
2025-11-16,SKU-GROC-501,Artisanal Single-Origin Coffee Beans (1kg),Groceries,100,1056,24.5,4,0
2025-11-17,SKU-GROC-501,Artisanal Single-Origin Coffee Beans (1kg),Groceries,83,1632,24.5,4,0
2025-11-18,SKU-GROC-501,Artisanal Single-Origin Coffee Beans (1kg),Groceries,74,1570,24.5,4,0
2025-11-19,SKU-GROC-501,Artisanal Single-Origin Coffee Beans (1kg),Groceries,77,1505,24.5,4,0
2025-11-20,SKU-GROC-501,Artisanal Single-Origin Coffee Beans (1kg),Groceries,86,1432,24.5,4,0
2025-11-21,SKU-GROC-501,Artisanal Single-Origin Coffee Beans (1kg),Groceries,97,1350,24.5,4,0
2025-11-22,SKU-GROC-501,Artisanal Single-Origin Coffee Beans (1kg),Groceries,72,1289,24.5,4,0
2025-11-23,SKU-GROC-501,Artisanal Single-Origin Coffee Beans (1kg),Groceries,96,1208,24.5,4,0
2025-11-24,SKU-GROC-501,Artisanal Single-Origin Coffee Beans (1kg),Groceries,85,1136,24.5,4,0
2025-11-25,SKU-GROC-501,Artisanal Single-Origin Coffee Beans (1kg),Groceries,68,1725,24.5,4,0
2025-11-26,SKU-GROC-501,Artisanal Single-Origin Coffee Beans (1kg),Groceries,108,1634,24.5,4,0
2025-11-27,SKU-GROC-501,Artisanal Single-Origin Coffee Beans (1kg),Groceries,73,1572,24.5,4,0
2025-11-28,SKU-GROC-501,Artisanal Single-Origin Coffee Beans (1kg),Groceries,82,1503,24.5,4,0
2025-11-29,SKU-GROC-501,Artisanal Single-Origin Coffee Beans (1kg),Groceries,112,1408,24.5,4,0
2025-11-30,SKU-GROC-501,Artisanal Single-Origin Coffee Beans (1kg),Groceries,95,1328,24.5,4,0
2025-12-01,SKU-GROC-501,Artisanal Single-Origin Coffee Beans (1kg),Groceries,56,1281,24.5,4,0
2025-12-02,SKU-GROC-501,Artisanal Single-Origin Coffee Beans (1kg),Groceries,77,1216,24.5,4,0
2025-12-03,SKU-GROC-501,Artisanal Single-Origin Coffee Beans (1kg),Groceries,99,1778,24.5,4,0
2025-12-04,SKU-GROC-501,Artisanal Single-Origin Coffee Beans (1kg),Groceries,79,1711,24.5,4,0
2025-12-05,SKU-GROC-501,Artisanal Single-Origin Coffee Beans (1kg),Groceries,72,1650,24.5,4,0
2025-12-06,SKU-GROC-501,Artisanal Single-Origin Coffee Beans (1kg),Groceries,120,1548,24.5,4,0
2025-12-07,SKU-GROC-501,Artisanal Single-Origin Coffee Beans (1kg),Groceries,101,1463,24.5,4,0
2025-12-08,SKU-GROC-501,Artisanal Single-Origin Coffee Beans (1kg),Groceries,78,1397,24.5,4,0
2025-12-09,SKU-GROC-501,Artisanal Single-Origin Coffee Beans (1kg),Groceries,88,1323,24.5,4,0
2025-12-10,SKU-GROC-501,Artisanal Single-Origin Coffee Beans (1kg),Groceries,98,1240,24.5,4,0
2025-12-11,SKU-GROC-501,Artisanal Single-Origin Coffee Beans (1kg),Groceries,122,1783,24.5,4,0
2025-12-12,SKU-GROC-501,Artisanal Single-Origin Coffee Beans (1kg),Groceries,99,1699,24.5,4,0
2025-12-13,SKU-GROC-501,Artisanal Single-Origin Coffee Beans (1kg),Groceries,126,1592,24.5,4,0
2025-12-14,SKU-GROC-501,Artisanal Single-Origin Coffee Beans (1kg),Groceries,101,1507,24.5,4,0
2025-12-15,SKU-GROC-501,Artisanal Single-Origin Coffee Beans (1kg),Groceries,72,1446,24.5,4,0
2025-12-16,SKU-GROC-501,Artisanal Single-Origin Coffee Beans (1kg),Groceries,89,1371,24.5,4,0
2025-12-17,SKU-GROC-501,Artisanal Single-Origin Coffee Beans (1kg),Groceries,120,1269,21.56,4,1
2025-12-18,SKU-GROC-501,Artisanal Single-Origin Coffee Beans (1kg),Groceries,103,1182,21.56,4,1
2025-12-19,SKU-GROC-501,Artisanal Single-Origin Coffee Beans (1kg),Groceries,117,1729,21.56,4,1
2025-12-20,SKU-GROC-501,Artisanal Single-Origin Coffee Beans (1kg),Groceries,156,1597,21.56,4,1
2025-12-21,SKU-GROC-501,Artisanal Single-Origin Coffee Beans (1kg),Groceries,117,1498,24.5,4,0
2025-12-22,SKU-GROC-501,Artisanal Single-Origin Coffee Beans (1kg),Groceries,97,1416,24.5,4,0
2025-12-23,SKU-GROC-501,Artisanal Single-Origin Coffee Beans (1kg),Groceries,94,1337,24.5,4,0
2025-12-24,SKU-GROC-501,Artisanal Single-Origin Coffee Beans (1kg),Groceries,82,1268,24.5,4,0
2025-12-25,SKU-GROC-501,Artisanal Single-Origin Coffee Beans (1kg),Groceries,83,1198,24.5,4,0
2025-12-26,SKU-GROC-501,Artisanal Single-Origin Coffee Beans (1kg),Groceries,73,1136,24.5,4,0
2025-12-27,SKU-GROC-501,Artisanal Single-Origin Coffee Beans (1kg),Groceries,141,1663,24.5,4,0
2025-12-28,SKU-GROC-501,Artisanal Single-Origin Coffee Beans (1kg),Groceries,114,1567,24.5,4,0
2025-12-29,SKU-GROC-501,Artisanal Single-Origin Coffee Beans (1kg),Groceries,88,1493,24.5,4,0
2025-12-30,SKU-GROC-501,Artisanal Single-Origin Coffee Beans (1kg),Groceries,78,1427,24.5,4,0
2025-12-31,SKU-GROC-501,Artisanal Single-Origin Coffee Beans (1kg),Groceries,136,1312,24.5,4,0
2026-01-01,SKU-GROC-501,Artisanal Single-Origin Coffee Beans (1kg),Groceries,76,1248,24.5,4,0
2026-01-02,SKU-GROC-501,Artisanal Single-Origin Coffee Beans (1kg),Groceries,86,1175,24.5,4,0
2026-01-03,SKU-GROC-501,Artisanal Single-Origin Coffee Beans (1kg),Groceries,123,1071,24.5,4,0
2026-01-04,SKU-GROC-501,Artisanal Single-Origin Coffee Beans (1kg),Groceries,126,1610,24.5,4,0
2026-01-05,SKU-GROC-501,Artisanal Single-Origin Coffee Beans (1kg),Groceries,108,1519,24.5,4,0
2026-01-06,SKU-GROC-501,Artisanal Single-Origin Coffee Beans (1kg),Groceries,121,1417,24.5,4,0
2026-01-07,SKU-GROC-501,Artisanal Single-Origin Coffee Beans (1kg),Groceries,102,1331,24.5,4,0
2026-01-08,SKU-GROC-501,Artisanal Single-Origin Coffee Beans (1kg),Groceries,79,1264,24.5,4,0
2026-01-09,SKU-GROC-501,Artisanal Single-Origin Coffee Beans (1kg),Groceries,91,1187,24.5,4,0
2026-01-10,SKU-GROC-501,Artisanal Single-Origin Coffee Beans (1kg),Groceries,124,1082,24.5,4,0
2026-01-11,SKU-GROC-501,Artisanal Single-Origin Coffee Beans (1kg),Groceries,151,954,24.5,4,0
2026-01-12,SKU-GROC-501,Artisanal Single-Origin Coffee Beans (1kg),Groceries,75,1537,24.5,4,0
2026-01-13,SKU-GROC-501,Artisanal Single-Origin Coffee Beans (1kg),Groceries,114,1441,24.5,4,0
2026-01-14,SKU-GROC-501,Artisanal Single-Origin Coffee Beans (1kg),Groceries,99,1357,24.5,4,0
2026-01-15,SKU-GROC-501,Artisanal Single-Origin Coffee Beans (1kg),Groceries,109,1265,24.5,4,0
2026-01-16,SKU-GROC-501,Artisanal Single-Origin Coffee Beans (1kg),Groceries,96,1184,24.5,4,0
2026-01-17,SKU-GROC-501,Artisanal Single-Origin Coffee Beans (1kg),Groceries,109,1092,24.5,4,0
2026-01-18,SKU-GROC-501,Artisanal Single-Origin Coffee Beans (1kg),Groceries,133,979,24.5,4,0
2026-01-19,SKU-GROC-501,Artisanal Single-Origin Coffee Beans (1kg),Groceries,108,888,24.5,4,0
2026-01-20,SKU-GROC-501,Artisanal Single-Origin Coffee Beans (1kg),Groceries,113,1438,24.5,4,0
2026-01-21,SKU-GROC-501,Artisanal Single-Origin Coffee Beans (1kg),Groceries,98,1355,24.5,4,0
2026-01-22,SKU-GROC-501,Artisanal Single-Origin Coffee Beans (1kg),Groceries,90,1279,24.5,4,0
2026-01-23,SKU-GROC-501,Artisanal Single-Origin Coffee Beans (1kg),Groceries,76,1215,24.5,4,0
2026-01-24,SKU-GROC-501,Artisanal Single-Origin Coffee Beans (1kg),Groceries,137,1099,24.5,4,0
2026-01-25,SKU-GROC-501,Artisanal Single-Origin Coffee Beans (1kg),Groceries,131,988,24.5,4,0
2026-01-26,SKU-GROC-501,Artisanal Single-Origin Coffee Beans (1kg),Groceries,86,915,24.5,4,0
2026-01-27,SKU-GROC-501,Artisanal Single-Origin Coffee Beans (1kg),Groceries,92,837,24.5,4,0
2026-01-28,SKU-GROC-501,Artisanal Single-Origin Coffee Beans (1kg),Groceries,94,1404,24.5,4,0
2026-01-29,SKU-GROC-501,Artisanal Single-Origin Coffee Beans (1kg),Groceries,79,1337,24.5,4,0
2026-01-30,SKU-GROC-501,Artisanal Single-Origin Coffee Beans (1kg),Groceries,89,1262,24.5,4,0
2026-01-31,SKU-GROC-501,Artisanal Single-Origin Coffee Beans (1kg),Groceries,110,1169,24.5,4,0
2026-02-01,SKU-GROC-501,Artisanal Single-Origin Coffee Beans (1kg),Groceries,121,1067,24.5,4,0
2026-02-02,SKU-GROC-501,Artisanal Single-Origin Coffee Beans (1kg),Groceries,91,990,24.5,4,0
2026-02-03,SKU-GROC-501,Artisanal Single-Origin Coffee Beans (1kg),Groceries,114,894,21.56,4,1
2026-02-04,SKU-GROC-501,Artisanal Single-Origin Coffee Beans (1kg),Groceries,169,751,21.56,4,1
2026-02-05,SKU-GROC-501,Artisanal Single-Origin Coffee Beans (1kg),Groceries,157,1264,21.56,4,1
2026-02-06,SKU-GROC-501,Artisanal Single-Origin Coffee Beans (1kg),Groceries,127,1157,21.56,4,1
2026-02-07,SKU-GROC-501,Artisanal Single-Origin Coffee Beans (1kg),Groceries,133,1044,24.5,4,0
2026-02-08,SKU-GROC-501,Artisanal Single-Origin Coffee Beans (1kg),Groceries,136,929,24.5,4,0
2026-02-09,SKU-GROC-501,Artisanal Single-Origin Coffee Beans (1kg),Groceries,122,826,24.5,4,0
2026-02-10,SKU-GROC-501,Artisanal Single-Origin Coffee Beans (1kg),Groceries,92,748,24.5,4,0
2026-02-11,SKU-GROC-501,Artisanal Single-Origin Coffee Beans (1kg),Groceries,121,646,24.5,4,0
2026-02-12,SKU-GROC-501,Artisanal Single-Origin Coffee Beans (1kg),Groceries,96,565,24.5,4,0
2026-02-13,SKU-GROC-501,Artisanal Single-Origin Coffee Beans (1kg),Groceries,85,1139,24.5,4,0
2026-02-14,SKU-GROC-501,Artisanal Single-Origin Coffee Beans (1kg),Groceries,142,1019,24.5,4,0
2026-02-15,SKU-GROC-501,Artisanal Single-Origin Coffee Beans (1kg),Groceries,151,891,24.5,4,0
2026-02-16,SKU-GROC-501,Artisanal Single-Origin Coffee Beans (1kg),Groceries,144,769,24.5,4,0
2026-02-17,SKU-GROC-501,Artisanal Single-Origin Coffee Beans (1kg),Groceries,88,695,24.5,4,0
2026-02-18,SKU-GROC-501,Artisanal Single-Origin Coffee Beans (1kg),Groceries,116,597,24.5,4,0
2026-02-19,SKU-GROC-501,Artisanal Single-Origin Coffee Beans (1kg),Groceries,100,512,24.5,4,0
2026-02-20,SKU-GROC-501,Artisanal Single-Origin Coffee Beans (1kg),Groceries,118,412,24.5,4,0
2026-02-21,SKU-GROC-501,Artisanal Single-Origin Coffee Beans (1kg),Groceries,111,964,24.5,4,0
2026-02-22,SKU-GROC-501,Artisanal Single-Origin Coffee Beans (1kg),Groceries,114,868,24.5,4,0
2026-02-23,SKU-GROC-501,Artisanal Single-Origin Coffee Beans (1kg),Groceries,95,788,24.5,4,0
2026-02-24,SKU-GROC-501,Artisanal Single-Origin Coffee Beans (1kg),Groceries,108,697,24.5,4,0
2026-02-25,SKU-GROC-501,Artisanal Single-Origin Coffee Beans (1kg),Groceries,98,614,24.5,4,0
2026-02-26,SKU-GROC-501,Artisanal Single-Origin Coffee Beans (1kg),Groceries,117,515,24.5,4,0
2026-02-27,SKU-GROC-501,Artisanal Single-Origin Coffee Beans (1kg),Groceries,123,411,24.5,4,0
2026-02-28,SKU-GROC-501,Artisanal Single-Origin Coffee Beans (1kg),Groceries,144,289,24.5,4,0
2026-03-01,SKU-GROC-501,Artisanal Single-Origin Coffee Beans (1kg),Groceries,159,800,24.5,4,0
2026-03-02,SKU-GROC-501,Artisanal Single-Origin Coffee Beans (1kg),Groceries,114,704,24.5,4,0
2026-03-03,SKU-GROC-501,Artisanal Single-Origin Coffee Beans (1kg),Groceries,90,628,24.5,4,0
2026-03-04,SKU-GROC-501,Artisanal Single-Origin Coffee Beans (1kg),Groceries,129,519,24.5,4,0
2026-03-05,SKU-GROC-501,Artisanal Single-Origin Coffee Beans (1kg),Groceries,99,435,24.5,4,0
2026-03-06,SKU-GROC-501,Artisanal Single-Origin Coffee Beans (1kg),Groceries,122,332,24.5,4,0
2026-03-07,SKU-GROC-501,Artisanal Single-Origin Coffee Beans (1kg),Groceries,160,196,24.5,4,0
2026-03-08,SKU-GROC-501,Artisanal Single-Origin Coffee Beans (1kg),Groceries,143,75,24.5,4,0
2026-03-09,SKU-GROC-501,Artisanal Single-Origin Coffee Beans (1kg),Groceries,87,648,24.5,4,0
2026-03-10,SKU-GROC-501,Artisanal Single-Origin Coffee Beans (1kg),Groceries,96,567,24.5,4,0
2026-03-11,SKU-GROC-501,Artisanal Single-Origin Coffee Beans (1kg),Groceries,129,458,24.5,4,0
2026-03-12,SKU-GROC-501,Artisanal Single-Origin Coffee Beans (1kg),Groceries,107,368,24.5,4,0
2026-03-13,SKU-GROC-501,Artisanal Single-Origin Coffee Beans (1kg),Groceries,111,274,24.5,4,0
2026-03-14,SKU-GROC-501,Artisanal Single-Origin Coffee Beans (1kg),Groceries,149,148,24.5,4,0
2026-03-15,SKU-GROC-501,Artisanal Single-Origin Coffee Beans (1kg),Groceries,148,23,24.5,4,0
2026-03-16,SKU-GROC-501,Artisanal Single-Origin Coffee Beans (1kg),Groceries,114,0,24.5,4,0
2026-03-17,SKU-GROC-501,Artisanal Single-Origin Coffee Beans (1kg),Groceries,107,556,24.5,4,0
2026-03-18,SKU-GROC-501,Artisanal Single-Origin Coffee Beans (1kg),Groceries,106,466,24.5,4,0
2026-03-19,SKU-GROC-501,Artisanal Single-Origin Coffee Beans (1kg),Groceries,123,362,24.5,4,0
2026-03-20,SKU-GROC-501,Artisanal Single-Origin Coffee Beans (1kg),Groceries,119,261,24.5,4,0
2026-03-21,SKU-GROC-501,Artisanal Single-Origin Coffee Beans (1kg),Groceries,134,148,24.5,4,0
2026-03-22,SKU-GROC-501,Artisanal Single-Origin Coffee Beans (1kg),Groceries,154,18,24.5,4,0
2026-03-23,SKU-GROC-501,Artisanal Single-Origin Coffee Beans (1kg),Groceries,147,0,21.56,4,1
2026-03-24,SKU-GROC-501,Artisanal Single-Origin Coffee Beans (1kg),Groceries,137,0,21.56,4,1
2026-03-25,SKU-GROC-501,Artisanal Single-Origin Coffee Beans (1kg),Groceries,138,529,21.56,4,1
2026-03-26,SKU-GROC-501,Artisanal Single-Origin Coffee Beans (1kg),Groceries,135,415,21.56,4,1
2026-03-27,SKU-GROC-501,Artisanal Single-Origin Coffee Beans (1kg),Groceries,107,325,24.5,4,0
2026-03-28,SKU-GROC-501,Artisanal Single-Origin Coffee Beans (1kg),Groceries,157,192,24.5,4,0
2026-03-29,SKU-GROC-501,Artisanal Single-Origin Coffee Beans (1kg),Groceries,127,85,24.5,4,0
2026-03-30,SKU-GROC-501,Artisanal Single-Origin Coffee Beans (1kg),Groceries,114,0,24.5,4,0
2026-03-31,SKU-GROC-501,Artisanal Single-Origin Coffee Beans (1kg),Groceries,101,0,24.5,4,0
2026-04-01,SKU-GROC-501,Artisanal Single-Origin Coffee Beans (1kg),Groceries,107,0,24.5,4,0
2026-04-02,SKU-GROC-501,Artisanal Single-Origin Coffee Beans (1kg),Groceries,88,572,24.5,4,0
2026-04-03,SKU-GROC-501,Artisanal Single-Origin Coffee Beans (1kg),Groceries,108,481,24.5,4,0
2026-04-04,SKU-GROC-501,Artisanal Single-Origin Coffee Beans (1kg),Groceries,136,366,24.5,4,0
2026-04-05,SKU-GROC-501,Artisanal Single-Origin Coffee Beans (1kg),Groceries,147,242,24.5,4,0
2026-04-06,SKU-GROC-501,Artisanal Single-Origin Coffee Beans (1kg),Groceries,114,146,24.5,4,0
2026-04-07,SKU-GROC-501,Artisanal Single-Origin Coffee Beans (1kg),Groceries,93,67,24.5,4,0
2026-04-08,SKU-GROC-501,Artisanal Single-Origin Coffee Beans (1kg),Groceries,127,0,24.5,4,0
2026-04-09,SKU-GROC-501,Artisanal Single-Origin Coffee Beans (1kg),Groceries,114,0,24.5,4,0
2026-04-10,SKU-GROC-501,Artisanal Single-Origin Coffee Beans (1kg),Groceries,114,550,24.5,4,0
2026-04-11,SKU-GROC-501,Artisanal Single-Origin Coffee Beans (1kg),Groceries,139,432,24.5,4,0
2026-04-12,SKU-GROC-501,Artisanal Single-Origin Coffee Beans (1kg),Groceries,131,321,24.5,4,0
2026-04-13,SKU-GROC-501,Artisanal Single-Origin Coffee Beans (1kg),Groceries,114,225,24.5,4,0
2026-04-14,SKU-GROC-501,Artisanal Single-Origin Coffee Beans (1kg),Groceries,118,125,24.5,4,0
2026-04-15,SKU-GROC-501,Artisanal Single-Origin Coffee Beans (1kg),Groceries,85,53,24.5,4,0
2026-04-16,SKU-GROC-501,Artisanal Single-Origin Coffee Beans (1kg),Groceries,103,0,24.5,4,0
2026-04-17,SKU-GROC-501,Artisanal Single-Origin Coffee Beans (1kg),Groceries,107,0,24.5,4,0
2026-04-18,SKU-GROC-501,Artisanal Single-Origin Coffee Beans (1kg),Groceries,142,526,24.5,4,0
2026-04-19,SKU-GROC-501,Artisanal Single-Origin Coffee Beans (1kg),Groceries,156,394,24.5,4,0
2026-04-20,SKU-GROC-501,Artisanal Single-Origin Coffee Beans (1kg),Groceries,99,310,24.5,4,0
2026-04-21,SKU-GROC-501,Artisanal Single-Origin Coffee Beans (1kg),Groceries,103,223,24.5,4,0
2026-04-22,SKU-GROC-501,Artisanal Single-Origin Coffee Beans (1kg),Groceries,103,136,24.5,4,0
2026-04-23,SKU-GROC-501,Artisanal Single-Origin Coffee Beans (1kg),Groceries,98,53,24.5,4,0
2026-04-24,SKU-GROC-501,Artisanal Single-Origin Coffee Beans (1kg),Groceries,105,0,24.5,4,0
2026-04-25,SKU-GROC-501,Artisanal Single-Origin Coffee Beans (1kg),Groceries,149,0,24.5,4,0
2026-04-26,SKU-GROC-501,Artisanal Single-Origin Coffee Beans (1kg),Groceries,122,543,24.5,4,0
2026-04-27,SKU-GROC-501,Artisanal Single-Origin Coffee Beans (1kg),Groceries,116,445,24.5,4,0
2026-04-28,SKU-GROC-501,Artisanal Single-Origin Coffee Beans (1kg),Groceries,84,374,24.5,4,0
2026-04-29,SKU-GROC-501,Artisanal Single-Origin Coffee Beans (1kg),Groceries,101,289,24.5,4,0
2026-04-30,SKU-GROC-501,Artisanal Single-Origin Coffee Beans (1kg),Groceries,105,200,24.5,4,0
2026-05-01,SKU-GROC-501,Artisanal Single-Origin Coffee Beans (1kg),Groceries,135,86,24.5,4,0
2026-05-02,SKU-GROC-501,Artisanal Single-Origin Coffee Beans (1kg),Groceries,133,0,24.5,4,0
2026-05-03,SKU-GROC-501,Artisanal Single-Origin Coffee Beans (1kg),Groceries,104,0,24.5,4,0
2026-05-04,SKU-GROC-501,Artisanal Single-Origin Coffee Beans (1kg),Groceries,79,579,24.5,4,0
2026-05-05,SKU-GROC-501,Artisanal Single-Origin Coffee Beans (1kg),Groceries,110,486,24.5,4,0
2026-05-06,SKU-GROC-501,Artisanal Single-Origin Coffee Beans (1kg),Groceries,118,386,24.5,4,0
2026-05-07,SKU-GROC-501,Artisanal Single-Origin Coffee Beans (1kg),Groceries,114,290,24.5,4,0
2026-05-08,SKU-GROC-501,Artisanal Single-Origin Coffee Beans (1kg),Groceries,111,196,24.5,4,0
2026-05-09,SKU-GROC-501,Artisanal Single-Origin Coffee Beans (1kg),Groceries,153,66,24.5,4,0
2026-05-10,SKU-GROC-501,Artisanal Single-Origin Coffee Beans (1kg),Groceries,175,0,21.56,4,1
2026-05-11,SKU-GROC-501,Artisanal Single-Origin Coffee Beans (1kg),Groceries,159,0,21.56,4,1
2026-05-12,SKU-GROC-501,Artisanal Single-Origin Coffee Beans (1kg),Groceries,121,544,21.56,4,1
2026-05-13,SKU-GROC-501,Artisanal Single-Origin Coffee Beans (1kg),Groceries,132,432,21.56,4,1
2026-05-14,SKU-GROC-501,Artisanal Single-Origin Coffee Beans (1kg),Groceries,81,364,24.5,4,0
2026-05-15,SKU-GROC-501,Artisanal Single-Origin Coffee Beans (1kg),Groceries,103,277,24.5,4,0
2026-05-16,SKU-GROC-501,Artisanal Single-Origin Coffee Beans (1kg),Groceries,133,164,24.5,4,0
2026-05-17,SKU-GROC-501,Artisanal Single-Origin Coffee Beans (1kg),Groceries,136,49,24.5,4,0
2026-05-18,SKU-GROC-501,Artisanal Single-Origin Coffee Beans (1kg),Groceries,108,0,24.5,4,0
2026-05-19,SKU-GROC-501,Artisanal Single-Origin Coffee Beans (1kg),Groceries,93,0,24.5,4,0
2026-05-20,SKU-GROC-501,Artisanal Single-Origin Coffee Beans (1kg),Groceries,104,558,24.5,4,0
2026-05-21,SKU-GROC-501,Artisanal Single-Origin Coffee Beans (1kg),Groceries,84,487,24.5,4,0
2026-05-22,SKU-GROC-501,Artisanal Single-Origin Coffee Beans (1kg),Groceries,127,380,24.5,4,0
2026-05-23,SKU-GROC-501,Artisanal Single-Origin Coffee Beans (1kg),Groceries,128,272,24.5,4,0
2026-05-24,SKU-GROC-501,Artisanal Single-Origin Coffee Beans (1kg),Groceries,125,166,24.5,4,0
2026-05-25,SKU-GROC-501,Artisanal Single-Origin Coffee Beans (1kg),Groceries,129,57,24.5,4,0
2026-05-26,SKU-GROC-501,Artisanal Single-Origin Coffee Beans (1kg),Groceries,87,0,24.5,4,0
2026-05-27,SKU-GROC-501,Artisanal Single-Origin Coffee Beans (1kg),Groceries,88,0,24.5,4,0
2026-05-28,SKU-GROC-501,Artisanal Single-Origin Coffee Beans (1kg),Groceries,88,572,24.5,4,0
2026-05-29,SKU-GROC-501,Artisanal Single-Origin Coffee Beans (1kg),Groceries,104,484,24.5,4,0
2026-05-30,SKU-GROC-501,Artisanal Single-Origin Coffee Beans (1kg),Groceries,137,368,24.5,4,0
2026-05-31,SKU-GROC-501,Artisanal Single-Origin Coffee Beans (1kg),Groceries,141,249,24.5,4,0
2026-06-01,SKU-GROC-501,Artisanal Single-Origin Coffee Beans (1kg),Groceries,143,128,24.5,4,0
2026-06-02,SKU-GROC-501,Artisanal Single-Origin Coffee Beans (1kg),Groceries,70,69,24.5,4,0
2026-06-03,SKU-GROC-501,Artisanal Single-Origin Coffee Beans (1kg),Groceries,113,0,24.5,4,0
2026-06-04,SKU-GROC-501,Artisanal Single-Origin Coffee Beans (1kg),Groceries,95,0,24.5,4,0
2026-06-05,SKU-GROC-501,Artisanal Single-Origin Coffee Beans (1kg),Groceries,94,567,24.5,4,0
2026-06-06,SKU-GROC-501,Artisanal Single-Origin Coffee Beans (1kg),Groceries,119,466,24.5,4,0
2026-06-07,SKU-GROC-501,Artisanal Single-Origin Coffee Beans (1kg),Groceries,114,370,24.5,4,0
2026-06-08,SKU-GROC-501,Artisanal Single-Origin Coffee Beans (1kg),Groceries,128,262,24.5,4,0
2026-06-09,SKU-GROC-501,Artisanal Single-Origin Coffee Beans (1kg),Groceries,115,165,24.5,4,0
2026-06-10,SKU-GROC-501,Artisanal Single-Origin Coffee Beans (1kg),Groceries,102,79,24.5,4,0
2026-06-11,SKU-GROC-501,Artisanal Single-Origin Coffee Beans (1kg),Groceries,122,0,24.5,4,0
2026-06-12,SKU-GROC-501,Artisanal Single-Origin Coffee Beans (1kg),Groceries,79,0,24.5,4,0
2026-06-13,SKU-GROC-501,Artisanal Single-Origin Coffee Beans (1kg),Groceries,106,556,24.5,4,0
2026-06-14,SKU-GROC-501,Artisanal Single-Origin Coffee Beans (1kg),Groceries,93,477,24.5,4,0
2026-06-15,SKU-GROC-501,Artisanal Single-Origin Coffee Beans (1kg),Groceries,90,401,24.5,4,0
2026-06-16,SKU-GROC-501,Artisanal Single-Origin Coffee Beans (1kg),Groceries,103,314,24.5,4,0
2026-06-17,SKU-GROC-501,Artisanal Single-Origin Coffee Beans (1kg),Groceries,101,229,24.5,4,0
2026-06-18,SKU-GROC-501,Artisanal Single-Origin Coffee Beans (1kg),Groceries,102,143,24.5,4,0
2026-06-19,SKU-GROC-501,Artisanal Single-Origin Coffee Beans (1kg),Groceries,78,77,24.5,4,0
2026-06-20,SKU-GROC-501,Artisanal Single-Origin Coffee Beans (1kg),Groceries,136,0,24.5,4,0
2026-06-21,SKU-GROC-501,Artisanal Single-Origin Coffee Beans (1kg),Groceries,127,539,24.5,4,0
2026-06-22,SKU-GROC-501,Artisanal Single-Origin Coffee Beans (1kg),Groceries,110,446,24.5,4,0
2026-06-23,SKU-GROC-501,Artisanal Single-Origin Coffee Beans (1kg),Groceries,70,387,24.5,4,0
2026-06-24,SKU-GROC-501,Artisanal Single-Origin Coffee Beans (1kg),Groceries,103,300,24.5,4,0
2025-01-01,SKU-GROC-502,Organic Extra Virgin Olive Oil (1L),Groceries,32,133,18.75,5,0
2025-01-02,SKU-GROC-502,Organic Extra Virgin Olive Oil (1L),Groceries,37,102,18.75,5,0
2025-01-03,SKU-GROC-502,Organic Extra Virgin Olive Oil (1L),Groceries,44,65,18.75,5,0
2025-01-04,SKU-GROC-502,Organic Extra Virgin Olive Oil (1L),Groceries,53,20,18.75,5,0
2025-01-05,SKU-GROC-502,Organic Extra Virgin Olive Oil (1L),Groceries,47,0,18.75,5,0
2025-01-06,SKU-GROC-502,Organic Extra Virgin Olive Oil (1L),Groceries,41,0,18.75,5,0
2025-01-07,SKU-GROC-502,Organic Extra Virgin Olive Oil (1L),Groceries,30,0,18.75,5,0
2025-01-08,SKU-GROC-502,Organic Extra Virgin Olive Oil (1L),Groceries,49,0,18.75,5,0
2025-01-09,SKU-GROC-502,Organic Extra Virgin Olive Oil (1L),Groceries,40,0,18.75,5,0
2025-01-10,SKU-GROC-502,Organic Extra Virgin Olive Oil (1L),Groceries,49,301,18.75,5,0
2025-01-11,SKU-GROC-502,Organic Extra Virgin Olive Oil (1L),Groceries,50,259,18.75,5,0
2025-01-12,SKU-GROC-502,Organic Extra Virgin Olive Oil (1L),Groceries,50,217,18.75,5,0
2025-01-13,SKU-GROC-502,Organic Extra Virgin Olive Oil (1L),Groceries,36,187,18.75,5,0
2025-01-14,SKU-GROC-502,Organic Extra Virgin Olive Oil (1L),Groceries,48,147,18.75,5,0
2025-01-15,SKU-GROC-502,Organic Extra Virgin Olive Oil (1L),Groceries,52,103,16.5,5,1
2025-01-16,SKU-GROC-502,Organic Extra Virgin Olive Oil (1L),Groceries,61,52,16.5,5,1
2025-01-17,SKU-GROC-502,Organic Extra Virgin Olive Oil (1L),Groceries,54,7,16.5,5,1
2025-01-18,SKU-GROC-502,Organic Extra Virgin Olive Oil (1L),Groceries,60,0,16.5,5,1
2025-01-19,SKU-GROC-502,Organic Extra Virgin Olive Oil (1L),Groceries,51,299,18.75,5,0
2025-01-20,SKU-GROC-502,Organic Extra Virgin Olive Oil (1L),Groceries,34,271,18.75,5,0
2025-01-21,SKU-GROC-502,Organic Extra Virgin Olive Oil (1L),Groceries,43,235,18.75,5,0
2025-01-22,SKU-GROC-502,Organic Extra Virgin Olive Oil (1L),Groceries,34,207,18.75,5,0
2025-01-23,SKU-GROC-502,Organic Extra Virgin Olive Oil (1L),Groceries,49,166,18.75,5,0
2025-01-24,SKU-GROC-502,Organic Extra Virgin Olive Oil (1L),Groceries,42,131,18.75,5,0
2025-01-25,SKU-GROC-502,Organic Extra Virgin Olive Oil (1L),Groceries,55,85,18.75,5,0
2025-01-26,SKU-GROC-502,Organic Extra Virgin Olive Oil (1L),Groceries,61,34,18.75,5,0
2025-01-27,SKU-GROC-502,Organic Extra Virgin Olive Oil (1L),Groceries,50,0,18.75,5,0
2025-01-28,SKU-GROC-502,Organic Extra Virgin Olive Oil (1L),Groceries,43,306,18.75,5,0
2025-01-29,SKU-GROC-502,Organic Extra Virgin Olive Oil (1L),Groceries,38,274,18.75,5,0
2025-01-30,SKU-GROC-502,Organic Extra Virgin Olive Oil (1L),Groceries,31,248,18.75,5,0
2025-01-31,SKU-GROC-502,Organic Extra Virgin Olive Oil (1L),Groceries,39,215,18.75,5,0
2025-02-01,SKU-GROC-502,Organic Extra Virgin Olive Oil (1L),Groceries,53,170,18.75,5,0
2025-02-02,SKU-GROC-502,Organic Extra Virgin Olive Oil (1L),Groceries,58,121,18.75,5,0
2025-02-03,SKU-GROC-502,Organic Extra Virgin Olive Oil (1L),Groceries,42,86,18.75,5,0
2025-02-04,SKU-GROC-502,Organic Extra Virgin Olive Oil (1L),Groceries,49,45,18.75,5,0
2025-02-05,SKU-GROC-502,Organic Extra Virgin Olive Oil (1L),Groceries,40,11,18.75,5,0
2025-02-06,SKU-GROC-502,Organic Extra Virgin Olive Oil (1L),Groceries,44,316,18.75,5,0
2025-02-07,SKU-GROC-502,Organic Extra Virgin Olive Oil (1L),Groceries,53,271,18.75,5,0
2025-02-08,SKU-GROC-502,Organic Extra Virgin Olive Oil (1L),Groceries,60,220,18.75,5,0
2025-02-09,SKU-GROC-502,Organic Extra Virgin Olive Oil (1L),Groceries,58,171,18.75,5,0
2025-02-10,SKU-GROC-502,Organic Extra Virgin Olive Oil (1L),Groceries,40,137,18.75,5,0
2025-02-11,SKU-GROC-502,Organic Extra Virgin Olive Oil (1L),Groceries,40,103,18.75,5,0
2025-02-12,SKU-GROC-502,Organic Extra Virgin Olive Oil (1L),Groceries,39,70,18.75,5,0
2025-02-13,SKU-GROC-502,Organic Extra Virgin Olive Oil (1L),Groceries,41,36,18.75,5,0
2025-02-14,SKU-GROC-502,Organic Extra Virgin Olive Oil (1L),Groceries,50,0,18.75,5,0
2025-02-15,SKU-GROC-502,Organic Extra Virgin Olive Oil (1L),Groceries,57,294,18.75,5,0
2025-02-16,SKU-GROC-502,Organic Extra Virgin Olive Oil (1L),Groceries,49,253,18.75,5,0
2025-02-17,SKU-GROC-502,Organic Extra Virgin Olive Oil (1L),Groceries,58,204,18.75,5,0
2025-02-18,SKU-GROC-502,Organic Extra Virgin Olive Oil (1L),Groceries,48,164,18.75,5,0
2025-02-19,SKU-GROC-502,Organic Extra Virgin Olive Oil (1L),Groceries,36,134,18.75,5,0
2025-02-20,SKU-GROC-502,Organic Extra Virgin Olive Oil (1L),Groceries,42,99,18.75,5,0
2025-02-21,SKU-GROC-502,Organic Extra Virgin Olive Oil (1L),Groceries,46,60,18.75,5,0
2025-02-22,SKU-GROC-502,Organic Extra Virgin Olive Oil (1L),Groceries,71,0,18.75,5,0
2025-02-23,SKU-GROC-502,Organic Extra Virgin Olive Oil (1L),Groceries,52,0,18.75,5,0
2025-02-24,SKU-GROC-502,Organic Extra Virgin Olive Oil (1L),Groceries,53,297,18.75,5,0
2025-02-25,SKU-GROC-502,Organic Extra Virgin Olive Oil (1L),Groceries,56,250,18.75,5,0
2025-02-26,SKU-GROC-502,Organic Extra Virgin Olive Oil (1L),Groceries,42,215,18.75,5,0
2025-02-27,SKU-GROC-502,Organic Extra Virgin Olive Oil (1L),Groceries,44,178,18.75,5,0
2025-02-28,SKU-GROC-502,Organic Extra Virgin Olive Oil (1L),Groceries,39,145,18.75,5,0
2025-03-01,SKU-GROC-502,Organic Extra Virgin Olive Oil (1L),Groceries,59,95,18.75,5,0
2025-03-02,SKU-GROC-502,Organic Extra Virgin Olive Oil (1L),Groceries,60,44,18.75,5,0
2025-03-03,SKU-GROC-502,Organic Extra Virgin Olive Oil (1L),Groceries,51,1,18.75,5,0
2025-03-04,SKU-GROC-502,Organic Extra Virgin Olive Oil (1L),Groceries,70,0,16.5,5,1
2025-03-05,SKU-GROC-502,Organic Extra Virgin Olive Oil (1L),Groceries,57,294,16.5,5,1
2025-03-06,SKU-GROC-502,Organic Extra Virgin Olive Oil (1L),Groceries,49,253,16.5,5,1
2025-03-07,SKU-GROC-502,Organic Extra Virgin Olive Oil (1L),Groceries,63,200,16.5,5,1
2025-03-08,SKU-GROC-502,Organic Extra Virgin Olive Oil (1L),Groceries,63,147,18.75,5,0
2025-03-09,SKU-GROC-502,Organic Extra Virgin Olive Oil (1L),Groceries,62,95,18.75,5,0
2025-03-10,SKU-GROC-502,Organic Extra Virgin Olive Oil (1L),Groceries,44,58,18.75,5,0
2025-03-11,SKU-GROC-502,Organic Extra Virgin Olive Oil (1L),Groceries,48,18,18.75,5,0
2025-03-12,SKU-GROC-502,Organic Extra Virgin Olive Oil (1L),Groceries,57,0,18.75,5,0
2025-03-13,SKU-GROC-502,Organic Extra Virgin Olive Oil (1L),Groceries,49,0,18.75,5,0
2025-03-14,SKU-GROC-502,Organic Extra Virgin Olive Oil (1L),Groceries,44,305,18.75,5,0
2025-03-15,SKU-GROC-502,Organic Extra Virgin Olive Oil (1L),Groceries,57,257,18.75,5,0
2025-03-16,SKU-GROC-502,Organic Extra Virgin Olive Oil (1L),Groceries,60,206,18.75,5,0
2025-03-17,SKU-GROC-502,Organic Extra Virgin Olive Oil (1L),Groceries,58,157,18.75,5,0
2025-03-18,SKU-GROC-502,Organic Extra Virgin Olive Oil (1L),Groceries,46,118,18.75,5,0
2025-03-19,SKU-GROC-502,Organic Extra Virgin Olive Oil (1L),Groceries,47,79,18.75,5,0
2025-03-20,SKU-GROC-502,Organic Extra Virgin Olive Oil (1L),Groceries,44,42,18.75,5,0
2025-03-21,SKU-GROC-502,Organic Extra Virgin Olive Oil (1L),Groceries,55,0,18.75,5,0
2025-03-22,SKU-GROC-502,Organic Extra Virgin Olive Oil (1L),Groceries,75,0,18.75,5,0
2025-03-23,SKU-GROC-502,Organic Extra Virgin Olive Oil (1L),Groceries,64,288,18.75,5,0
2025-03-24,SKU-GROC-502,Organic Extra Virgin Olive Oil (1L),Groceries,48,248,18.75,5,0
2025-03-25,SKU-GROC-502,Organic Extra Virgin Olive Oil (1L),Groceries,47,209,18.75,5,0
2025-03-26,SKU-GROC-502,Organic Extra Virgin Olive Oil (1L),Groceries,30,184,18.75,5,0
2025-03-27,SKU-GROC-502,Organic Extra Virgin Olive Oil (1L),Groceries,52,140,18.75,5,0
2025-03-28,SKU-GROC-502,Organic Extra Virgin Olive Oil (1L),Groceries,48,100,18.75,5,0
2025-03-29,SKU-GROC-502,Organic Extra Virgin Olive Oil (1L),Groceries,64,46,18.75,5,0
2025-03-30,SKU-GROC-502,Organic Extra Virgin Olive Oil (1L),Groceries,56,0,18.75,5,0
2025-03-31,SKU-GROC-502,Organic Extra Virgin Olive Oil (1L),Groceries,45,0,18.75,5,0
2025-04-01,SKU-GROC-502,Organic Extra Virgin Olive Oil (1L),Groceries,44,305,18.75,5,0
2025-04-02,SKU-GROC-502,Organic Extra Virgin Olive Oil (1L),Groceries,54,260,18.75,5,0
2025-04-03,SKU-GROC-502,Organic Extra Virgin Olive Oil (1L),Groceries,45,222,18.75,5,0
2025-04-04,SKU-GROC-502,Organic Extra Virgin Olive Oil (1L),Groceries,62,170,18.75,5,0
2025-04-05,SKU-GROC-502,Organic Extra Virgin Olive Oil (1L),Groceries,64,116,18.75,5,0
2025-04-06,SKU-GROC-502,Organic Extra Virgin Olive Oil (1L),Groceries,52,72,18.75,5,0
2025-04-07,SKU-GROC-502,Organic Extra Virgin Olive Oil (1L),Groceries,46,33,18.75,5,0
2025-04-08,SKU-GROC-502,Organic Extra Virgin Olive Oil (1L),Groceries,43,0,18.75,5,0
2025-04-09,SKU-GROC-502,Organic Extra Virgin Olive Oil (1L),Groceries,32,0,18.75,5,0
2025-04-10,SKU-GROC-502,Organic Extra Virgin Olive Oil (1L),Groceries,58,293,18.75,5,0
2025-04-11,SKU-GROC-502,Organic Extra Virgin Olive Oil (1L),Groceries,52,249,18.75,5,0
2025-04-12,SKU-GROC-502,Organic Extra Virgin Olive Oil (1L),Groceries,65,194,18.75,5,0
2025-04-13,SKU-GROC-502,Organic Extra Virgin Olive Oil (1L),Groceries,62,142,18.75,5,0
2025-04-14,SKU-GROC-502,Organic Extra Virgin Olive Oil (1L),Groceries,37,111,18.75,5,0
2025-04-15,SKU-GROC-502,Organic Extra Virgin Olive Oil (1L),Groceries,44,74,18.75,5,0
2025-04-16,SKU-GROC-502,Organic Extra Virgin Olive Oil (1L),Groceries,53,29,18.75,5,0
2025-04-17,SKU-GROC-502,Organic Extra Virgin Olive Oil (1L),Groceries,40,0,18.75,5,0
2025-04-18,SKU-GROC-502,Organic Extra Virgin Olive Oil (1L),Groceries,29,0,18.75,5,0
2025-04-19,SKU-GROC-502,Organic Extra Virgin Olive Oil (1L),Groceries,59,292,18.75,5,0
2025-04-20,SKU-GROC-502,Organic Extra Virgin Olive Oil (1L),Groceries,60,241,18.75,5,0
2025-04-21,SKU-GROC-502,Organic Extra Virgin Olive Oil (1L),Groceries,64,187,16.5,5,1
2025-04-22,SKU-GROC-502,Organic Extra Virgin Olive Oil (1L),Groceries,68,130,16.5,5,1
2025-04-23,SKU-GROC-502,Organic Extra Virgin Olive Oil (1L),Groceries,68,73,16.5,5,1
2025-04-24,SKU-GROC-502,Organic Extra Virgin Olive Oil (1L),Groceries,65,18,16.5,5,1
2025-04-25,SKU-GROC-502,Organic Extra Virgin Olive Oil (1L),Groceries,55,0,18.75,5,0
2025-04-26,SKU-GROC-502,Organic Extra Virgin Olive Oil (1L),Groceries,50,0,18.75,5,0
2025-04-27,SKU-GROC-502,Organic Extra Virgin Olive Oil (1L),Groceries,64,0,18.75,5,0
2025-04-28,SKU-GROC-502,Organic Extra Virgin Olive Oil (1L),Groceries,51,299,18.75,5,0
2025-04-29,SKU-GROC-502,Organic Extra Virgin Olive Oil (1L),Groceries,38,267,18.75,5,0
2025-04-30,SKU-GROC-502,Organic Extra Virgin Olive Oil (1L),Groceries,36,237,18.75,5,0
2025-05-01,SKU-GROC-502,Organic Extra Virgin Olive Oil (1L),Groceries,41,203,18.75,5,0
2025-05-02,SKU-GROC-502,Organic Extra Virgin Olive Oil (1L),Groceries,42,168,18.75,5,0
2025-05-03,SKU-GROC-502,Organic Extra Virgin Olive Oil (1L),Groceries,65,113,18.75,5,0
2025-05-04,SKU-GROC-502,Organic Extra Virgin Olive Oil (1L),Groceries,56,66,18.75,5,0
2025-05-05,SKU-GROC-502,Organic Extra Virgin Olive Oil (1L),Groceries,40,32,18.75,5,0
2025-05-06,SKU-GROC-502,Organic Extra Virgin Olive Oil (1L),Groceries,42,0,18.75,5,0
2025-05-07,SKU-GROC-502,Organic Extra Virgin Olive Oil (1L),Groceries,54,297,18.75,5,0
2025-05-08,SKU-GROC-502,Organic Extra Virgin Olive Oil (1L),Groceries,46,258,18.75,5,0
2025-05-09,SKU-GROC-502,Organic Extra Virgin Olive Oil (1L),Groceries,44,221,18.75,5,0
2025-05-10,SKU-GROC-502,Organic Extra Virgin Olive Oil (1L),Groceries,59,171,18.75,5,0
2025-05-11,SKU-GROC-502,Organic Extra Virgin Olive Oil (1L),Groceries,68,114,18.75,5,0
2025-05-12,SKU-GROC-502,Organic Extra Virgin Olive Oil (1L),Groceries,40,80,18.75,5,0
2025-05-13,SKU-GROC-502,Organic Extra Virgin Olive Oil (1L),Groceries,55,34,18.75,5,0
2025-05-14,SKU-GROC-502,Organic Extra Virgin Olive Oil (1L),Groceries,47,0,18.75,5,0
2025-05-15,SKU-GROC-502,Organic Extra Virgin Olive Oil (1L),Groceries,44,0,18.75,5,0
2025-05-16,SKU-GROC-502,Organic Extra Virgin Olive Oil (1L),Groceries,63,289,18.75,5,0
2025-05-17,SKU-GROC-502,Organic Extra Virgin Olive Oil (1L),Groceries,51,246,18.75,5,0
2025-05-18,SKU-GROC-502,Organic Extra Virgin Olive Oil (1L),Groceries,56,199,18.75,5,0
2025-05-19,SKU-GROC-502,Organic Extra Virgin Olive Oil (1L),Groceries,36,169,18.75,5,0
2025-05-20,SKU-GROC-502,Organic Extra Virgin Olive Oil (1L),Groceries,51,126,18.75,5,0
2025-05-21,SKU-GROC-502,Organic Extra Virgin Olive Oil (1L),Groceries,57,78,18.75,5,0
2025-05-22,SKU-GROC-502,Organic Extra Virgin Olive Oil (1L),Groceries,56,31,18.75,5,0
2025-05-23,SKU-GROC-502,Organic Extra Virgin Olive Oil (1L),Groceries,53,0,18.75,5,0
2025-05-24,SKU-GROC-502,Organic Extra Virgin Olive Oil (1L),Groceries,56,0,18.75,5,0
2025-05-25,SKU-GROC-502,Organic Extra Virgin Olive Oil (1L),Groceries,55,296,18.75,5,0
2025-05-26,SKU-GROC-502,Organic Extra Virgin Olive Oil (1L),Groceries,33,268,18.75,5,0
2025-05-27,SKU-GROC-502,Organic Extra Virgin Olive Oil (1L),Groceries,58,219,18.75,5,0
2025-05-28,SKU-GROC-502,Organic Extra Virgin Olive Oil (1L),Groceries,47,180,18.75,5,0
2025-05-29,SKU-GROC-502,Organic Extra Virgin Olive Oil (1L),Groceries,40,146,18.75,5,0
2025-05-30,SKU-GROC-502,Organic Extra Virgin Olive Oil (1L),Groceries,53,101,18.75,5,0
2025-05-31,SKU-GROC-502,Organic Extra Virgin Olive Oil (1L),Groceries,50,59,18.75,5,0
2025-06-01,SKU-GROC-502,Organic Extra Virgin Olive Oil (1L),Groceries,60,8,18.75,5,0
2025-06-02,SKU-GROC-502,Organic Extra Virgin Olive Oil (1L),Groceries,42,0,18.75,5,0
2025-06-03,SKU-GROC-502,Organic Extra Virgin Olive Oil (1L),Groceries,48,302,18.75,5,0
2025-06-04,SKU-GROC-502,Organic Extra Virgin Olive Oil (1L),Groceries,43,266,18.75,5,0
2025-06-05,SKU-GROC-502,Organic Extra Virgin Olive Oil (1L),Groceries,33,238,18.75,5,0
2025-06-06,SKU-GROC-502,Organic Extra Virgin Olive Oil (1L),Groceries,44,201,18.75,5,0
2025-06-07,SKU-GROC-502,Organic Extra Virgin Olive Oil (1L),Groceries,63,148,18.75,5,0
2025-06-08,SKU-GROC-502,Organic Extra Virgin Olive Oil (1L),Groceries,75,85,16.5,5,1
2025-06-09,SKU-GROC-502,Organic Extra Virgin Olive Oil (1L),Groceries,63,32,16.5,5,1
2025-06-10,SKU-GROC-502,Organic Extra Virgin Olive Oil (1L),Groceries,50,0,16.5,5,1
2025-06-11,SKU-GROC-502,Organic Extra Virgin Olive Oil (1L),Groceries,57,0,16.5,5,1
2025-06-12,SKU-GROC-502,Organic Extra Virgin Olive Oil (1L),Groceries,38,310,18.75,5,0
2025-06-13,SKU-GROC-502,Organic Extra Virgin Olive Oil (1L),Groceries,47,271,18.75,5,0
2025-06-14,SKU-GROC-502,Organic Extra Virgin Olive Oil (1L),Groceries,55,225,18.75,5,0
2025-06-15,SKU-GROC-502,Organic Extra Virgin Olive Oil (1L),Groceries,59,175,18.75,5,0
2025-06-16,SKU-GROC-502,Organic Extra Virgin Olive Oil (1L),Groceries,50,133,18.75,5,0
2025-06-17,SKU-GROC-502,Organic Extra Virgin Olive Oil (1L),Groceries,47,94,18.75,5,0
2025-06-18,SKU-GROC-502,Organic Extra Virgin Olive Oil (1L),Groceries,44,57,18.75,5,0
2025-06-19,SKU-GROC-502,Organic Extra Virgin Olive Oil (1L),Groceries,35,28,18.75,5,0
2025-06-20,SKU-GROC-502,Organic Extra Virgin Olive Oil (1L),Groceries,41,0,18.75,5,0
2025-06-21,SKU-GROC-502,Organic Extra Virgin Olive Oil (1L),Groceries,50,300,18.75,5,0
2025-06-22,SKU-GROC-502,Organic Extra Virgin Olive Oil (1L),Groceries,51,257,18.75,5,0
2025-06-23,SKU-GROC-502,Organic Extra Virgin Olive Oil (1L),Groceries,38,225,18.75,5,0
2025-06-24,SKU-GROC-502,Organic Extra Virgin Olive Oil (1L),Groceries,34,197,18.75,5,0
2025-06-25,SKU-GROC-502,Organic Extra Virgin Olive Oil (1L),Groceries,27,175,18.75,5,0
2025-06-26,SKU-GROC-502,Organic Extra Virgin Olive Oil (1L),Groceries,36,145,18.75,5,0
2025-06-27,SKU-GROC-502,Organic Extra Virgin Olive Oil (1L),Groceries,42,110,18.75,5,0
2025-06-28,SKU-GROC-502,Organic Extra Virgin Olive Oil (1L),Groceries,43,74,18.75,5,0
2025-06-29,SKU-GROC-502,Organic Extra Virgin Olive Oil (1L),Groceries,53,29,18.75,5,0
2025-06-30,SKU-GROC-502,Organic Extra Virgin Olive Oil (1L),Groceries,54,326,18.75,5,0
2025-07-01,SKU-GROC-502,Organic Extra Virgin Olive Oil (1L),Groceries,47,287,18.75,5,0
2025-07-02,SKU-GROC-502,Organic Extra Virgin Olive Oil (1L),Groceries,51,244,18.75,5,0
2025-07-03,SKU-GROC-502,Organic Extra Virgin Olive Oil (1L),Groceries,43,208,18.75,5,0
2025-07-04,SKU-GROC-502,Organic Extra Virgin Olive Oil (1L),Groceries,48,168,18.75,5,0
2025-07-05,SKU-GROC-502,Organic Extra Virgin Olive Oil (1L),Groceries,46,129,18.75,5,0
2025-07-06,SKU-GROC-502,Organic Extra Virgin Olive Oil (1L),Groceries,47,90,18.75,5,0
2025-07-07,SKU-GROC-502,Organic Extra Virgin Olive Oil (1L),Groceries,20,73,18.75,5,0
2025-07-08,SKU-GROC-502,Organic Extra Virgin Olive Oil (1L),Groceries,48,33,18.75,5,0
2025-07-09,SKU-GROC-502,Organic Extra Virgin Olive Oil (1L),Groceries,50,333,18.75,5,0
2025-07-10,SKU-GROC-502,Organic Extra Virgin Olive Oil (1L),Groceries,35,304,18.75,5,0
2025-07-11,SKU-GROC-502,Organic Extra Virgin Olive Oil (1L),Groceries,37,273,18.75,5,0
2025-07-12,SKU-GROC-502,Organic Extra Virgin Olive Oil (1L),Groceries,45,235,18.75,5,0
2025-07-13,SKU-GROC-502,Organic Extra Virgin Olive Oil (1L),Groceries,53,190,18.75,5,0
2025-07-14,SKU-GROC-502,Organic Extra Virgin Olive Oil (1L),Groceries,46,151,18.75,5,0
2025-07-15,SKU-GROC-502,Organic Extra Virgin Olive Oil (1L),Groceries,26,129,18.75,5,0
2025-07-16,SKU-GROC-502,Organic Extra Virgin Olive Oil (1L),Groceries,41,95,18.75,5,0
2025-07-17,SKU-GROC-502,Organic Extra Virgin Olive Oil (1L),Groceries,36,65,18.75,5,0
2025-07-18,SKU-GROC-502,Organic Extra Virgin Olive Oil (1L),Groceries,39,374,18.75,5,0
2025-07-19,SKU-GROC-502,Organic Extra Virgin Olive Oil (1L),Groceries,52,330,18.75,5,0
2025-07-20,SKU-GROC-502,Organic Extra Virgin Olive Oil (1L),Groceries,48,290,18.75,5,0
2025-07-21,SKU-GROC-502,Organic Extra Virgin Olive Oil (1L),Groceries,37,259,18.75,5,0
2025-07-22,SKU-GROC-502,Organic Extra Virgin Olive Oil (1L),Groceries,36,229,18.75,5,0
2025-07-23,SKU-GROC-502,Organic Extra Virgin Olive Oil (1L),Groceries,44,192,18.75,5,0
2025-07-24,SKU-GROC-502,Organic Extra Virgin Olive Oil (1L),Groceries,40,158,18.75,5,0
2025-07-25,SKU-GROC-502,Organic Extra Virgin Olive Oil (1L),Groceries,39,125,18.75,5,0
2025-07-26,SKU-GROC-502,Organic Extra Virgin Olive Oil (1L),Groceries,56,78,16.5,5,1
2025-07-27,SKU-GROC-502,Organic Extra Virgin Olive Oil (1L),Groceries,62,368,16.5,5,1
2025-07-28,SKU-GROC-502,Organic Extra Virgin Olive Oil (1L),Groceries,56,321,16.5,5,1
2025-07-29,SKU-GROC-502,Organic Extra Virgin Olive Oil (1L),Groceries,50,279,16.5,5,1
2025-07-30,SKU-GROC-502,Organic Extra Virgin Olive Oil (1L),Groceries,41,245,18.75,5,0
2025-07-31,SKU-GROC-502,Organic Extra Virgin Olive Oil (1L),Groceries,49,204,18.75,5,0
2025-08-01,SKU-GROC-502,Organic Extra Virgin Olive Oil (1L),Groceries,44,167,18.75,5,0
2025-08-02,SKU-GROC-502,Organic Extra Virgin Olive Oil (1L),Groceries,48,127,18.75,5,0
2025-08-03,SKU-GROC-502,Organic Extra Virgin Olive Oil (1L),Groceries,43,91,18.75,5,0
2025-08-04,SKU-GROC-502,Organic Extra Virgin Olive Oil (1L),Groceries,18,76,18.75,5,0
2025-08-05,SKU-GROC-502,Organic Extra Virgin Olive Oil (1L),Groceries,35,389,18.75,5,0
2025-08-06,SKU-GROC-502,Organic Extra Virgin Olive Oil (1L),Groceries,34,361,18.75,5,0
2025-08-07,SKU-GROC-502,Organic Extra Virgin Olive Oil (1L),Groceries,39,328,18.75,5,0
2025-08-08,SKU-GROC-502,Organic Extra Virgin Olive Oil (1L),Groceries,35,299,18.75,5,0
2025-08-09,SKU-GROC-502,Organic Extra Virgin Olive Oil (1L),Groceries,44,262,18.75,5,0
2025-08-10,SKU-GROC-502,Organic Extra Virgin Olive Oil (1L),Groceries,34,234,18.75,5,0
2025-08-11,SKU-GROC-502,Organic Extra Virgin Olive Oil (1L),Groceries,29,210,18.75,5,0
2025-08-12,SKU-GROC-502,Organic Extra Virgin Olive Oil (1L),Groceries,39,177,18.75,5,0
2025-08-13,SKU-GROC-502,Organic Extra Virgin Olive Oil (1L),Groceries,47,138,18.75,5,0
2025-08-14,SKU-GROC-502,Organic Extra Virgin Olive Oil (1L),Groceries,34,452,18.75,5,0
2025-08-15,SKU-GROC-502,Organic Extra Virgin Olive Oil (1L),Groceries,37,421,18.75,5,0
2025-08-16,SKU-GROC-502,Organic Extra Virgin Olive Oil (1L),Groceries,52,377,18.75,5,0
2025-08-17,SKU-GROC-502,Organic Extra Virgin Olive Oil (1L),Groceries,40,343,18.75,5,0
2025-08-18,SKU-GROC-502,Organic Extra Virgin Olive Oil (1L),Groceries,37,312,18.75,5,0
2025-08-19,SKU-GROC-502,Organic Extra Virgin Olive Oil (1L),Groceries,29,288,18.75,5,0
2025-08-20,SKU-GROC-502,Organic Extra Virgin Olive Oil (1L),Groceries,41,254,18.75,5,0
2025-08-21,SKU-GROC-502,Organic Extra Virgin Olive Oil (1L),Groceries,36,224,18.75,5,0
2025-08-22,SKU-GROC-502,Organic Extra Virgin Olive Oil (1L),Groceries,37,193,18.75,5,0
2025-08-23,SKU-GROC-502,Organic Extra Virgin Olive Oil (1L),Groceries,39,502,18.75,5,0
2025-08-24,SKU-GROC-502,Organic Extra Virgin Olive Oil (1L),Groceries,50,460,18.75,5,0
2025-08-25,SKU-GROC-502,Organic Extra Virgin Olive Oil (1L),Groceries,49,419,18.75,5,0
2025-08-26,SKU-GROC-502,Organic Extra Virgin Olive Oil (1L),Groceries,27,397,18.75,5,0
2025-08-27,SKU-GROC-502,Organic Extra Virgin Olive Oil (1L),Groceries,32,370,18.75,5,0
2025-08-28,SKU-GROC-502,Organic Extra Virgin Olive Oil (1L),Groceries,36,340,18.75,5,0
2025-08-29,SKU-GROC-502,Organic Extra Virgin Olive Oil (1L),Groceries,39,307,18.75,5,0
2025-08-30,SKU-GROC-502,Organic Extra Virgin Olive Oil (1L),Groceries,40,273,18.75,5,0
2025-08-31,SKU-GROC-502,Organic Extra Virgin Olive Oil (1L),Groceries,24,253,18.75,5,0
2025-09-01,SKU-GROC-502,Organic Extra Virgin Olive Oil (1L),Groceries,43,559,18.75,5,0
2025-09-02,SKU-GROC-502,Organic Extra Virgin Olive Oil (1L),Groceries,39,526,18.75,5,0
2025-09-03,SKU-GROC-502,Organic Extra Virgin Olive Oil (1L),Groceries,21,509,18.75,5,0
2025-09-04,SKU-GROC-502,Organic Extra Virgin Olive Oil (1L),Groceries,29,485,18.75,5,0
2025-09-05,SKU-GROC-502,Organic Extra Virgin Olive Oil (1L),Groceries,44,448,18.75,5,0
2025-09-06,SKU-GROC-502,Organic Extra Virgin Olive Oil (1L),Groceries,54,403,18.75,5,0
2025-09-07,SKU-GROC-502,Organic Extra Virgin Olive Oil (1L),Groceries,50,361,18.75,5,0
2025-09-08,SKU-GROC-502,Organic Extra Virgin Olive Oil (1L),Groceries,32,334,18.75,5,0
2025-09-09,SKU-GROC-502,Organic Extra Virgin Olive Oil (1L),Groceries,34,306,18.75,5,0
2025-09-10,SKU-GROC-502,Organic Extra Virgin Olive Oil (1L),Groceries,32,621,18.75,5,0
2025-09-11,SKU-GROC-502,Organic Extra Virgin Olive Oil (1L),Groceries,41,587,18.75,5,0
2025-09-12,SKU-GROC-502,Organic Extra Virgin Olive Oil (1L),Groceries,39,554,16.5,5,1
2025-09-13,SKU-GROC-502,Organic Extra Virgin Olive Oil (1L),Groceries,53,509,16.5,5,1
2025-09-14,SKU-GROC-502,Organic Extra Virgin Olive Oil (1L),Groceries,65,454,16.5,5,1
2025-09-15,SKU-GROC-502,Organic Extra Virgin Olive Oil (1L),Groceries,44,417,16.5,5,1
2025-09-16,SKU-GROC-502,Organic Extra Virgin Olive Oil (1L),Groceries,43,381,18.75,5,0
2025-09-17,SKU-GROC-502,Organic Extra Virgin Olive Oil (1L),Groceries,28,358,18.75,5,0
2025-09-18,SKU-GROC-502,Organic Extra Virgin Olive Oil (1L),Groceries,33,330,18.75,5,0
2025-09-19,SKU-GROC-502,Organic Extra Virgin Olive Oil (1L),Groceries,26,650,18.75,5,0
2025-09-20,SKU-GROC-502,Organic Extra Virgin Olive Oil (1L),Groceries,43,614,18.75,5,0
2025-09-21,SKU-GROC-502,Organic Extra Virgin Olive Oil (1L),Groceries,32,587,18.75,5,0
2025-09-22,SKU-GROC-502,Organic Extra Virgin Olive Oil (1L),Groceries,29,563,18.75,5,0
2025-09-23,SKU-GROC-502,Organic Extra Virgin Olive Oil (1L),Groceries,23,544,18.75,5,0
2025-09-24,SKU-GROC-502,Organic Extra Virgin Olive Oil (1L),Groceries,38,512,18.75,5,0
2025-09-25,SKU-GROC-502,Organic Extra Virgin Olive Oil (1L),Groceries,38,480,18.75,5,0
2025-09-26,SKU-GROC-502,Organic Extra Virgin Olive Oil (1L),Groceries,21,463,18.75,5,0
2025-09-27,SKU-GROC-502,Organic Extra Virgin Olive Oil (1L),Groceries,52,419,18.75,5,0
2025-09-28,SKU-GROC-502,Organic Extra Virgin Olive Oil (1L),Groceries,60,710,18.75,5,0
2025-09-29,SKU-GROC-502,Organic Extra Virgin Olive Oil (1L),Groceries,33,682,18.75,5,0
2025-09-30,SKU-GROC-502,Organic Extra Virgin Olive Oil (1L),Groceries,28,659,18.75,5,0
2025-10-01,SKU-GROC-502,Organic Extra Virgin Olive Oil (1L),Groceries,53,614,18.75,5,0
2025-10-02,SKU-GROC-502,Organic Extra Virgin Olive Oil (1L),Groceries,24,594,18.75,5,0
2025-10-03,SKU-GROC-502,Organic Extra Virgin Olive Oil (1L),Groceries,33,566,18.75,5,0
2025-10-04,SKU-GROC-502,Organic Extra Virgin Olive Oil (1L),Groceries,44,529,18.75,5,0
2025-10-05,SKU-GROC-502,Organic Extra Virgin Olive Oil (1L),Groceries,52,485,18.75,5,0
2025-10-06,SKU-GROC-502,Organic Extra Virgin Olive Oil (1L),Groceries,35,456,18.75,5,0
2025-10-07,SKU-GROC-502,Organic Extra Virgin Olive Oil (1L),Groceries,29,774,18.75,5,0
2025-10-08,SKU-GROC-502,Organic Extra Virgin Olive Oil (1L),Groceries,26,752,18.75,5,0
2025-10-09,SKU-GROC-502,Organic Extra Virgin Olive Oil (1L),Groceries,30,727,18.75,5,0
2025-10-10,SKU-GROC-502,Organic Extra Virgin Olive Oil (1L),Groceries,26,705,18.75,5,0
2025-10-11,SKU-GROC-502,Organic Extra Virgin Olive Oil (1L),Groceries,43,669,18.75,5,0
2025-10-12,SKU-GROC-502,Organic Extra Virgin Olive Oil (1L),Groceries,39,636,18.75,5,0
2025-10-13,SKU-GROC-502,Organic Extra Virgin Olive Oil (1L),Groceries,22,618,18.75,5,0
2025-10-14,SKU-GROC-502,Organic Extra Virgin Olive Oil (1L),Groceries,42,583,18.75,5,0
2025-10-15,SKU-GROC-502,Organic Extra Virgin Olive Oil (1L),Groceries,30,558,18.75,5,0
2025-10-16,SKU-GROC-502,Organic Extra Virgin Olive Oil (1L),Groceries,24,880,18.75,5,0
2025-10-17,SKU-GROC-502,Organic Extra Virgin Olive Oil (1L),Groceries,32,853,18.75,5,0
2025-10-18,SKU-GROC-502,Organic Extra Virgin Olive Oil (1L),Groceries,44,816,18.75,5,0
2025-10-19,SKU-GROC-502,Organic Extra Virgin Olive Oil (1L),Groceries,31,790,18.75,5,0
2025-10-20,SKU-GROC-502,Organic Extra Virgin Olive Oil (1L),Groceries,36,760,18.75,5,0
2025-10-21,SKU-GROC-502,Organic Extra Virgin Olive Oil (1L),Groceries,26,738,18.75,5,0
2025-10-22,SKU-GROC-502,Organic Extra Virgin Olive Oil (1L),Groceries,45,700,18.75,5,0
2025-10-23,SKU-GROC-502,Organic Extra Virgin Olive Oil (1L),Groceries,37,669,18.75,5,0
2025-10-24,SKU-GROC-502,Organic Extra Virgin Olive Oil (1L),Groceries,31,643,18.75,5,0
2025-10-25,SKU-GROC-502,Organic Extra Virgin Olive Oil (1L),Groceries,38,953,18.75,5,0
2025-10-26,SKU-GROC-502,Organic Extra Virgin Olive Oil (1L),Groceries,43,917,18.75,5,0
2025-10-27,SKU-GROC-502,Organic Extra Virgin Olive Oil (1L),Groceries,38,885,18.75,5,0
2025-10-28,SKU-GROC-502,Organic Extra Virgin Olive Oil (1L),Groceries,33,857,18.75,5,0
2025-10-29,SKU-GROC-502,Organic Extra Virgin Olive Oil (1L),Groceries,32,830,18.75,5,0
2025-10-30,SKU-GROC-502,Organic Extra Virgin Olive Oil (1L),Groceries,46,791,16.5,5,1
2025-10-31,SKU-GROC-502,Organic Extra Virgin Olive Oil (1L),Groceries,41,757,16.5,5,1
2025-11-01,SKU-GROC-502,Organic Extra Virgin Olive Oil (1L),Groceries,57,709,16.5,5,1
2025-11-02,SKU-GROC-502,Organic Extra Virgin Olive Oil (1L),Groceries,45,671,16.5,5,1
2025-11-03,SKU-GROC-502,Organic Extra Virgin Olive Oil (1L),Groceries,41,979,18.75,5,0
2025-11-04,SKU-GROC-502,Organic Extra Virgin Olive Oil (1L),Groceries,36,949,18.75,5,0
2025-11-05,SKU-GROC-502,Organic Extra Virgin Olive Oil (1L),Groceries,29,925,18.75,5,0
2025-11-06,SKU-GROC-502,Organic Extra Virgin Olive Oil (1L),Groceries,47,886,18.75,5,0
2025-11-07,SKU-GROC-502,Organic Extra Virgin Olive Oil (1L),Groceries,35,857,18.75,5,0
2025-11-08,SKU-GROC-502,Organic Extra Virgin Olive Oil (1L),Groceries,37,826,18.75,5,0
2025-11-09,SKU-GROC-502,Organic Extra Virgin Olive Oil (1L),Groceries,51,783,18.75,5,0
2025-11-10,SKU-GROC-502,Organic Extra Virgin Olive Oil (1L),Groceries,37,752,18.75,5,0
2025-11-11,SKU-GROC-502,Organic Extra Virgin Olive Oil (1L),Groceries,37,721,18.75,5,0
2025-11-12,SKU-GROC-502,Organic Extra Virgin Olive Oil (1L),Groceries,32,1036,18.75,5,0
2025-11-13,SKU-GROC-502,Organic Extra Virgin Olive Oil (1L),Groceries,38,1004,18.75,5,0
2025-11-14,SKU-GROC-502,Organic Extra Virgin Olive Oil (1L),Groceries,33,976,18.75,5,0
2025-11-15,SKU-GROC-502,Organic Extra Virgin Olive Oil (1L),Groceries,49,935,18.75,5,0
2025-11-16,SKU-GROC-502,Organic Extra Virgin Olive Oil (1L),Groceries,32,908,18.75,5,0
2025-11-17,SKU-GROC-502,Organic Extra Virgin Olive Oil (1L),Groceries,32,881,18.75,5,0
2025-11-18,SKU-GROC-502,Organic Extra Virgin Olive Oil (1L),Groceries,47,842,18.75,5,0
2025-11-19,SKU-GROC-502,Organic Extra Virgin Olive Oil (1L),Groceries,30,817,18.75,5,0
2025-11-20,SKU-GROC-502,Organic Extra Virgin Olive Oil (1L),Groceries,31,791,18.75,5,0
2025-11-21,SKU-GROC-502,Organic Extra Virgin Olive Oil (1L),Groceries,32,1106,18.75,5,0
2025-11-22,SKU-GROC-502,Organic Extra Virgin Olive Oil (1L),Groceries,38,1074,18.75,5,0
2025-11-23,SKU-GROC-502,Organic Extra Virgin Olive Oil (1L),Groceries,31,1048,18.75,5,0
2025-11-24,SKU-GROC-502,Organic Extra Virgin Olive Oil (1L),Groceries,34,1020,18.75,5,0
2025-11-25,SKU-GROC-502,Organic Extra Virgin Olive Oil (1L),Groceries,37,989,18.75,5,0
2025-11-26,SKU-GROC-502,Organic Extra Virgin Olive Oil (1L),Groceries,36,959,18.75,5,0
2025-11-27,SKU-GROC-502,Organic Extra Virgin Olive Oil (1L),Groceries,35,930,18.75,5,0
2025-11-28,SKU-GROC-502,Organic Extra Virgin Olive Oil (1L),Groceries,36,900,18.75,5,0
2025-11-29,SKU-GROC-502,Organic Extra Virgin Olive Oil (1L),Groceries,54,855,18.75,5,0
2025-11-30,SKU-GROC-502,Organic Extra Virgin Olive Oil (1L),Groceries,46,1158,18.75,5,0
2025-12-01,SKU-GROC-502,Organic Extra Virgin Olive Oil (1L),Groceries,32,1131,18.75,5,0
2025-12-02,SKU-GROC-502,Organic Extra Virgin Olive Oil (1L),Groceries,35,1102,18.75,5,0
2025-12-03,SKU-GROC-502,Organic Extra Virgin Olive Oil (1L),Groceries,41,1068,18.75,5,0
2025-12-04,SKU-GROC-502,Organic Extra Virgin Olive Oil (1L),Groceries,47,1029,18.75,5,0
2025-12-05,SKU-GROC-502,Organic Extra Virgin Olive Oil (1L),Groceries,32,1002,18.75,5,0
2025-12-06,SKU-GROC-502,Organic Extra Virgin Olive Oil (1L),Groceries,49,961,18.75,5,0
2025-12-07,SKU-GROC-502,Organic Extra Virgin Olive Oil (1L),Groceries,51,918,18.75,5,0
2025-12-08,SKU-GROC-502,Organic Extra Virgin Olive Oil (1L),Groceries,30,893,18.75,5,0
2025-12-09,SKU-GROC-502,Organic Extra Virgin Olive Oil (1L),Groceries,37,1204,18.75,5,0
2025-12-10,SKU-GROC-502,Organic Extra Virgin Olive Oil (1L),Groceries,27,1182,18.75,5,0
2025-12-11,SKU-GROC-502,Organic Extra Virgin Olive Oil (1L),Groceries,25,1161,18.75,5,0
2025-12-12,SKU-GROC-502,Organic Extra Virgin Olive Oil (1L),Groceries,40,1127,18.75,5,0
2025-12-13,SKU-GROC-502,Organic Extra Virgin Olive Oil (1L),Groceries,46,1088,18.75,5,0
2025-12-14,SKU-GROC-502,Organic Extra Virgin Olive Oil (1L),Groceries,51,1045,18.75,5,0
2025-12-15,SKU-GROC-502,Organic Extra Virgin Olive Oil (1L),Groceries,38,1013,18.75,5,0
2025-12-16,SKU-GROC-502,Organic Extra Virgin Olive Oil (1L),Groceries,31,987,18.75,5,0
2025-12-17,SKU-GROC-502,Organic Extra Virgin Olive Oil (1L),Groceries,51,944,16.5,5,1
2025-12-18,SKU-GROC-502,Organic Extra Virgin Olive Oil (1L),Groceries,43,1250,16.5,5,1
2025-12-19,SKU-GROC-502,Organic Extra Virgin Olive Oil (1L),Groceries,62,1198,16.5,5,1
2025-12-20,SKU-GROC-502,Organic Extra Virgin Olive Oil (1L),Groceries,58,1149,16.5,5,1
2025-12-21,SKU-GROC-502,Organic Extra Virgin Olive Oil (1L),Groceries,49,1108,18.75,5,0
2025-12-22,SKU-GROC-502,Organic Extra Virgin Olive Oil (1L),Groceries,32,1081,18.75,5,0
2025-12-23,SKU-GROC-502,Organic Extra Virgin Olive Oil (1L),Groceries,43,1045,18.75,5,0
2025-12-24,SKU-GROC-502,Organic Extra Virgin Olive Oil (1L),Groceries,37,1014,18.75,5,0
2025-12-25,SKU-GROC-502,Organic Extra Virgin Olive Oil (1L),Groceries,36,984,18.75,5,0
2025-12-26,SKU-GROC-502,Organic Extra Virgin Olive Oil (1L),Groceries,45,946,18.75,5,0
2025-12-27,SKU-GROC-502,Organic Extra Virgin Olive Oil (1L),Groceries,52,1244,18.75,5,0
2025-12-28,SKU-GROC-502,Organic Extra Virgin Olive Oil (1L),Groceries,55,1198,18.75,5,0
2025-12-29,SKU-GROC-502,Organic Extra Virgin Olive Oil (1L),Groceries,33,1170,18.75,5,0
2025-12-30,SKU-GROC-502,Organic Extra Virgin Olive Oil (1L),Groceries,30,1145,18.75,5,0
2025-12-31,SKU-GROC-502,Organic Extra Virgin Olive Oil (1L),Groceries,41,1111,18.75,5,0
2026-01-01,SKU-GROC-502,Organic Extra Virgin Olive Oil (1L),Groceries,38,1079,18.75,5,0
2026-01-02,SKU-GROC-502,Organic Extra Virgin Olive Oil (1L),Groceries,45,1041,18.75,5,0
2026-01-03,SKU-GROC-502,Organic Extra Virgin Olive Oil (1L),Groceries,52,997,18.75,5,0
2026-01-04,SKU-GROC-502,Organic Extra Virgin Olive Oil (1L),Groceries,54,952,18.75,5,0
2026-01-05,SKU-GROC-502,Organic Extra Virgin Olive Oil (1L),Groceries,29,1270,18.75,5,0
2026-01-06,SKU-GROC-502,Organic Extra Virgin Olive Oil (1L),Groceries,54,1225,18.75,5,0
2026-01-07,SKU-GROC-502,Organic Extra Virgin Olive Oil (1L),Groceries,40,1191,18.75,5,0
2026-01-08,SKU-GROC-502,Organic Extra Virgin Olive Oil (1L),Groceries,46,1152,18.75,5,0
2026-01-09,SKU-GROC-502,Organic Extra Virgin Olive Oil (1L),Groceries,35,1123,18.75,5,0
2026-01-10,SKU-GROC-502,Organic Extra Virgin Olive Oil (1L),Groceries,56,1076,18.75,5,0
2026-01-11,SKU-GROC-502,Organic Extra Virgin Olive Oil (1L),Groceries,45,1038,18.75,5,0
2026-01-12,SKU-GROC-502,Organic Extra Virgin Olive Oil (1L),Groceries,45,1000,18.75,5,0
2026-01-13,SKU-GROC-502,Organic Extra Virgin Olive Oil (1L),Groceries,39,967,18.75,5,0
2026-01-14,SKU-GROC-502,Organic Extra Virgin Olive Oil (1L),Groceries,42,1274,18.75,5,0
2026-01-15,SKU-GROC-502,Organic Extra Virgin Olive Oil (1L),Groceries,47,1235,18.75,5,0
2026-01-16,SKU-GROC-502,Organic Extra Virgin Olive Oil (1L),Groceries,33,1207,18.75,5,0
2026-01-17,SKU-GROC-502,Organic Extra Virgin Olive Oil (1L),Groceries,50,1165,18.75,5,0
2026-01-18,SKU-GROC-502,Organic Extra Virgin Olive Oil (1L),Groceries,58,1116,18.75,5,0
2026-01-19,SKU-GROC-502,Organic Extra Virgin Olive Oil (1L),Groceries,57,1068,18.75,5,0
2026-01-20,SKU-GROC-502,Organic Extra Virgin Olive Oil (1L),Groceries,41,1034,18.75,5,0
2026-01-21,SKU-GROC-502,Organic Extra Virgin Olive Oil (1L),Groceries,47,995,18.75,5,0
2026-01-22,SKU-GROC-502,Organic Extra Virgin Olive Oil (1L),Groceries,42,960,18.75,5,0
2026-01-23,SKU-GROC-502,Organic Extra Virgin Olive Oil (1L),Groceries,56,1255,18.75,5,0
2026-01-24,SKU-GROC-502,Organic Extra Virgin Olive Oil (1L),Groceries,44,1218,18.75,5,0
2026-01-25,SKU-GROC-502,Organic Extra Virgin Olive Oil (1L),Groceries,57,1170,18.75,5,0
2026-01-26,SKU-GROC-502,Organic Extra Virgin Olive Oil (1L),Groceries,32,1143,18.75,5,0
2026-01-27,SKU-GROC-502,Organic Extra Virgin Olive Oil (1L),Groceries,26,1121,18.75,5,0
2026-01-28,SKU-GROC-502,Organic Extra Virgin Olive Oil (1L),Groceries,45,1083,18.75,5,0
2026-01-29,SKU-GROC-502,Organic Extra Virgin Olive Oil (1L),Groceries,44,1046,18.75,5,0
2026-01-30,SKU-GROC-502,Organic Extra Virgin Olive Oil (1L),Groceries,42,1011,18.75,5,0
2026-01-31,SKU-GROC-502,Organic Extra Virgin Olive Oil (1L),Groceries,56,964,18.75,5,0
2026-02-01,SKU-GROC-502,Organic Extra Virgin Olive Oil (1L),Groceries,79,1239,18.75,5,0
2026-02-02,SKU-GROC-502,Organic Extra Virgin Olive Oil (1L),Groceries,42,1204,18.75,5,0
2026-02-03,SKU-GROC-502,Organic Extra Virgin Olive Oil (1L),Groceries,63,1151,16.5,5,1
2026-02-04,SKU-GROC-502,Organic Extra Virgin Olive Oil (1L),Groceries,55,1105,16.5,5,1
2026-02-05,SKU-GROC-502,Organic Extra Virgin Olive Oil (1L),Groceries,62,1053,16.5,5,1
2026-02-06,SKU-GROC-502,Organic Extra Virgin Olive Oil (1L),Groceries,58,1004,16.5,5,1
2026-02-07,SKU-GROC-502,Organic Extra Virgin Olive Oil (1L),Groceries,55,958,18.75,5,0
2026-02-08,SKU-GROC-502,Organic Extra Virgin Olive Oil (1L),Groceries,71,898,18.75,5,0
2026-02-09,SKU-GROC-502,Organic Extra Virgin Olive Oil (1L),Groceries,53,853,18.75,5,0
2026-02-10,SKU-GROC-502,Organic Extra Virgin Olive Oil (1L),Groceries,46,1156,18.75,5,0
2026-02-11,SKU-GROC-502,Organic Extra Virgin Olive Oil (1L),Groceries,29,1132,18.75,5,0
2026-02-12,SKU-GROC-502,Organic Extra Virgin Olive Oil (1L),Groceries,42,1097,18.75,5,0
2026-02-13,SKU-GROC-502,Organic Extra Virgin Olive Oil (1L),Groceries,64,1043,18.75,5,0
2026-02-14,SKU-GROC-502,Organic Extra Virgin Olive Oil (1L),Groceries,57,995,18.75,5,0
2026-02-15,SKU-GROC-502,Organic Extra Virgin Olive Oil (1L),Groceries,66,939,18.75,5,0
2026-02-16,SKU-GROC-502,Organic Extra Virgin Olive Oil (1L),Groceries,55,893,18.75,5,0
2026-02-17,SKU-GROC-502,Organic Extra Virgin Olive Oil (1L),Groceries,47,854,18.75,5,0
2026-02-18,SKU-GROC-502,Organic Extra Virgin Olive Oil (1L),Groceries,39,821,18.75,5,0
2026-02-19,SKU-GROC-502,Organic Extra Virgin Olive Oil (1L),Groceries,28,1140,18.75,5,0
2026-02-20,SKU-GROC-502,Organic Extra Virgin Olive Oil (1L),Groceries,50,1098,18.75,5,0
2026-02-21,SKU-GROC-502,Organic Extra Virgin Olive Oil (1L),Groceries,54,1053,18.75,5,0
2026-02-22,SKU-GROC-502,Organic Extra Virgin Olive Oil (1L),Groceries,61,1002,18.75,5,0
2026-02-23,SKU-GROC-502,Organic Extra Virgin Olive Oil (1L),Groceries,37,971,18.75,5,0
2026-02-24,SKU-GROC-502,Organic Extra Virgin Olive Oil (1L),Groceries,44,934,18.75,5,0
2026-02-25,SKU-GROC-502,Organic Extra Virgin Olive Oil (1L),Groceries,46,895,18.75,5,0
2026-02-26,SKU-GROC-502,Organic Extra Virgin Olive Oil (1L),Groceries,48,855,18.75,5,0
2026-02-27,SKU-GROC-502,Organic Extra Virgin Olive Oil (1L),Groceries,38,823,18.75,5,0
2026-02-28,SKU-GROC-502,Organic Extra Virgin Olive Oil (1L),Groceries,68,1108,18.75,5,0
2026-03-01,SKU-GROC-502,Organic Extra Virgin Olive Oil (1L),Groceries,56,1061,18.75,5,0
2026-03-02,SKU-GROC-502,Organic Extra Virgin Olive Oil (1L),Groceries,35,1032,18.75,5,0
2026-03-03,SKU-GROC-502,Organic Extra Virgin Olive Oil (1L),Groceries,46,993,18.75,5,0
2026-03-04,SKU-GROC-502,Organic Extra Virgin Olive Oil (1L),Groceries,47,954,18.75,5,0
2026-03-05,SKU-GROC-502,Organic Extra Virgin Olive Oil (1L),Groceries,48,914,18.75,5,0
2026-03-06,SKU-GROC-502,Organic Extra Virgin Olive Oil (1L),Groceries,56,867,18.75,5,0
2026-03-07,SKU-GROC-502,Organic Extra Virgin Olive Oil (1L),Groceries,59,817,18.75,5,0
2026-03-08,SKU-GROC-502,Organic Extra Virgin Olive Oil (1L),Groceries,60,766,18.75,5,0
2026-03-09,SKU-GROC-502,Organic Extra Virgin Olive Oil (1L),Groceries,39,1075,18.75,5,0
2026-03-10,SKU-GROC-502,Organic Extra Virgin Olive Oil (1L),Groceries,52,1031,18.75,5,0
2026-03-11,SKU-GROC-502,Organic Extra Virgin Olive Oil (1L),Groceries,48,991,18.75,5,0
2026-03-12,SKU-GROC-502,Organic Extra Virgin Olive Oil (1L),Groceries,44,954,18.75,5,0
2026-03-13,SKU-GROC-502,Organic Extra Virgin Olive Oil (1L),Groceries,33,926,18.75,5,0
2026-03-14,SKU-GROC-502,Organic Extra Virgin Olive Oil (1L),Groceries,71,866,18.75,5,0
2026-03-15,SKU-GROC-502,Organic Extra Virgin Olive Oil (1L),Groceries,52,822,18.75,5,0
2026-03-16,SKU-GROC-502,Organic Extra Virgin Olive Oil (1L),Groceries,43,786,18.75,5,0
2026-03-17,SKU-GROC-502,Organic Extra Virgin Olive Oil (1L),Groceries,49,745,18.75,5,0
2026-03-18,SKU-GROC-502,Organic Extra Virgin Olive Oil (1L),Groceries,39,1054,18.75,5,0
2026-03-19,SKU-GROC-502,Organic Extra Virgin Olive Oil (1L),Groceries,37,1023,18.75,5,0
2026-03-20,SKU-GROC-502,Organic Extra Virgin Olive Oil (1L),Groceries,32,996,18.75,5,0
2026-03-21,SKU-GROC-502,Organic Extra Virgin Olive Oil (1L),Groceries,66,940,18.75,5,0
2026-03-22,SKU-GROC-502,Organic Extra Virgin Olive Oil (1L),Groceries,57,892,18.75,5,0
2026-03-23,SKU-GROC-502,Organic Extra Virgin Olive Oil (1L),Groceries,84,821,16.5,5,1
2026-03-24,SKU-GROC-502,Organic Extra Virgin Olive Oil (1L),Groceries,57,773,16.5,5,1
2026-03-25,SKU-GROC-502,Organic Extra Virgin Olive Oil (1L),Groceries,57,725,16.5,5,1
2026-03-26,SKU-GROC-502,Organic Extra Virgin Olive Oil (1L),Groceries,60,674,16.5,5,1
2026-03-27,SKU-GROC-502,Organic Extra Virgin Olive Oil (1L),Groceries,49,975,18.75,5,0
2026-03-28,SKU-GROC-502,Organic Extra Virgin Olive Oil (1L),Groceries,58,926,18.75,5,0
2026-03-29,SKU-GROC-502,Organic Extra Virgin Olive Oil (1L),Groceries,66,870,18.75,5,0
2026-03-30,SKU-GROC-502,Organic Extra Virgin Olive Oil (1L),Groceries,40,836,18.75,5,0
2026-03-31,SKU-GROC-502,Organic Extra Virgin Olive Oil (1L),Groceries,38,804,18.75,5,0
2026-04-01,SKU-GROC-502,Organic Extra Virgin Olive Oil (1L),Groceries,35,775,18.75,5,0
2026-04-02,SKU-GROC-502,Organic Extra Virgin Olive Oil (1L),Groceries,32,748,18.75,5,0
2026-04-03,SKU-GROC-502,Organic Extra Virgin Olive Oil (1L),Groceries,44,711,18.75,5,0
2026-04-04,SKU-GROC-502,Organic Extra Virgin Olive Oil (1L),Groceries,59,661,18.75,5,0
2026-04-05,SKU-GROC-502,Organic Extra Virgin Olive Oil (1L),Groceries,57,955,18.75,5,0
2026-04-06,SKU-GROC-502,Organic Extra Virgin Olive Oil (1L),Groceries,56,908,18.75,5,0
2026-04-07,SKU-GROC-502,Organic Extra Virgin Olive Oil (1L),Groceries,56,861,18.75,5,0
2026-04-08,SKU-GROC-502,Organic Extra Virgin Olive Oil (1L),Groceries,45,823,18.75,5,0
2026-04-09,SKU-GROC-502,Organic Extra Virgin Olive Oil (1L),Groceries,35,794,18.75,5,0
2026-04-10,SKU-GROC-502,Organic Extra Virgin Olive Oil (1L),Groceries,43,758,18.75,5,0
2026-04-11,SKU-GROC-502,Organic Extra Virgin Olive Oil (1L),Groceries,57,710,18.75,5,0
2026-04-12,SKU-GROC-502,Organic Extra Virgin Olive Oil (1L),Groceries,57,662,18.75,5,0
2026-04-13,SKU-GROC-502,Organic Extra Virgin Olive Oil (1L),Groceries,42,627,18.75,5,0
2026-04-14,SKU-GROC-502,Organic Extra Virgin Olive Oil (1L),Groceries,42,934,18.75,5,0
2026-04-15,SKU-GROC-502,Organic Extra Virgin Olive Oil (1L),Groceries,44,897,18.75,5,0
2026-04-16,SKU-GROC-502,Organic Extra Virgin Olive Oil (1L),Groceries,43,861,18.75,5,0
2026-04-17,SKU-GROC-502,Organic Extra Virgin Olive Oil (1L),Groceries,48,821,18.75,5,0
2026-04-18,SKU-GROC-502,Organic Extra Virgin Olive Oil (1L),Groceries,63,768,18.75,5,0
2026-04-19,SKU-GROC-502,Organic Extra Virgin Olive Oil (1L),Groceries,55,722,18.75,5,0
2026-04-20,SKU-GROC-502,Organic Extra Virgin Olive Oil (1L),Groceries,56,675,18.75,5,0
2026-04-21,SKU-GROC-502,Organic Extra Virgin Olive Oil (1L),Groceries,40,641,18.75,5,0
2026-04-22,SKU-GROC-502,Organic Extra Virgin Olive Oil (1L),Groceries,35,612,18.75,5,0
2026-04-23,SKU-GROC-502,Organic Extra Virgin Olive Oil (1L),Groceries,49,913,18.75,5,0
2026-04-24,SKU-GROC-502,Organic Extra Virgin Olive Oil (1L),Groceries,41,879,18.75,5,0
2026-04-25,SKU-GROC-502,Organic Extra Virgin Olive Oil (1L),Groceries,63,826,18.75,5,0
2026-04-26,SKU-GROC-502,Organic Extra Virgin Olive Oil (1L),Groceries,44,789,18.75,5,0
2026-04-27,SKU-GROC-502,Organic Extra Virgin Olive Oil (1L),Groceries,56,742,18.75,5,0
2026-04-28,SKU-GROC-502,Organic Extra Virgin Olive Oil (1L),Groceries,51,699,18.75,5,0
2026-04-29,SKU-GROC-502,Organic Extra Virgin Olive Oil (1L),Groceries,36,669,18.75,5,0
2026-04-30,SKU-GROC-502,Organic Extra Virgin Olive Oil (1L),Groceries,36,639,18.75,5,0
2026-05-01,SKU-GROC-502,Organic Extra Virgin Olive Oil (1L),Groceries,58,590,18.75,5,0
2026-05-02,SKU-GROC-502,Organic Extra Virgin Olive Oil (1L),Groceries,55,886,18.75,5,0
2026-05-03,SKU-GROC-502,Organic Extra Virgin Olive Oil (1L),Groceries,54,841,18.75,5,0
2026-05-04,SKU-GROC-502,Organic Extra Virgin Olive Oil (1L),Groceries,30,816,18.75,5,0
2026-05-05,SKU-GROC-502,Organic Extra Virgin Olive Oil (1L),Groceries,44,779,18.75,5,0
2026-05-06,SKU-GROC-502,Organic Extra Virgin Olive Oil (1L),Groceries,44,742,18.75,5,0
2026-05-07,SKU-GROC-502,Organic Extra Virgin Olive Oil (1L),Groceries,51,699,18.75,5,0
2026-05-08,SKU-GROC-502,Organic Extra Virgin Olive Oil (1L),Groceries,36,669,18.75,5,0
2026-05-09,SKU-GROC-502,Organic Extra Virgin Olive Oil (1L),Groceries,49,628,18.75,5,0
2026-05-10,SKU-GROC-502,Organic Extra Virgin Olive Oil (1L),Groceries,83,558,16.5,5,1
2026-05-11,SKU-GROC-502,Organic Extra Virgin Olive Oil (1L),Groceries,69,842,16.5,5,1
2026-05-12,SKU-GROC-502,Organic Extra Virgin Olive Oil (1L),Groceries,50,800,16.5,5,1
2026-05-13,SKU-GROC-502,Organic Extra Virgin Olive Oil (1L),Groceries,69,742,16.5,5,1
2026-05-14,SKU-GROC-502,Organic Extra Virgin Olive Oil (1L),Groceries,46,703,18.75,5,0
2026-05-15,SKU-GROC-502,Organic Extra Virgin Olive Oil (1L),Groceries,53,658,18.75,5,0
2026-05-16,SKU-GROC-502,Organic Extra Virgin Olive Oil (1L),Groceries,58,609,18.75,5,0
2026-05-17,SKU-GROC-502,Organic Extra Virgin Olive Oil (1L),Groceries,41,575,18.75,5,0
2026-05-18,SKU-GROC-502,Organic Extra Virgin Olive Oil (1L),Groceries,44,538,18.75,5,0
2026-05-19,SKU-GROC-502,Organic Extra Virgin Olive Oil (1L),Groceries,52,494,18.75,5,0
2026-05-20,SKU-GROC-502,Organic Extra Virgin Olive Oil (1L),Groceries,39,803,18.75,5,0
2026-05-21,SKU-GROC-502,Organic Extra Virgin Olive Oil (1L),Groceries,42,768,18.75,5,0
2026-05-22,SKU-GROC-502,Organic Extra Virgin Olive Oil (1L),Groceries,43,732,18.75,5,0
2026-05-23,SKU-GROC-502,Organic Extra Virgin Olive Oil (1L),Groceries,38,700,18.75,5,0
2026-05-24,SKU-GROC-502,Organic Extra Virgin Olive Oil (1L),Groceries,69,642,18.75,5,0
2026-05-25,SKU-GROC-502,Organic Extra Virgin Olive Oil (1L),Groceries,38,610,18.75,5,0
2026-05-26,SKU-GROC-502,Organic Extra Virgin Olive Oil (1L),Groceries,48,570,18.75,5,0
2026-05-27,SKU-GROC-502,Organic Extra Virgin Olive Oil (1L),Groceries,44,533,18.75,5,0
2026-05-28,SKU-GROC-502,Organic Extra Virgin Olive Oil (1L),Groceries,53,488,18.75,5,0
2026-05-29,SKU-GROC-502,Organic Extra Virgin Olive Oil (1L),Groceries,47,791,18.75,5,0
2026-05-30,SKU-GROC-502,Organic Extra Virgin Olive Oil (1L),Groceries,55,745,18.75,5,0
2026-05-31,SKU-GROC-502,Organic Extra Virgin Olive Oil (1L),Groceries,51,702,18.75,5,0
2026-06-01,SKU-GROC-502,Organic Extra Virgin Olive Oil (1L),Groceries,49,661,18.75,5,0
2026-06-02,SKU-GROC-502,Organic Extra Virgin Olive Oil (1L),Groceries,30,636,18.75,5,0
2026-06-03,SKU-GROC-502,Organic Extra Virgin Olive Oil (1L),Groceries,48,596,18.75,5,0
2026-06-04,SKU-GROC-502,Organic Extra Virgin Olive Oil (1L),Groceries,36,566,18.75,5,0
2026-06-05,SKU-GROC-502,Organic Extra Virgin Olive Oil (1L),Groceries,52,522,18.75,5,0
2026-06-06,SKU-GROC-502,Organic Extra Virgin Olive Oil (1L),Groceries,57,474,18.75,5,0
2026-06-07,SKU-GROC-502,Organic Extra Virgin Olive Oil (1L),Groceries,60,765,18.75,5,0
2026-06-08,SKU-GROC-502,Organic Extra Virgin Olive Oil (1L),Groceries,43,729,18.75,5,0
2026-06-09,SKU-GROC-502,Organic Extra Virgin Olive Oil (1L),Groceries,30,704,18.75,5,0
2026-06-10,SKU-GROC-502,Organic Extra Virgin Olive Oil (1L),Groceries,37,673,18.75,5,0
2026-06-11,SKU-GROC-502,Organic Extra Virgin Olive Oil (1L),Groceries,47,634,18.75,5,0
2026-06-12,SKU-GROC-502,Organic Extra Virgin Olive Oil (1L),Groceries,44,597,18.75,5,0
2026-06-13,SKU-GROC-502,Organic Extra Virgin Olive Oil (1L),Groceries,63,544,18.75,5,0
2026-06-14,SKU-GROC-502,Organic Extra Virgin Olive Oil (1L),Groceries,58,495,18.75,5,0
2026-06-15,SKU-GROC-502,Organic Extra Virgin Olive Oil (1L),Groceries,35,466,18.75,5,0
2026-06-16,SKU-GROC-502,Organic Extra Virgin Olive Oil (1L),Groceries,36,778,18.75,5,0
2026-06-17,SKU-GROC-502,Organic Extra Virgin Olive Oil (1L),Groceries,43,742,18.75,5,0
2026-06-18,SKU-GROC-502,Organic Extra Virgin Olive Oil (1L),Groceries,25,721,18.75,5,0
2026-06-19,SKU-GROC-502,Organic Extra Virgin Olive Oil (1L),Groceries,53,676,18.75,5,0
2026-06-20,SKU-GROC-502,Organic Extra Virgin Olive Oil (1L),Groceries,57,628,18.75,5,0
2026-06-21,SKU-GROC-502,Organic Extra Virgin Olive Oil (1L),Groceries,62,576,18.75,5,0
2026-06-22,SKU-GROC-502,Organic Extra Virgin Olive Oil (1L),Groceries,30,551,18.75,5,0
2026-06-23,SKU-GROC-502,Organic Extra Virgin Olive Oil (1L),Groceries,50,509,18.75,5,0
2026-06-24,SKU-GROC-502,Organic Extra Virgin Olive Oil (1L),Groceries,57,461,18.75,5,0
2025-01-01,SKU-GROC-503,Premium Raw Manuka Honey MGO 500+,Groceries,11,86,48.0,9,0
2025-01-02,SKU-GROC-503,Premium Raw Manuka Honey MGO 500+,Groceries,17,72,48.0,9,0
2025-01-03,SKU-GROC-503,Premium Raw Manuka Honey MGO 500+,Groceries,15,60,48.0,9,0
2025-01-04,SKU-GROC-503,Premium Raw Manuka Honey MGO 500+,Groceries,14,49,48.0,9,0
2025-01-05,SKU-GROC-503,Premium Raw Manuka Honey MGO 500+,Groceries,20,32,48.0,9,0
2025-01-06,SKU-GROC-503,Premium Raw Manuka Honey MGO 500+,Groceries,18,17,48.0,9,0
2025-01-07,SKU-GROC-503,Premium Raw Manuka Honey MGO 500+,Groceries,13,6,48.0,9,0
2025-01-08,SKU-GROC-503,Premium Raw Manuka Honey MGO 500+,Groceries,19,0,48.0,9,0
2025-01-09,SKU-GROC-503,Premium Raw Manuka Honey MGO 500+,Groceries,10,0,48.0,9,0
2025-01-10,SKU-GROC-503,Premium Raw Manuka Honey MGO 500+,Groceries,11,0,48.0,9,0
2025-01-11,SKU-GROC-503,Premium Raw Manuka Honey MGO 500+,Groceries,19,0,48.0,9,0
2025-01-12,SKU-GROC-503,Premium Raw Manuka Honey MGO 500+,Groceries,19,0,48.0,9,0
2025-01-13,SKU-GROC-503,Premium Raw Manuka Honey MGO 500+,Groceries,13,0,48.0,9,0
2025-01-14,SKU-GROC-503,Premium Raw Manuka Honey MGO 500+,Groceries,18,170,48.0,9,0
2025-01-15,SKU-GROC-503,Premium Raw Manuka Honey MGO 500+,Groceries,23,151,42.24,9,1
2025-01-16,SKU-GROC-503,Premium Raw Manuka Honey MGO 500+,Groceries,24,131,42.24,9,1
2025-01-17,SKU-GROC-503,Premium Raw Manuka Honey MGO 500+,Groceries,21,114,42.24,9,1
2025-01-18,SKU-GROC-503,Premium Raw Manuka Honey MGO 500+,Groceries,27,92,42.24,9,1
2025-01-19,SKU-GROC-503,Premium Raw Manuka Honey MGO 500+,Groceries,17,78,48.0,9,0
2025-01-20,SKU-GROC-503,Premium Raw Manuka Honey MGO 500+,Groceries,22,60,48.0,9,0
2025-01-21,SKU-GROC-503,Premium Raw Manuka Honey MGO 500+,Groceries,13,49,48.0,9,0
2025-01-22,SKU-GROC-503,Premium Raw Manuka Honey MGO 500+,Groceries,22,31,48.0,9,0
2025-01-23,SKU-GROC-503,Premium Raw Manuka Honey MGO 500+,Groceries,16,18,48.0,9,0
2025-01-24,SKU-GROC-503,Premium Raw Manuka Honey MGO 500+,Groceries,12,8,48.0,9,0
2025-01-25,SKU-GROC-503,Premium Raw Manuka Honey MGO 500+,Groceries,23,0,48.0,9,0
2025-01-26,SKU-GROC-503,Premium Raw Manuka Honey MGO 500+,Groceries,19,0,48.0,9,0
2025-01-27,SKU-GROC-503,Premium Raw Manuka Honey MGO 500+,Groceries,18,170,48.0,9,0
2025-01-28,SKU-GROC-503,Premium Raw Manuka Honey MGO 500+,Groceries,20,153,48.0,9,0
2025-01-29,SKU-GROC-503,Premium Raw Manuka Honey MGO 500+,Groceries,17,139,48.0,9,0
2025-01-30,SKU-GROC-503,Premium Raw Manuka Honey MGO 500+,Groceries,14,128,48.0,9,0
2025-01-31,SKU-GROC-503,Premium Raw Manuka Honey MGO 500+,Groceries,19,112,48.0,9,0
2025-02-01,SKU-GROC-503,Premium Raw Manuka Honey MGO 500+,Groceries,19,96,48.0,9,0
2025-02-02,SKU-GROC-503,Premium Raw Manuka Honey MGO 500+,Groceries,21,79,48.0,9,0
2025-02-03,SKU-GROC-503,Premium Raw Manuka Honey MGO 500+,Groceries,10,71,48.0,9,0
2025-02-04,SKU-GROC-503,Premium Raw Manuka Honey MGO 500+,Groceries,17,57,48.0,9,0
2025-02-05,SKU-GROC-503,Premium Raw Manuka Honey MGO 500+,Groceries,14,46,48.0,9,0
2025-02-06,SKU-GROC-503,Premium Raw Manuka Honey MGO 500+,Groceries,21,29,48.0,9,0
2025-02-07,SKU-GROC-503,Premium Raw Manuka Honey MGO 500+,Groceries,18,14,48.0,9,0
2025-02-08,SKU-GROC-503,Premium Raw Manuka Honey MGO 500+,Groceries,20,0,48.0,9,0
2025-02-09,SKU-GROC-503,Premium Raw Manuka Honey MGO 500+,Groceries,21,168,48.0,9,0
2025-02-10,SKU-GROC-503,Premium Raw Manuka Honey MGO 500+,Groceries,13,157,48.0,9,0
2025-02-11,SKU-GROC-503,Premium Raw Manuka Honey MGO 500+,Groceries,21,140,48.0,9,0
2025-02-12,SKU-GROC-503,Premium Raw Manuka Honey MGO 500+,Groceries,22,122,48.0,9,0
2025-02-13,SKU-GROC-503,Premium Raw Manuka Honey MGO 500+,Groceries,18,107,48.0,9,0
2025-02-14,SKU-GROC-503,Premium Raw Manuka Honey MGO 500+,Groceries,21,90,48.0,9,0
2025-02-15,SKU-GROC-503,Premium Raw Manuka Honey MGO 500+,Groceries,18,75,48.0,9,0
2025-02-16,SKU-GROC-503,Premium Raw Manuka Honey MGO 500+,Groceries,17,61,48.0,9,0
2025-02-17,SKU-GROC-503,Premium Raw Manuka Honey MGO 500+,Groceries,17,47,48.0,9,0
2025-02-18,SKU-GROC-503,Premium Raw Manuka Honey MGO 500+,Groceries,18,32,48.0,9,0
2025-02-19,SKU-GROC-503,Premium Raw Manuka Honey MGO 500+,Groceries,15,20,48.0,9,0
2025-02-20,SKU-GROC-503,Premium Raw Manuka Honey MGO 500+,Groceries,18,5,48.0,9,0
2025-02-21,SKU-GROC-503,Premium Raw Manuka Honey MGO 500+,Groceries,17,0,48.0,9,0
2025-02-22,SKU-GROC-503,Premium Raw Manuka Honey MGO 500+,Groceries,17,171,48.0,9,0
2025-02-23,SKU-GROC-503,Premium Raw Manuka Honey MGO 500+,Groceries,21,154,48.0,9,0
2025-02-24,SKU-GROC-503,Premium Raw Manuka Honey MGO 500+,Groceries,19,138,48.0,9,0
2025-02-25,SKU-GROC-503,Premium Raw Manuka Honey MGO 500+,Groceries,17,124,48.0,9,0
2025-02-26,SKU-GROC-503,Premium Raw Manuka Honey MGO 500+,Groceries,20,107,48.0,9,0
2025-02-27,SKU-GROC-503,Premium Raw Manuka Honey MGO 500+,Groceries,13,96,48.0,9,0
2025-02-28,SKU-GROC-503,Premium Raw Manuka Honey MGO 500+,Groceries,18,81,48.0,9,0
2025-03-01,SKU-GROC-503,Premium Raw Manuka Honey MGO 500+,Groceries,16,68,48.0,9,0
2025-03-02,SKU-GROC-503,Premium Raw Manuka Honey MGO 500+,Groceries,17,54,48.0,9,0
2025-03-03,SKU-GROC-503,Premium Raw Manuka Honey MGO 500+,Groceries,15,42,48.0,9,0
2025-03-04,SKU-GROC-503,Premium Raw Manuka Honey MGO 500+,Groceries,20,25,42.24,9,1
2025-03-05,SKU-GROC-503,Premium Raw Manuka Honey MGO 500+,Groceries,21,8,42.24,9,1
2025-03-06,SKU-GROC-503,Premium Raw Manuka Honey MGO 500+,Groceries,22,0,42.24,9,1
2025-03-07,SKU-GROC-503,Premium Raw Manuka Honey MGO 500+,Groceries,25,164,42.24,9,1
2025-03-08,SKU-GROC-503,Premium Raw Manuka Honey MGO 500+,Groceries,19,148,48.0,9,0
2025-03-09,SKU-GROC-503,Premium Raw Manuka Honey MGO 500+,Groceries,15,136,48.0,9,0
2025-03-10,SKU-GROC-503,Premium Raw Manuka Honey MGO 500+,Groceries,20,119,48.0,9,0
2025-03-11,SKU-GROC-503,Premium Raw Manuka Honey MGO 500+,Groceries,14,108,48.0,9,0
2025-03-12,SKU-GROC-503,Premium Raw Manuka Honey MGO 500+,Groceries,17,94,48.0,9,0
2025-03-13,SKU-GROC-503,Premium Raw Manuka Honey MGO 500+,Groceries,18,79,48.0,9,0
2025-03-14,SKU-GROC-503,Premium Raw Manuka Honey MGO 500+,Groceries,17,65,48.0,9,0
2025-03-15,SKU-GROC-503,Premium Raw Manuka Honey MGO 500+,Groceries,23,46,48.0,9,0
2025-03-16,SKU-GROC-503,Premium Raw Manuka Honey MGO 500+,Groceries,22,28,48.0,9,0
2025-03-17,SKU-GROC-503,Premium Raw Manuka Honey MGO 500+,Groceries,14,17,48.0,9,0
2025-03-18,SKU-GROC-503,Premium Raw Manuka Honey MGO 500+,Groceries,23,0,48.0,9,0
2025-03-19,SKU-GROC-503,Premium Raw Manuka Honey MGO 500+,Groceries,17,0,48.0,9,0
2025-03-20,SKU-GROC-503,Premium Raw Manuka Honey MGO 500+,Groceries,16,172,48.0,9,0
2025-03-21,SKU-GROC-503,Premium Raw Manuka Honey MGO 500+,Groceries,20,155,48.0,9,0
2025-03-22,SKU-GROC-503,Premium Raw Manuka Honey MGO 500+,Groceries,21,138,48.0,9,0
2025-03-23,SKU-GROC-503,Premium Raw Manuka Honey MGO 500+,Groceries,21,121,48.0,9,0
2025-03-24,SKU-GROC-503,Premium Raw Manuka Honey MGO 500+,Groceries,24,101,48.0,9,0
2025-03-25,SKU-GROC-503,Premium Raw Manuka Honey MGO 500+,Groceries,16,88,48.0,9,0
2025-03-26,SKU-GROC-503,Premium Raw Manuka Honey MGO 500+,Groceries,16,75,48.0,9,0
2025-03-27,SKU-GROC-503,Premium Raw Manuka Honey MGO 500+,Groceries,17,61,48.0,9,0
2025-03-28,SKU-GROC-503,Premium Raw Manuka Honey MGO 500+,Groceries,20,44,48.0,9,0
2025-03-29,SKU-GROC-503,Premium Raw Manuka Honey MGO 500+,Groceries,15,32,48.0,9,0
2025-03-30,SKU-GROC-503,Premium Raw Manuka Honey MGO 500+,Groceries,14,21,48.0,9,0
2025-03-31,SKU-GROC-503,Premium Raw Manuka Honey MGO 500+,Groceries,15,9,48.0,9,0
2025-04-01,SKU-GROC-503,Premium Raw Manuka Honey MGO 500+,Groceries,12,0,48.0,9,0
2025-04-02,SKU-GROC-503,Premium Raw Manuka Honey MGO 500+,Groceries,15,173,48.0,9,0
2025-04-03,SKU-GROC-503,Premium Raw Manuka Honey MGO 500+,Groceries,18,158,48.0,9,0
2025-04-04,SKU-GROC-503,Premium Raw Manuka Honey MGO 500+,Groceries,14,147,48.0,9,0
2025-04-05,SKU-GROC-503,Premium Raw Manuka Honey MGO 500+,Groceries,16,134,48.0,9,0
2025-04-06,SKU-GROC-503,Premium Raw Manuka Honey MGO 500+,Groceries,20,117,48.0,9,0
2025-04-07,SKU-GROC-503,Premium Raw Manuka Honey MGO 500+,Groceries,19,101,48.0,9,0
2025-04-08,SKU-GROC-503,Premium Raw Manuka Honey MGO 500+,Groceries,11,92,48.0,9,0
2025-04-09,SKU-GROC-503,Premium Raw Manuka Honey MGO 500+,Groceries,19,76,48.0,9,0
2025-04-10,SKU-GROC-503,Premium Raw Manuka Honey MGO 500+,Groceries,19,60,48.0,9,0
2025-04-11,SKU-GROC-503,Premium Raw Manuka Honey MGO 500+,Groceries,19,44,48.0,9,0
2025-04-12,SKU-GROC-503,Premium Raw Manuka Honey MGO 500+,Groceries,23,25,48.0,9,0
2025-04-13,SKU-GROC-503,Premium Raw Manuka Honey MGO 500+,Groceries,26,3,48.0,9,0
2025-04-14,SKU-GROC-503,Premium Raw Manuka Honey MGO 500+,Groceries,15,0,48.0,9,0
2025-04-15,SKU-GROC-503,Premium Raw Manuka Honey MGO 500+,Groceries,17,171,48.0,9,0
2025-04-16,SKU-GROC-503,Premium Raw Manuka Honey MGO 500+,Groceries,15,159,48.0,9,0
2025-04-17,SKU-GROC-503,Premium Raw Manuka Honey MGO 500+,Groceries,16,146,48.0,9,0
2025-04-18,SKU-GROC-503,Premium Raw Manuka Honey MGO 500+,Groceries,21,129,48.0,9,0
2025-04-19,SKU-GROC-503,Premium Raw Manuka Honey MGO 500+,Groceries,16,116,48.0,9,0
2025-04-20,SKU-GROC-503,Premium Raw Manuka Honey MGO 500+,Groceries,17,102,48.0,9,0
2025-04-21,SKU-GROC-503,Premium Raw Manuka Honey MGO 500+,Groceries,26,80,42.24,9,1
2025-04-22,SKU-GROC-503,Premium Raw Manuka Honey MGO 500+,Groceries,25,59,42.24,9,1
2025-04-23,SKU-GROC-503,Premium Raw Manuka Honey MGO 500+,Groceries,21,42,42.24,9,1
2025-04-24,SKU-GROC-503,Premium Raw Manuka Honey MGO 500+,Groceries,24,22,42.24,9,1
2025-04-25,SKU-GROC-503,Premium Raw Manuka Honey MGO 500+,Groceries,17,8,48.0,9,0
2025-04-26,SKU-GROC-503,Premium Raw Manuka Honey MGO 500+,Groceries,24,0,48.0,9,0
2025-04-27,SKU-GROC-503,Premium Raw Manuka Honey MGO 500+,Groceries,20,0,48.0,9,0
2025-04-28,SKU-GROC-503,Premium Raw Manuka Honey MGO 500+,Groceries,19,169,48.0,9,0
2025-04-29,SKU-GROC-503,Premium Raw Manuka Honey MGO 500+,Groceries,24,149,48.0,9,0
2025-04-30,SKU-GROC-503,Premium Raw Manuka Honey MGO 500+,Groceries,18,134,48.0,9,0
2025-05-01,SKU-GROC-503,Premium Raw Manuka Honey MGO 500+,Groceries,16,121,48.0,9,0
2025-05-02,SKU-GROC-503,Premium Raw Manuka Honey MGO 500+,Groceries,18,106,48.0,9,0
2025-05-03,SKU-GROC-503,Premium Raw Manuka Honey MGO 500+,Groceries,18,91,48.0,9,0
2025-05-04,SKU-GROC-503,Premium Raw Manuka Honey MGO 500+,Groceries,26,69,48.0,9,0
2025-05-05,SKU-GROC-503,Premium Raw Manuka Honey MGO 500+,Groceries,16,56,48.0,9,0
2025-05-06,SKU-GROC-503,Premium Raw Manuka Honey MGO 500+,Groceries,15,44,48.0,9,0
2025-05-07,SKU-GROC-503,Premium Raw Manuka Honey MGO 500+,Groceries,13,33,48.0,9,0
2025-05-08,SKU-GROC-503,Premium Raw Manuka Honey MGO 500+,Groceries,19,17,48.0,9,0
2025-05-09,SKU-GROC-503,Premium Raw Manuka Honey MGO 500+,Groceries,18,2,48.0,9,0
2025-05-10,SKU-GROC-503,Premium Raw Manuka Honey MGO 500+,Groceries,17,0,48.0,9,0
2025-05-11,SKU-GROC-503,Premium Raw Manuka Honey MGO 500+,Groceries,20,168,48.0,9,0
2025-05-12,SKU-GROC-503,Premium Raw Manuka Honey MGO 500+,Groceries,11,159,48.0,9,0
2025-05-13,SKU-GROC-503,Premium Raw Manuka Honey MGO 500+,Groceries,16,146,48.0,9,0
2025-05-14,SKU-GROC-503,Premium Raw Manuka Honey MGO 500+,Groceries,17,132,48.0,9,0
2025-05-15,SKU-GROC-503,Premium Raw Manuka Honey MGO 500+,Groceries,21,115,48.0,9,0
2025-05-16,SKU-GROC-503,Premium Raw Manuka Honey MGO 500+,Groceries,13,104,48.0,9,0
2025-05-17,SKU-GROC-503,Premium Raw Manuka Honey MGO 500+,Groceries,15,92,48.0,9,0
2025-05-18,SKU-GROC-503,Premium Raw Manuka Honey MGO 500+,Groceries,16,79,48.0,9,0
2025-05-19,SKU-GROC-503,Premium Raw Manuka Honey MGO 500+,Groceries,11,70,48.0,9,0
2025-05-20,SKU-GROC-503,Premium Raw Manuka Honey MGO 500+,Groceries,19,54,48.0,9,0
2025-05-21,SKU-GROC-503,Premium Raw Manuka Honey MGO 500+,Groceries,20,37,48.0,9,0
2025-05-22,SKU-GROC-503,Premium Raw Manuka Honey MGO 500+,Groceries,16,24,48.0,9,0
2025-05-23,SKU-GROC-503,Premium Raw Manuka Honey MGO 500+,Groceries,19,8,48.0,9,0
2025-05-24,SKU-GROC-503,Premium Raw Manuka Honey MGO 500+,Groceries,18,178,48.0,9,0
2025-05-25,SKU-GROC-503,Premium Raw Manuka Honey MGO 500+,Groceries,18,163,48.0,9,0
2025-05-26,SKU-GROC-503,Premium Raw Manuka Honey MGO 500+,Groceries,14,152,48.0,9,0
2025-05-27,SKU-GROC-503,Premium Raw Manuka Honey MGO 500+,Groceries,14,141,48.0,9,0
2025-05-28,SKU-GROC-503,Premium Raw Manuka Honey MGO 500+,Groceries,10,133,48.0,9,0
2025-05-29,SKU-GROC-503,Premium Raw Manuka Honey MGO 500+,Groceries,16,120,48.0,9,0
2025-05-30,SKU-GROC-503,Premium Raw Manuka Honey MGO 500+,Groceries,15,108,48.0,9,0
2025-05-31,SKU-GROC-503,Premium Raw Manuka Honey MGO 500+,Groceries,20,91,48.0,9,0
2025-06-01,SKU-GROC-503,Premium Raw Manuka Honey MGO 500+,Groceries,18,76,48.0,9,0
2025-06-02,SKU-GROC-503,Premium Raw Manuka Honey MGO 500+,Groceries,14,65,48.0,9,0
2025-06-03,SKU-GROC-503,Premium Raw Manuka Honey MGO 500+,Groceries,12,55,48.0,9,0
2025-06-04,SKU-GROC-503,Premium Raw Manuka Honey MGO 500+,Groceries,15,43,48.0,9,0
2025-06-05,SKU-GROC-503,Premium Raw Manuka Honey MGO 500+,Groceries,17,29,48.0,9,0
2025-06-06,SKU-GROC-503,Premium Raw Manuka Honey MGO 500+,Groceries,11,205,48.0,9,0
2025-06-07,SKU-GROC-503,Premium Raw Manuka Honey MGO 500+,Groceries,18,190,48.0,9,0
2025-06-08,SKU-GROC-503,Premium Raw Manuka Honey MGO 500+,Groceries,24,170,42.24,9,1
2025-06-09,SKU-GROC-503,Premium Raw Manuka Honey MGO 500+,Groceries,17,156,42.24,9,1
2025-06-10,SKU-GROC-503,Premium Raw Manuka Honey MGO 500+,Groceries,18,141,42.24,9,1
2025-06-11,SKU-GROC-503,Premium Raw Manuka Honey MGO 500+,Groceries,20,124,42.24,9,1
2025-06-12,SKU-GROC-503,Premium Raw Manuka Honey MGO 500+,Groceries,11,115,48.0,9,0
2025-06-13,SKU-GROC-503,Premium Raw Manuka Honey MGO 500+,Groceries,15,103,48.0,9,0
2025-06-14,SKU-GROC-503,Premium Raw Manuka Honey MGO 500+,Groceries,14,92,48.0,9,0
2025-06-15,SKU-GROC-503,Premium Raw Manuka Honey MGO 500+,Groceries,20,75,48.0,9,0
2025-06-16,SKU-GROC-503,Premium Raw Manuka Honey MGO 500+,Groceries,21,58,48.0,9,0
2025-06-17,SKU-GROC-503,Premium Raw Manuka Honey MGO 500+,Groceries,11,49,48.0,9,0
2025-06-18,SKU-GROC-503,Premium Raw Manuka Honey MGO 500+,Groceries,15,37,48.0,9,0
2025-06-19,SKU-GROC-503,Premium Raw Manuka Honey MGO 500+,Groceries,12,212,48.0,9,0
2025-06-20,SKU-GROC-503,Premium Raw Manuka Honey MGO 500+,Groceries,17,198,48.0,9,0
2025-06-21,SKU-GROC-503,Premium Raw Manuka Honey MGO 500+,Groceries,13,187,48.0,9,0
2025-06-22,SKU-GROC-503,Premium Raw Manuka Honey MGO 500+,Groceries,18,172,48.0,9,0
2025-06-23,SKU-GROC-503,Premium Raw Manuka Honey MGO 500+,Groceries,11,163,48.0,9,0
2025-06-24,SKU-GROC-503,Premium Raw Manuka Honey MGO 500+,Groceries,13,152,48.0,9,0
2025-06-25,SKU-GROC-503,Premium Raw Manuka Honey MGO 500+,Groceries,10,144,48.0,9,0
2025-06-26,SKU-GROC-503,Premium Raw Manuka Honey MGO 500+,Groceries,16,131,48.0,9,0
2025-06-27,SKU-GROC-503,Premium Raw Manuka Honey MGO 500+,Groceries,11,122,48.0,9,0
2025-06-28,SKU-GROC-503,Premium Raw Manuka Honey MGO 500+,Groceries,18,107,48.0,9,0
2025-06-29,SKU-GROC-503,Premium Raw Manuka Honey MGO 500+,Groceries,15,95,48.0,9,0
2025-06-30,SKU-GROC-503,Premium Raw Manuka Honey MGO 500+,Groceries,13,84,48.0,9,0
2025-07-01,SKU-GROC-503,Premium Raw Manuka Honey MGO 500+,Groceries,14,73,48.0,9,0
2025-07-02,SKU-GROC-503,Premium Raw Manuka Honey MGO 500+,Groceries,11,249,48.0,9,0
2025-07-03,SKU-GROC-503,Premium Raw Manuka Honey MGO 500+,Groceries,14,238,48.0,9,0
2025-07-04,SKU-GROC-503,Premium Raw Manuka Honey MGO 500+,Groceries,18,223,48.0,9,0
2025-07-05,SKU-GROC-503,Premium Raw Manuka Honey MGO 500+,Groceries,13,212,48.0,9,0
2025-07-06,SKU-GROC-503,Premium Raw Manuka Honey MGO 500+,Groceries,19,196,48.0,9,0
2025-07-07,SKU-GROC-503,Premium Raw Manuka Honey MGO 500+,Groceries,17,182,48.0,9,0
2025-07-08,SKU-GROC-503,Premium Raw Manuka Honey MGO 500+,Groceries,10,174,48.0,9,0
2025-07-09,SKU-GROC-503,Premium Raw Manuka Honey MGO 500+,Groceries,8,168,48.0,9,0
2025-07-10,SKU-GROC-503,Premium Raw Manuka Honey MGO 500+,Groceries,14,157,48.0,9,0
2025-07-11,SKU-GROC-503,Premium Raw Manuka Honey MGO 500+,Groceries,11,148,48.0,9,0
2025-07-12,SKU-GROC-503,Premium Raw Manuka Honey MGO 500+,Groceries,21,131,48.0,9,0
2025-07-13,SKU-GROC-503,Premium Raw Manuka Honey MGO 500+,Groceries,15,119,48.0,9,0
2025-07-14,SKU-GROC-503,Premium Raw Manuka Honey MGO 500+,Groceries,10,111,48.0,9,0
2025-07-15,SKU-GROC-503,Premium Raw Manuka Honey MGO 500+,Groceries,9,289,48.0,9,0
2025-07-16,SKU-GROC-503,Premium Raw Manuka Honey MGO 500+,Groceries,16,276,48.0,9,0
2025-07-17,SKU-GROC-503,Premium Raw Manuka Honey MGO 500+,Groceries,11,267,48.0,9,0
2025-07-18,SKU-GROC-503,Premium Raw Manuka Honey MGO 500+,Groceries,13,256,48.0,9,0
2025-07-19,SKU-GROC-503,Premium Raw Manuka Honey MGO 500+,Groceries,18,241,48.0,9,0
2025-07-20,SKU-GROC-503,Premium Raw Manuka Honey MGO 500+,Groceries,13,230,48.0,9,0
2025-07-21,SKU-GROC-503,Premium Raw Manuka Honey MGO 500+,Groceries,12,220,48.0,9,0
2025-07-22,SKU-GROC-503,Premium Raw Manuka Honey MGO 500+,Groceries,12,210,48.0,9,0
2025-07-23,SKU-GROC-503,Premium Raw Manuka Honey MGO 500+,Groceries,14,199,48.0,9,0
2025-07-24,SKU-GROC-503,Premium Raw Manuka Honey MGO 500+,Groceries,14,188,48.0,9,0
2025-07-25,SKU-GROC-503,Premium Raw Manuka Honey MGO 500+,Groceries,11,179,48.0,9,0
2025-07-26,SKU-GROC-503,Premium Raw Manuka Honey MGO 500+,Groceries,20,162,42.24,9,1
2025-07-27,SKU-GROC-503,Premium Raw Manuka Honey MGO 500+,Groceries,18,147,42.24,9,1
2025-07-28,SKU-GROC-503,Premium Raw Manuka Honey MGO 500+,Groceries,12,322,42.24,9,1
2025-07-29,SKU-GROC-503,Premium Raw Manuka Honey MGO 500+,Groceries,17,308,42.24,9,1
2025-07-30,SKU-GROC-503,Premium Raw Manuka Honey MGO 500+,Groceries,17,294,48.0,9,0
2025-07-31,SKU-GROC-503,Premium Raw Manuka Honey MGO 500+,Groceries,9,287,48.0,9,0
2025-08-01,SKU-GROC-503,Premium Raw Manuka Honey MGO 500+,Groceries,9,280,48.0,9,0
2025-08-02,SKU-GROC-503,Premium Raw Manuka Honey MGO 500+,Groceries,11,271,48.0,9,0
2025-08-03,SKU-GROC-503,Premium Raw Manuka Honey MGO 500+,Groceries,16,258,48.0,9,0
2025-08-04,SKU-GROC-503,Premium Raw Manuka Honey MGO 500+,Groceries,13,247,48.0,9,0
2025-08-05,SKU-GROC-503,Premium Raw Manuka Honey MGO 500+,Groceries,11,238,48.0,9,0
2025-08-06,SKU-GROC-503,Premium Raw Manuka Honey MGO 500+,Groceries,9,231,48.0,9,0
2025-08-07,SKU-GROC-503,Premium Raw Manuka Honey MGO 500+,Groceries,12,221,48.0,9,0
2025-08-08,SKU-GROC-503,Premium Raw Manuka Honey MGO 500+,Groceries,7,216,48.0,9,0
2025-08-09,SKU-GROC-503,Premium Raw Manuka Honey MGO 500+,Groceries,14,205,48.0,9,0
2025-08-10,SKU-GROC-503,Premium Raw Manuka Honey MGO 500+,Groceries,16,377,48.0,9,0
2025-08-11,SKU-GROC-503,Premium Raw Manuka Honey MGO 500+,Groceries,8,371,48.0,9,0
2025-08-12,SKU-GROC-503,Premium Raw Manuka Honey MGO 500+,Groceries,7,366,48.0,9,0
2025-08-13,SKU-GROC-503,Premium Raw Manuka Honey MGO 500+,Groceries,16,353,48.0,9,0
2025-08-14,SKU-GROC-503,Premium Raw Manuka Honey MGO 500+,Groceries,9,346,48.0,9,0
2025-08-15,SKU-GROC-503,Premium Raw Manuka Honey MGO 500+,Groceries,15,334,48.0,9,0
2025-08-16,SKU-GROC-503,Premium Raw Manuka Honey MGO 500+,Groceries,13,323,48.0,9,0
2025-08-17,SKU-GROC-503,Premium Raw Manuka Honey MGO 500+,Groceries,13,312,48.0,9,0
2025-08-18,SKU-GROC-503,Premium Raw Manuka Honey MGO 500+,Groceries,12,302,48.0,9,0
2025-08-19,SKU-GROC-503,Premium Raw Manuka Honey MGO 500+,Groceries,8,296,48.0,9,0
2025-08-20,SKU-GROC-503,Premium Raw Manuka Honey MGO 500+,Groceries,11,287,48.0,9,0
2025-08-21,SKU-GROC-503,Premium Raw Manuka Honey MGO 500+,Groceries,10,279,48.0,9,0
2025-08-22,SKU-GROC-503,Premium Raw Manuka Honey MGO 500+,Groceries,7,274,48.0,9,0
2025-08-23,SKU-GROC-503,Premium Raw Manuka Honey MGO 500+,Groceries,14,448,48.0,9,0
2025-08-24,SKU-GROC-503,Premium Raw Manuka Honey MGO 500+,Groceries,12,438,48.0,9,0
2025-08-25,SKU-GROC-503,Premium Raw Manuka Honey MGO 500+,Groceries,10,430,48.0,9,0
2025-08-26,SKU-GROC-503,Premium Raw Manuka Honey MGO 500+,Groceries,7,425,48.0,9,0
2025-08-27,SKU-GROC-503,Premium Raw Manuka Honey MGO 500+,Groceries,16,412,48.0,9,0
2025-08-28,SKU-GROC-503,Premium Raw Manuka Honey MGO 500+,Groceries,13,401,48.0,9,0
2025-08-29,SKU-GROC-503,Premium Raw Manuka Honey MGO 500+,Groceries,14,390,48.0,9,0
2025-08-30,SKU-GROC-503,Premium Raw Manuka Honey MGO 500+,Groceries,12,380,48.0,9,0
2025-08-31,SKU-GROC-503,Premium Raw Manuka Honey MGO 500+,Groceries,8,374,48.0,9,0
2025-09-01,SKU-GROC-503,Premium Raw Manuka Honey MGO 500+,Groceries,16,361,48.0,9,0
2025-09-02,SKU-GROC-503,Premium Raw Manuka Honey MGO 500+,Groceries,10,353,48.0,9,0
2025-09-03,SKU-GROC-503,Premium Raw Manuka Honey MGO 500+,Groceries,8,347,48.0,9,0
2025-09-04,SKU-GROC-503,Premium Raw Manuka Honey MGO 500+,Groceries,12,337,48.0,9,0
2025-09-05,SKU-GROC-503,Premium Raw Manuka Honey MGO 500+,Groceries,14,511,48.0,9,0
2025-09-06,SKU-GROC-503,Premium Raw Manuka Honey MGO 500+,Groceries,12,501,48.0,9,0
2025-09-07,SKU-GROC-503,Premium Raw Manuka Honey MGO 500+,Groceries,16,488,48.0,9,0
2025-09-08,SKU-GROC-503,Premium Raw Manuka Honey MGO 500+,Groceries,14,477,48.0,9,0
2025-09-09,SKU-GROC-503,Premium Raw Manuka Honey MGO 500+,Groceries,7,472,48.0,9,0
2025-09-10,SKU-GROC-503,Premium Raw Manuka Honey MGO 500+,Groceries,8,466,48.0,9,0
2025-09-11,SKU-GROC-503,Premium Raw Manuka Honey MGO 500+,Groceries,13,455,48.0,9,0
2025-09-12,SKU-GROC-503,Premium Raw Manuka Honey MGO 500+,Groceries,6,450,42.24,9,1
2025-09-13,SKU-GROC-503,Premium Raw Manuka Honey MGO 500+,Groceries,16,437,42.24,9,1
2025-09-14,SKU-GROC-503,Premium Raw Manuka Honey MGO 500+,Groceries,12,427,42.24,9,1
2025-09-15,SKU-GROC-503,Premium Raw Manuka Honey MGO 500+,Groceries,12,417,42.24,9,1
2025-09-16,SKU-GROC-503,Premium Raw Manuka Honey MGO 500+,Groceries,9,410,48.0,9,0
2025-09-17,SKU-GROC-503,Premium Raw Manuka Honey MGO 500+,Groceries,9,403,48.0,9,0
2025-09-18,SKU-GROC-503,Premium Raw Manuka Honey MGO 500+,Groceries,9,581,48.0,9,0
2025-09-19,SKU-GROC-503,Premium Raw Manuka Honey MGO 500+,Groceries,7,576,48.0,9,0
2025-09-20,SKU-GROC-503,Premium Raw Manuka Honey MGO 500+,Groceries,19,560,48.0,9,0
2025-09-21,SKU-GROC-503,Premium Raw Manuka Honey MGO 500+,Groceries,18,545,48.0,9,0
2025-09-22,SKU-GROC-503,Premium Raw Manuka Honey MGO 500+,Groceries,7,540,48.0,9,0
2025-09-23,SKU-GROC-503,Premium Raw Manuka Honey MGO 500+,Groceries,15,528,48.0,9,0
2025-09-24,SKU-GROC-503,Premium Raw Manuka Honey MGO 500+,Groceries,9,521,48.0,9,0
2025-09-25,SKU-GROC-503,Premium Raw Manuka Honey MGO 500+,Groceries,11,512,48.0,9,0
2025-09-26,SKU-GROC-503,Premium Raw Manuka Honey MGO 500+,Groceries,10,504,48.0,9,0
2025-09-27,SKU-GROC-503,Premium Raw Manuka Honey MGO 500+,Groceries,10,496,48.0,9,0
2025-09-28,SKU-GROC-503,Premium Raw Manuka Honey MGO 500+,Groceries,15,484,48.0,9,0
2025-09-29,SKU-GROC-503,Premium Raw Manuka Honey MGO 500+,Groceries,10,476,48.0,9,0
2025-09-30,SKU-GROC-503,Premium Raw Manuka Honey MGO 500+,Groceries,9,469,48.0,9,0
2025-10-01,SKU-GROC-503,Premium Raw Manuka Honey MGO 500+,Groceries,6,649,48.0,9,0
2025-10-02,SKU-GROC-503,Premium Raw Manuka Honey MGO 500+,Groceries,7,644,48.0,9,0
2025-10-03,SKU-GROC-503,Premium Raw Manuka Honey MGO 500+,Groceries,5,640,48.0,9,0
2025-10-04,SKU-GROC-503,Premium Raw Manuka Honey MGO 500+,Groceries,12,630,48.0,9,0
2025-10-05,SKU-GROC-503,Premium Raw Manuka Honey MGO 500+,Groceries,8,624,48.0,9,0
2025-10-06,SKU-GROC-503,Premium Raw Manuka Honey MGO 500+,Groceries,9,617,48.0,9,0
2025-10-07,SKU-GROC-503,Premium Raw Manuka Honey MGO 500+,Groceries,14,606,48.0,9,0
2025-10-08,SKU-GROC-503,Premium Raw Manuka Honey MGO 500+,Groceries,14,595,48.0,9,0
2025-10-09,SKU-GROC-503,Premium Raw Manuka Honey MGO 500+,Groceries,10,587,48.0,9,0
2025-10-10,SKU-GROC-503,Premium Raw Manuka Honey MGO 500+,Groceries,10,579,48.0,9,0
2025-10-11,SKU-GROC-503,Premium Raw Manuka Honey MGO 500+,Groceries,18,564,48.0,9,0
2025-10-12,SKU-GROC-503,Premium Raw Manuka Honey MGO 500+,Groceries,14,553,48.0,9,0
2025-10-13,SKU-GROC-503,Premium Raw Manuka Honey MGO 500+,Groceries,9,546,48.0,9,0
2025-10-14,SKU-GROC-503,Premium Raw Manuka Honey MGO 500+,Groceries,6,726,48.0,9,0
2025-10-15,SKU-GROC-503,Premium Raw Manuka Honey MGO 500+,Groceries,11,717,48.0,9,0
2025-10-16,SKU-GROC-503,Premium Raw Manuka Honey MGO 500+,Groceries,12,707,48.0,9,0
2025-10-17,SKU-GROC-503,Premium Raw Manuka Honey MGO 500+,Groceries,8,701,48.0,9,0
2025-10-18,SKU-GROC-503,Premium Raw Manuka Honey MGO 500+,Groceries,13,690,48.0,9,0
2025-10-19,SKU-GROC-503,Premium Raw Manuka Honey MGO 500+,Groceries,11,681,48.0,9,0
2025-10-20,SKU-GROC-503,Premium Raw Manuka Honey MGO 500+,Groceries,9,674,48.0,9,0
2025-10-21,SKU-GROC-503,Premium Raw Manuka Honey MGO 500+,Groceries,3,672,48.0,9,0
2025-10-22,SKU-GROC-503,Premium Raw Manuka Honey MGO 500+,Groceries,9,665,48.0,9,0
2025-10-23,SKU-GROC-503,Premium Raw Manuka Honey MGO 500+,Groceries,13,654,48.0,9,0
2025-10-24,SKU-GROC-503,Premium Raw Manuka Honey MGO 500+,Groceries,8,648,48.0,9,0
2025-10-25,SKU-GROC-503,Premium Raw Manuka Honey MGO 500+,Groceries,12,638,48.0,9,0
2025-10-26,SKU-GROC-503,Premium Raw Manuka Honey MGO 500+,Groceries,10,630,48.0,9,0
2025-10-27,SKU-GROC-503,Premium Raw Manuka Honey MGO 500+,Groceries,11,806,48.0,9,0
2025-10-28,SKU-GROC-503,Premium Raw Manuka Honey MGO 500+,Groceries,9,799,48.0,9,0
2025-10-29,SKU-GROC-503,Premium Raw Manuka Honey MGO 500+,Groceries,7,794,48.0,9,0
2025-10-30,SKU-GROC-503,Premium Raw Manuka Honey MGO 500+,Groceries,18,779,42.24,9,1
2025-10-31,SKU-GROC-503,Premium Raw Manuka Honey MGO 500+,Groceries,16,766,42.24,9,1
2025-11-01,SKU-GROC-503,Premium Raw Manuka Honey MGO 500+,Groceries,15,754,42.24,9,1
2025-11-02,SKU-GROC-503,Premium Raw Manuka Honey MGO 500+,Groceries,18,739,42.24,9,1
2025-11-03,SKU-GROC-503,Premium Raw Manuka Honey MGO 500+,Groceries,12,729,48.0,9,0
2025-11-04,SKU-GROC-503,Premium Raw Manuka Honey MGO 500+,Groceries,12,719,48.0,9,0
2025-11-05,SKU-GROC-503,Premium Raw Manuka Honey MGO 500+,Groceries,5,715,48.0,9,0
2025-11-06,SKU-GROC-503,Premium Raw Manuka Honey MGO 500+,Groceries,13,704,48.0,9,0
2025-11-07,SKU-GROC-503,Premium Raw Manuka Honey MGO 500+,Groceries,8,698,48.0,9,0
2025-11-08,SKU-GROC-503,Premium Raw Manuka Honey MGO 500+,Groceries,11,689,48.0,9,0
2025-11-09,SKU-GROC-503,Premium Raw Manuka Honey MGO 500+,Groceries,20,857,48.0,9,0
2025-11-10,SKU-GROC-503,Premium Raw Manuka Honey MGO 500+,Groceries,11,848,48.0,9,0
2025-11-11,SKU-GROC-503,Premium Raw Manuka Honey MGO 500+,Groceries,9,841,48.0,9,0
2025-11-12,SKU-GROC-503,Premium Raw Manuka Honey MGO 500+,Groceries,4,838,48.0,9,0
2025-11-13,SKU-GROC-503,Premium Raw Manuka Honey MGO 500+,Groceries,14,827,48.0,9,0
2025-11-14,SKU-GROC-503,Premium Raw Manuka Honey MGO 500+,Groceries,6,822,48.0,9,0
2025-11-15,SKU-GROC-503,Premium Raw Manuka Honey MGO 500+,Groceries,9,815,48.0,9,0
2025-11-16,SKU-GROC-503,Premium Raw Manuka Honey MGO 500+,Groceries,11,806,48.0,9,0
2025-11-17,SKU-GROC-503,Premium Raw Manuka Honey MGO 500+,Groceries,15,794,48.0,9,0
2025-11-18,SKU-GROC-503,Premium Raw Manuka Honey MGO 500+,Groceries,13,783,48.0,9,0
2025-11-19,SKU-GROC-503,Premium Raw Manuka Honey MGO 500+,Groceries,10,775,48.0,9,0
2025-11-20,SKU-GROC-503,Premium Raw Manuka Honey MGO 500+,Groceries,11,766,48.0,9,0
2025-11-21,SKU-GROC-503,Premium Raw Manuka Honey MGO 500+,Groceries,9,759,48.0,9,0
2025-11-22,SKU-GROC-503,Premium Raw Manuka Honey MGO 500+,Groceries,13,933,48.0,9,0
2025-11-23,SKU-GROC-503,Premium Raw Manuka Honey MGO 500+,Groceries,13,922,48.0,9,0
2025-11-24,SKU-GROC-503,Premium Raw Manuka Honey MGO 500+,Groceries,13,911,48.0,9,0
2025-11-25,SKU-GROC-503,Premium Raw Manuka Honey MGO 500+,Groceries,13,900,48.0,9,0
2025-11-26,SKU-GROC-503,Premium Raw Manuka Honey MGO 500+,Groceries,12,890,48.0,9,0
2025-11-27,SKU-GROC-503,Premium Raw Manuka Honey MGO 500+,Groceries,9,883,48.0,9,0
2025-11-28,SKU-GROC-503,Premium Raw Manuka Honey MGO 500+,Groceries,13,872,48.0,9,0
2025-11-29,SKU-GROC-503,Premium Raw Manuka Honey MGO 500+,Groceries,12,862,48.0,9,0
2025-11-30,SKU-GROC-503,Premium Raw Manuka Honey MGO 500+,Groceries,9,855,48.0,9,0
2025-12-01,SKU-GROC-503,Premium Raw Manuka Honey MGO 500+,Groceries,9,848,48.0,9,0
2025-12-02,SKU-GROC-503,Premium Raw Manuka Honey MGO 500+,Groceries,11,839,48.0,9,0
2025-12-03,SKU-GROC-503,Premium Raw Manuka Honey MGO 500+,Groceries,13,828,48.0,9,0
2025-12-04,SKU-GROC-503,Premium Raw Manuka Honey MGO 500+,Groceries,10,820,48.0,9,0
2025-12-05,SKU-GROC-503,Premium Raw Manuka Honey MGO 500+,Groceries,7,1000,48.0,9,0
2025-12-06,SKU-GROC-503,Premium Raw Manuka Honey MGO 500+,Groceries,13,989,48.0,9,0
2025-12-07,SKU-GROC-503,Premium Raw Manuka Honey MGO 500+,Groceries,13,978,48.0,9,0
2025-12-08,SKU-GROC-503,Premium Raw Manuka Honey MGO 500+,Groceries,11,969,48.0,9,0
2025-12-09,SKU-GROC-503,Premium Raw Manuka Honey MGO 500+,Groceries,14,958,48.0,9,0
2025-12-10,SKU-GROC-503,Premium Raw Manuka Honey MGO 500+,Groceries,14,947,48.0,9,0
2025-12-11,SKU-GROC-503,Premium Raw Manuka Honey MGO 500+,Groceries,9,940,48.0,9,0
2025-12-12,SKU-GROC-503,Premium Raw Manuka Honey MGO 500+,Groceries,9,933,48.0,9,0
2025-12-13,SKU-GROC-503,Premium Raw Manuka Honey MGO 500+,Groceries,10,925,48.0,9,0
2025-12-14,SKU-GROC-503,Premium Raw Manuka Honey MGO 500+,Groceries,15,913,48.0,9,0
2025-12-15,SKU-GROC-503,Premium Raw Manuka Honey MGO 500+,Groceries,15,901,48.0,9,0
2025-12-16,SKU-GROC-503,Premium Raw Manuka Honey MGO 500+,Groceries,10,893,48.0,9,0
2025-12-17,SKU-GROC-503,Premium Raw Manuka Honey MGO 500+,Groceries,14,882,42.24,9,1
2025-12-18,SKU-GROC-503,Premium Raw Manuka Honey MGO 500+,Groceries,19,1051,42.24,9,1
2025-12-19,SKU-GROC-503,Premium Raw Manuka Honey MGO 500+,Groceries,16,1038,42.24,9,1
2025-12-20,SKU-GROC-503,Premium Raw Manuka Honey MGO 500+,Groceries,19,1022,42.24,9,1
2025-12-21,SKU-GROC-503,Premium Raw Manuka Honey MGO 500+,Groceries,10,1014,48.0,9,0
2025-12-22,SKU-GROC-503,Premium Raw Manuka Honey MGO 500+,Groceries,13,1003,48.0,9,0
2025-12-23,SKU-GROC-503,Premium Raw Manuka Honey MGO 500+,Groceries,8,997,48.0,9,0
2025-12-24,SKU-GROC-503,Premium Raw Manuka Honey MGO 500+,Groceries,8,991,48.0,9,0
2025-12-25,SKU-GROC-503,Premium Raw Manuka Honey MGO 500+,Groceries,10,983,48.0,9,0
2025-12-26,SKU-GROC-503,Premium Raw Manuka Honey MGO 500+,Groceries,9,976,48.0,9,0
2025-12-27,SKU-GROC-503,Premium Raw Manuka Honey MGO 500+,Groceries,13,965,48.0,9,0
2025-12-28,SKU-GROC-503,Premium Raw Manuka Honey MGO 500+,Groceries,9,958,48.0,9,0
2025-12-29,SKU-GROC-503,Premium Raw Manuka Honey MGO 500+,Groceries,14,947,48.0,9,0
2025-12-30,SKU-GROC-503,Premium Raw Manuka Honey MGO 500+,Groceries,15,935,48.0,9,0
2025-12-31,SKU-GROC-503,Premium Raw Manuka Honey MGO 500+,Groceries,6,1115,48.0,9,0
2026-01-01,SKU-GROC-503,Premium Raw Manuka Honey MGO 500+,Groceries,14,1104,48.0,9,0
2026-01-02,SKU-GROC-503,Premium Raw Manuka Honey MGO 500+,Groceries,9,1097,48.0,9,0
2026-01-03,SKU-GROC-503,Premium Raw Manuka Honey MGO 500+,Groceries,16,1084,48.0,9,0
2026-01-04,SKU-GROC-503,Premium Raw Manuka Honey MGO 500+,Groceries,14,1073,48.0,9,0
2026-01-05,SKU-GROC-503,Premium Raw Manuka Honey MGO 500+,Groceries,12,1063,48.0,9,0
2026-01-06,SKU-GROC-503,Premium Raw Manuka Honey MGO 500+,Groceries,11,1054,48.0,9,0
2026-01-07,SKU-GROC-503,Premium Raw Manuka Honey MGO 500+,Groceries,15,1042,48.0,9,0
2026-01-08,SKU-GROC-503,Premium Raw Manuka Honey MGO 500+,Groceries,8,1036,48.0,9,0
2026-01-09,SKU-GROC-503,Premium Raw Manuka Honey MGO 500+,Groceries,13,1025,48.0,9,0
2026-01-10,SKU-GROC-503,Premium Raw Manuka Honey MGO 500+,Groceries,17,1011,48.0,9,0
2026-01-11,SKU-GROC-503,Premium Raw Manuka Honey MGO 500+,Groceries,16,998,48.0,9,0
2026-01-12,SKU-GROC-503,Premium Raw Manuka Honey MGO 500+,Groceries,19,982,48.0,9,0
2026-01-13,SKU-GROC-503,Premium Raw Manuka Honey MGO 500+,Groceries,10,1159,48.0,9,0
2026-01-14,SKU-GROC-503,Premium Raw Manuka Honey MGO 500+,Groceries,15,1147,48.0,9,0
2026-01-15,SKU-GROC-503,Premium Raw Manuka Honey MGO 500+,Groceries,11,1138,48.0,9,0
2026-01-16,SKU-GROC-503,Premium Raw Manuka Honey MGO 500+,Groceries,15,1126,48.0,9,0
2026-01-17,SKU-GROC-503,Premium Raw Manuka Honey MGO 500+,Groceries,14,1115,48.0,9,0
2026-01-18,SKU-GROC-503,Premium Raw Manuka Honey MGO 500+,Groceries,13,1104,48.0,9,0
2026-01-19,SKU-GROC-503,Premium Raw Manuka Honey MGO 500+,Groceries,16,1091,48.0,9,0
2026-01-20,SKU-GROC-503,Premium Raw Manuka Honey MGO 500+,Groceries,10,1083,48.0,9,0
2026-01-21,SKU-GROC-503,Premium Raw Manuka Honey MGO 500+,Groceries,8,1077,48.0,9,0
2026-01-22,SKU-GROC-503,Premium Raw Manuka Honey MGO 500+,Groceries,10,1069,48.0,9,0
2026-01-23,SKU-GROC-503,Premium Raw Manuka Honey MGO 500+,Groceries,14,1058,48.0,9,0
2026-01-24,SKU-GROC-503,Premium Raw Manuka Honey MGO 500+,Groceries,18,1043,48.0,9,0
2026-01-25,SKU-GROC-503,Premium Raw Manuka Honey MGO 500+,Groceries,15,1031,48.0,9,0
2026-01-26,SKU-GROC-503,Premium Raw Manuka Honey MGO 500+,Groceries,16,1203,48.0,9,0
2026-01-27,SKU-GROC-503,Premium Raw Manuka Honey MGO 500+,Groceries,8,1197,48.0,9,0
2026-01-28,SKU-GROC-503,Premium Raw Manuka Honey MGO 500+,Groceries,11,1188,48.0,9,0
2026-01-29,SKU-GROC-503,Premium Raw Manuka Honey MGO 500+,Groceries,11,1179,48.0,9,0
2026-01-30,SKU-GROC-503,Premium Raw Manuka Honey MGO 500+,Groceries,12,1169,48.0,9,0
2026-01-31,SKU-GROC-503,Premium Raw Manuka Honey MGO 500+,Groceries,15,1157,48.0,9,0
2026-02-01,SKU-GROC-503,Premium Raw Manuka Honey MGO 500+,Groceries,17,1143,48.0,9,0
2026-02-02,SKU-GROC-503,Premium Raw Manuka Honey MGO 500+,Groceries,11,1134,48.0,9,0
2026-02-03,SKU-GROC-503,Premium Raw Manuka Honey MGO 500+,Groceries,17,1120,42.24,9,1
2026-02-04,SKU-GROC-503,Premium Raw Manuka Honey MGO 500+,Groceries,16,1107,42.24,9,1
2026-02-05,SKU-GROC-503,Premium Raw Manuka Honey MGO 500+,Groceries,14,1096,42.24,9,1
2026-02-06,SKU-GROC-503,Premium Raw Manuka Honey MGO 500+,Groceries,16,1083,42.24,9,1
2026-02-07,SKU-GROC-503,Premium Raw Manuka Honey MGO 500+,Groceries,14,1072,48.0,9,0
2026-02-08,SKU-GROC-503,Premium Raw Manuka Honey MGO 500+,Groceries,14,1246,48.0,9,0
2026-02-09,SKU-GROC-503,Premium Raw Manuka Honey MGO 500+,Groceries,12,1236,48.0,9,0
2026-02-10,SKU-GROC-503,Premium Raw Manuka Honey MGO 500+,Groceries,12,1226,48.0,9,0
2026-02-11,SKU-GROC-503,Premium Raw Manuka Honey MGO 500+,Groceries,11,1217,48.0,9,0
2026-02-12,SKU-GROC-503,Premium Raw Manuka Honey MGO 500+,Groceries,16,1204,48.0,9,0
2026-02-13,SKU-GROC-503,Premium Raw Manuka Honey MGO 500+,Groceries,9,1197,48.0,9,0
2026-02-14,SKU-GROC-503,Premium Raw Manuka Honey MGO 500+,Groceries,13,1186,48.0,9,0
2026-02-15,SKU-GROC-503,Premium Raw Manuka Honey MGO 500+,Groceries,23,1167,48.0,9,0
2026-02-16,SKU-GROC-503,Premium Raw Manuka Honey MGO 500+,Groceries,9,1160,48.0,9,0
2026-02-17,SKU-GROC-503,Premium Raw Manuka Honey MGO 500+,Groceries,8,1154,48.0,9,0
2026-02-18,SKU-GROC-503,Premium Raw Manuka Honey MGO 500+,Groceries,15,1142,48.0,9,0
2026-02-19,SKU-GROC-503,Premium Raw Manuka Honey MGO 500+,Groceries,6,1137,48.0,9,0
2026-02-20,SKU-GROC-503,Premium Raw Manuka Honey MGO 500+,Groceries,12,1127,48.0,9,0
2026-02-21,SKU-GROC-503,Premium Raw Manuka Honey MGO 500+,Groceries,21,1295,48.0,9,0
2026-02-22,SKU-GROC-503,Premium Raw Manuka Honey MGO 500+,Groceries,10,1287,48.0,9,0
2026-02-23,SKU-GROC-503,Premium Raw Manuka Honey MGO 500+,Groceries,6,1282,48.0,9,0
2026-02-24,SKU-GROC-503,Premium Raw Manuka Honey MGO 500+,Groceries,8,1276,48.0,9,0
2026-02-25,SKU-GROC-503,Premium Raw Manuka Honey MGO 500+,Groceries,15,1264,48.0,9,0
2026-02-26,SKU-GROC-503,Premium Raw Manuka Honey MGO 500+,Groceries,16,1251,48.0,9,0
2026-02-27,SKU-GROC-503,Premium Raw Manuka Honey MGO 500+,Groceries,11,1242,48.0,9,0
2026-02-28,SKU-GROC-503,Premium Raw Manuka Honey MGO 500+,Groceries,17,1228,48.0,9,0
2026-03-01,SKU-GROC-503,Premium Raw Manuka Honey MGO 500+,Groceries,19,1212,48.0,9,0
2026-03-02,SKU-GROC-503,Premium Raw Manuka Honey MGO 500+,Groceries,18,1197,48.0,9,0
2026-03-03,SKU-GROC-503,Premium Raw Manuka Honey MGO 500+,Groceries,12,1187,48.0,9,0
2026-03-04,SKU-GROC-503,Premium Raw Manuka Honey MGO 500+,Groceries,6,1182,48.0,9,0
2026-03-05,SKU-GROC-503,Premium Raw Manuka Honey MGO 500+,Groceries,10,1174,48.0,9,0
2026-03-06,SKU-GROC-503,Premium Raw Manuka Honey MGO 500+,Groceries,11,1350,48.0,9,0
2026-03-07,SKU-GROC-503,Premium Raw Manuka Honey MGO 500+,Groceries,14,1339,48.0,9,0
2026-03-08,SKU-GROC-503,Premium Raw Manuka Honey MGO 500+,Groceries,14,1328,48.0,9,0
2026-03-09,SKU-GROC-503,Premium Raw Manuka Honey MGO 500+,Groceries,16,1315,48.0,9,0
2026-03-10,SKU-GROC-503,Premium Raw Manuka Honey MGO 500+,Groceries,16,1302,48.0,9,0
2026-03-11,SKU-GROC-503,Premium Raw Manuka Honey MGO 500+,Groceries,12,1292,48.0,9,0
2026-03-12,SKU-GROC-503,Premium Raw Manuka Honey MGO 500+,Groceries,16,1279,48.0,9,0
2026-03-13,SKU-GROC-503,Premium Raw Manuka Honey MGO 500+,Groceries,14,1268,48.0,9,0
2026-03-14,SKU-GROC-503,Premium Raw Manuka Honey MGO 500+,Groceries,15,1256,48.0,9,0
2026-03-15,SKU-GROC-503,Premium Raw Manuka Honey MGO 500+,Groceries,18,1241,48.0,9,0
2026-03-16,SKU-GROC-503,Premium Raw Manuka Honey MGO 500+,Groceries,13,1230,48.0,9,0
2026-03-17,SKU-GROC-503,Premium Raw Manuka Honey MGO 500+,Groceries,19,1214,48.0,9,0
2026-03-18,SKU-GROC-503,Premium Raw Manuka Honey MGO 500+,Groceries,8,1208,48.0,9,0
2026-03-19,SKU-GROC-503,Premium Raw Manuka Honey MGO 500+,Groceries,11,1384,48.0,9,0
2026-03-20,SKU-GROC-503,Premium Raw Manuka Honey MGO 500+,Groceries,12,1374,48.0,9,0
2026-03-21,SKU-GROC-503,Premium Raw Manuka Honey MGO 500+,Groceries,16,1361,48.0,9,0
2026-03-22,SKU-GROC-503,Premium Raw Manuka Honey MGO 500+,Groceries,19,1345,48.0,9,0
2026-03-23,SKU-GROC-503,Premium Raw Manuka Honey MGO 500+,Groceries,17,1331,42.24,9,1
2026-03-24,SKU-GROC-503,Premium Raw Manuka Honey MGO 500+,Groceries,12,1321,42.24,9,1
2026-03-25,SKU-GROC-503,Premium Raw Manuka Honey MGO 500+,Groceries,19,1305,42.24,9,1
2026-03-26,SKU-GROC-503,Premium Raw Manuka Honey MGO 500+,Groceries,19,1289,42.24,9,1
2026-03-27,SKU-GROC-503,Premium Raw Manuka Honey MGO 500+,Groceries,7,1284,48.0,9,0
2026-03-28,SKU-GROC-503,Premium Raw Manuka Honey MGO 500+,Groceries,15,1272,48.0,9,0
2026-03-29,SKU-GROC-503,Premium Raw Manuka Honey MGO 500+,Groceries,10,1264,48.0,9,0
2026-03-30,SKU-GROC-503,Premium Raw Manuka Honey MGO 500+,Groceries,10,1256,48.0,9,0
2026-03-31,SKU-GROC-503,Premium Raw Manuka Honey MGO 500+,Groceries,10,1248,48.0,9,0
2026-04-01,SKU-GROC-503,Premium Raw Manuka Honey MGO 500+,Groceries,15,1421,48.0,9,0
2026-04-02,SKU-GROC-503,Premium Raw Manuka Honey MGO 500+,Groceries,13,1410,48.0,9,0
2026-04-03,SKU-GROC-503,Premium Raw Manuka Honey MGO 500+,Groceries,8,1404,48.0,9,0
2026-04-04,SKU-GROC-503,Premium Raw Manuka Honey MGO 500+,Groceries,17,1390,48.0,9,0
2026-04-05,SKU-GROC-503,Premium Raw Manuka Honey MGO 500+,Groceries,10,1382,48.0,9,0
2026-04-06,SKU-GROC-503,Premium Raw Manuka Honey MGO 500+,Groceries,13,1371,48.0,9,0
2026-04-07,SKU-GROC-503,Premium Raw Manuka Honey MGO 500+,Groceries,10,1363,48.0,9,0
2026-04-08,SKU-GROC-503,Premium Raw Manuka Honey MGO 500+,Groceries,11,1354,48.0,9,0
2026-04-09,SKU-GROC-503,Premium Raw Manuka Honey MGO 500+,Groceries,14,1343,48.0,9,0
2026-04-10,SKU-GROC-503,Premium Raw Manuka Honey MGO 500+,Groceries,14,1332,48.0,9,0
2026-04-11,SKU-GROC-503,Premium Raw Manuka Honey MGO 500+,Groceries,19,1316,48.0,9,0
2026-04-12,SKU-GROC-503,Premium Raw Manuka Honey MGO 500+,Groceries,14,1305,48.0,9,0
2026-04-13,SKU-GROC-503,Premium Raw Manuka Honey MGO 500+,Groceries,13,1294,48.0,9,0
2026-04-14,SKU-GROC-503,Premium Raw Manuka Honey MGO 500+,Groceries,11,1470,48.0,9,0
2026-04-15,SKU-GROC-503,Premium Raw Manuka Honey MGO 500+,Groceries,13,1459,48.0,9,0
2026-04-16,SKU-GROC-503,Premium Raw Manuka Honey MGO 500+,Groceries,13,1448,48.0,9,0
2026-04-17,SKU-GROC-503,Premium Raw Manuka Honey MGO 500+,Groceries,12,1438,48.0,9,0
2026-04-18,SKU-GROC-503,Premium Raw Manuka Honey MGO 500+,Groceries,9,1431,48.0,9,0
2026-04-19,SKU-GROC-503,Premium Raw Manuka Honey MGO 500+,Groceries,15,1419,48.0,9,0
2026-04-20,SKU-GROC-503,Premium Raw Manuka Honey MGO 500+,Groceries,13,1408,48.0,9,0
2026-04-21,SKU-GROC-503,Premium Raw Manuka Honey MGO 500+,Groceries,10,1400,48.0,9,0
2026-04-22,SKU-GROC-503,Premium Raw Manuka Honey MGO 500+,Groceries,8,1394,48.0,9,0
2026-04-23,SKU-GROC-503,Premium Raw Manuka Honey MGO 500+,Groceries,16,1381,48.0,9,0
2026-04-24,SKU-GROC-503,Premium Raw Manuka Honey MGO 500+,Groceries,13,1370,48.0,9,0
2026-04-25,SKU-GROC-503,Premium Raw Manuka Honey MGO 500+,Groceries,14,1359,48.0,9,0
2026-04-26,SKU-GROC-503,Premium Raw Manuka Honey MGO 500+,Groceries,11,1350,48.0,9,0
2026-04-27,SKU-GROC-503,Premium Raw Manuka Honey MGO 500+,Groceries,9,1528,48.0,9,0
2026-04-28,SKU-GROC-503,Premium Raw Manuka Honey MGO 500+,Groceries,16,1515,48.0,9,0
2026-04-29,SKU-GROC-503,Premium Raw Manuka Honey MGO 500+,Groceries,12,1505,48.0,9,0
2026-04-30,SKU-GROC-503,Premium Raw Manuka Honey MGO 500+,Groceries,10,1497,48.0,9,0
2026-05-01,SKU-GROC-503,Premium Raw Manuka Honey MGO 500+,Groceries,13,1486,48.0,9,0
2026-05-02,SKU-GROC-503,Premium Raw Manuka Honey MGO 500+,Groceries,12,1476,48.0,9,0
2026-05-03,SKU-GROC-503,Premium Raw Manuka Honey MGO 500+,Groceries,19,1460,48.0,9,0
2026-05-04,SKU-GROC-503,Premium Raw Manuka Honey MGO 500+,Groceries,16,1447,48.0,9,0
2026-05-05,SKU-GROC-503,Premium Raw Manuka Honey MGO 500+,Groceries,10,1439,48.0,9,0
2026-05-06,SKU-GROC-503,Premium Raw Manuka Honey MGO 500+,Groceries,10,1431,48.0,9,0
2026-05-07,SKU-GROC-503,Premium Raw Manuka Honey MGO 500+,Groceries,4,1428,48.0,9,0
2026-05-08,SKU-GROC-503,Premium Raw Manuka Honey MGO 500+,Groceries,7,1423,48.0,9,0
2026-05-09,SKU-GROC-503,Premium Raw Manuka Honey MGO 500+,Groceries,10,1415,48.0,9,0
2026-05-10,SKU-GROC-503,Premium Raw Manuka Honey MGO 500+,Groceries,19,1584,42.24,9,1
2026-05-11,SKU-GROC-503,Premium Raw Manuka Honey MGO 500+,Groceries,14,1573,42.24,9,1
2026-05-12,SKU-GROC-503,Premium Raw Manuka Honey MGO 500+,Groceries,11,1564,42.24,9,1
2026-05-13,SKU-GROC-503,Premium Raw Manuka Honey MGO 500+,Groceries,15,1552,42.24,9,1
2026-05-14,SKU-GROC-503,Premium Raw Manuka Honey MGO 500+,Groceries,13,1541,48.0,9,0
2026-05-15,SKU-GROC-503,Premium Raw Manuka Honey MGO 500+,Groceries,13,1530,48.0,9,0
2026-05-16,SKU-GROC-503,Premium Raw Manuka Honey MGO 500+,Groceries,8,1524,48.0,9,0
2026-05-17,SKU-GROC-503,Premium Raw Manuka Honey MGO 500+,Groceries,13,1513,48.0,9,0
2026-05-18,SKU-GROC-503,Premium Raw Manuka Honey MGO 500+,Groceries,7,1508,48.0,9,0
2026-05-19,SKU-GROC-503,Premium Raw Manuka Honey MGO 500+,Groceries,14,1497,48.0,9,0
2026-05-20,SKU-GROC-503,Premium Raw Manuka Honey MGO 500+,Groceries,14,1486,48.0,9,0
2026-05-21,SKU-GROC-503,Premium Raw Manuka Honey MGO 500+,Groceries,8,1480,48.0,9,0
2026-05-22,SKU-GROC-503,Premium Raw Manuka Honey MGO 500+,Groceries,9,1473,48.0,9,0
2026-05-23,SKU-GROC-503,Premium Raw Manuka Honey MGO 500+,Groceries,12,1648,48.0,9,0
2026-05-24,SKU-GROC-503,Premium Raw Manuka Honey MGO 500+,Groceries,6,1643,48.0,9,0
2026-05-25,SKU-GROC-503,Premium Raw Manuka Honey MGO 500+,Groceries,12,1633,48.0,9,0
2026-05-26,SKU-GROC-503,Premium Raw Manuka Honey MGO 500+,Groceries,10,1625,48.0,9,0
2026-05-27,SKU-GROC-503,Premium Raw Manuka Honey MGO 500+,Groceries,14,1614,48.0,9,0
2026-05-28,SKU-GROC-503,Premium Raw Manuka Honey MGO 500+,Groceries,8,1608,48.0,9,0
2026-05-29,SKU-GROC-503,Premium Raw Manuka Honey MGO 500+,Groceries,9,1601,48.0,9,0
2026-05-30,SKU-GROC-503,Premium Raw Manuka Honey MGO 500+,Groceries,8,1595,48.0,9,0
2026-05-31,SKU-GROC-503,Premium Raw Manuka Honey MGO 500+,Groceries,10,1587,48.0,9,0
2026-06-01,SKU-GROC-503,Premium Raw Manuka Honey MGO 500+,Groceries,7,1582,48.0,9,0
2026-06-02,SKU-GROC-503,Premium Raw Manuka Honey MGO 500+,Groceries,14,1571,48.0,9,0
2026-06-03,SKU-GROC-503,Premium Raw Manuka Honey MGO 500+,Groceries,9,1564,48.0,9,0
2026-06-04,SKU-GROC-503,Premium Raw Manuka Honey MGO 500+,Groceries,11,1555,48.0,9,0
2026-06-05,SKU-GROC-503,Premium Raw Manuka Honey MGO 500+,Groceries,9,1733,48.0,9,0
2026-06-06,SKU-GROC-503,Premium Raw Manuka Honey MGO 500+,Groceries,9,1726,48.0,9,0
2026-06-07,SKU-GROC-503,Premium Raw Manuka Honey MGO 500+,Groceries,12,1716,48.0,9,0
2026-06-08,SKU-GROC-503,Premium Raw Manuka Honey MGO 500+,Groceries,12,1706,48.0,9,0
2026-06-09,SKU-GROC-503,Premium Raw Manuka Honey MGO 500+,Groceries,7,1701,48.0,9,0
2026-06-10,SKU-GROC-503,Premium Raw Manuka Honey MGO 500+,Groceries,13,1690,48.0,9,0
2026-06-11,SKU-GROC-503,Premium Raw Manuka Honey MGO 500+,Groceries,8,1684,48.0,9,0
2026-06-12,SKU-GROC-503,Premium Raw Manuka Honey MGO 500+,Groceries,9,1677,48.0,9,0
2026-06-13,SKU-GROC-503,Premium Raw Manuka Honey MGO 500+,Groceries,14,1666,48.0,9,0
2026-06-14,SKU-GROC-503,Premium Raw Manuka Honey MGO 500+,Groceries,10,1658,48.0,9,0
2026-06-15,SKU-GROC-503,Premium Raw Manuka Honey MGO 500+,Groceries,6,1653,48.0,9,0
2026-06-16,SKU-GROC-503,Premium Raw Manuka Honey MGO 500+,Groceries,5,1649,48.0,9,0
2026-06-17,SKU-GROC-503,Premium Raw Manuka Honey MGO 500+,Groceries,6,1644,48.0,9,0
2026-06-18,SKU-GROC-503,Premium Raw Manuka Honey MGO 500+,Groceries,0,1829,48.0,9,0
2026-06-19,SKU-GROC-503,Premium Raw Manuka Honey MGO 500+,Groceries,1,1829,48.0,9,0
2026-06-20,SKU-GROC-503,Premium Raw Manuka Honey MGO 500+,Groceries,9,1822,48.0,9,0
2026-06-21,SKU-GROC-503,Premium Raw Manuka Honey MGO 500+,Groceries,10,1814,48.0,9,0
2026-06-22,SKU-GROC-503,Premium Raw Manuka Honey MGO 500+,Groceries,3,1812,48.0,9,0
2026-06-23,SKU-GROC-503,Premium Raw Manuka Honey MGO 500+,Groceries,5,1808,48.0,9,0
2026-06-24,SKU-GROC-503,Premium Raw Manuka Honey MGO 500+,Groceries,7,1803,48.0,9,0
